  0
SECTION
  2
HEADER
  9
$ACADVER
  1
AC1032
  9
$ACADMAINTVER
 90
      329
  9
$DWGCODEPAGE
  3
ANSI_932
  9
$REQUIREDVERSIONS
160
                 0
  9
$INSBASE
 10
0.0
 20
0.0
 30
0.0
  9
$EXTMIN
 10
0.0
 20
0.0
 30
0.0
  9
$EXTMAX
 10
133.4422219765269
 20
158.8378595946191
 30
0.0
  9
$LIMMIN
 10
0.0
 20
0.0
  9
$LIMMAX
 10
133.4422219765269
 20
158.8378595946191
  9
$ORTHOMODE
 70
     0
  9
$REGENMODE
 70
     1
  9
$FILLMODE
 70
     1
  9
$QTEXTMODE
 70
     0
  9
$MIRRTEXT
 70
     0
  9
$LTSCALE
 40
1.0
  9
$ATTMODE
 70
     1
  9
$TEXTSIZE
 40
0.2
  9
$TRACEWID
 40
0.05
  9
$TEXTSTYLE
  7
Standard
  9
$CLAYER
  8
0
  9
$CELTYPE
  6
ByLayer
  9
$CECOLOR
 62
   256
  9
$CELTSCALE
 40
1.0
  9
$DISPSILH
 70
     0
  9
$DIMSCALE
 40
1.0
  9
$DIMASZ
 40
0.18
  9
$DIMEXO
 40
0.0625
  9
$DIMDLI
 40
0.38
  9
$DIMRND
 40
0.0
  9
$DIMDLE
 40
0.0
  9
$DIMEXE
 40
0.18
  9
$DIMTP
 40
0.0
  9
$DIMTM
 40
0.0
  9
$DIMTXT
 40
0.18
  9
$DIMCEN
 40
0.09
  9
$DIMTSZ
 40
0.0
  9
$DIMTOL
 70
     0
  9
$DIMLIM
 70
     0
  9
$DIMTIH
 70
     1
  9
$DIMTOH
 70
     1
  9
$DIMSE1
 70
     0
  9
$DIMSE2
 70
     0
  9
$DIMTAD
 70
     0
  9
$DIMZIN
 70
     0
  9
$DIMBLK
  1

  9
$DIMASO
 70
     1
  9
$DIMSHO
 70
     1
  9
$DIMPOST
  1

  9
$DIMAPOST
  1

  9
$DIMALT
 70
     0
  9
$DIMALTD
 70
     2
  9
$DIMALTF
 40
25.4
  9
$DIMLFAC
 40
1.0
  9
$DIMTOFL
 70
     0
  9
$DIMTVP
 40
0.0
  9
$DIMTIX
 70
     0
  9
$DIMSOXD
 70
     0
  9
$DIMSAH
 70
     0
  9
$DIMBLK1
  1

  9
$DIMBLK2
  1

  9
$DIMSTYLE
  2
Standard
  9
$DIMCLRD
 70
     0
  9
$DIMCLRE
 70
     0
  9
$DIMCLRT
 70
     0
  9
$DIMTFAC
 40
1.0
  9
$DIMGAP
 40
0.09
  9
$DIMJUST
 70
     0
  9
$DIMSD1
 70
     0
  9
$DIMSD2
 70
     0
  9
$DIMTOLJ
 70
     1
  9
$DIMTZIN
 70
     0
  9
$DIMALTZ
 70
     0
  9
$DIMALTTZ
 70
     0
  9
$DIMUPT
 70
     0
  9
$DIMDEC
 70
     4
  9
$DIMTDEC
 70
     4
  9
$DIMALTU
 70
     2
  9
$DIMALTTD
 70
     2
  9
$DIMTXSTY
  7
Standard
  9
$DIMAUNIT
 70
     0
  9
$DIMADEC
 70
     0
  9
$DIMALTRND
 40
0.0
  9
$DIMAZIN
 70
     0
  9
$DIMDSEP
 70
    46
  9
$DIMATFIT
 70
     3
  9
$DIMFRAC
 70
     0
  9
$DIMLDRBLK
  1

  9
$DIMLUNIT
 70
     2
  9
$DIMLWD
 70
    -2
  9
$DIMLWE
 70
    -2
  9
$DIMTMOVE
 70
     0
  9
$DIMFXL
 40
1.0
  9
$DIMFXLON
 70
     0
  9
$DIMJOGANG
 40
0.7853981633974483
  9
$DIMTFILL
 70
     0
  9
$DIMTFILLCLR
 70
     0
  9
$DIMARCSYM
 70
     0
  9
$DIMLTYPE
  6

  9
$DIMLTEX1
  6

  9
$DIMLTEX2
  6

  9
$DIMTXTDIRECTION
 70
     0
  9
$LUNITS
 70
     2
  9
$LUPREC
 70
     4
  9
$SKETCHINC
 40
0.1
  9
$FILLETRAD
 40
0.0
  9
$AUNITS
 70
     0
  9
$AUPREC
 70
     0
  9
$MENU
  1
.
  9
$ELEVATION
 40
0.0
  9
$PELEVATION
 40
0.0
  9
$THICKNESS
 40
0.0
  9
$LIMCHECK
 70
     0
  9
$CHAMFERA
 40
0.0
  9
$CHAMFERB
 40
0.0
  9
$CHAMFERC
 40
0.0
  9
$CHAMFERD
 40
0.0
  9
$SKPOLY
 70
     0
  9
$TDCREATE
 40
2461313.185231482
  9
$TDUCREATE
 40
2461312.810231482
  9
$TDUPDATE
 40
2461313.185231482
  9
$TDUUPDATE
 40
2461312.810231482
  9
$TDINDWG
 40
0.0000462963
  9
$TDUSRTIMER
 40
0.0000462963
  9
$USRTIMER
 70
     1
  9
$ANGBASE
 50
0.0
  9
$ANGDIR
 70
     0
  9
$PDMODE
 70
     0
  9
$PDSIZE
 40
0.0
  9
$PLINEWID
 40
0.0
  9
$SPLFRAME
 70
     0
  9
$SPLINETYPE
 70
     6
  9
$SPLINESEGS
 70
     8
  9
$HANDSEED
  5
672
  9
$SURFTAB1
 70
     6
  9
$SURFTAB2
 70
     6
  9
$SURFTYPE
 70
     6
  9
$SURFU
 70
     6
  9
$SURFV
 70
     6
  9
$UCSBASE
  2

  9
$UCSNAME
  2

  9
$UCSORG
 10
0.0
 20
0.0
 30
0.0
  9
$UCSXDIR
 10
1.0
 20
0.0
 30
0.0
  9
$UCSYDIR
 10
0.0
 20
1.0
 30
0.0
  9
$UCSORTHOREF
  2

  9
$UCSORTHOVIEW
 70
     0
  9
$UCSORGTOP
 10
0.0
 20
0.0
 30
0.0
  9
$UCSORGBOTTOM
 10
0.0
 20
0.0
 30
0.0
  9
$UCSORGLEFT
 10
0.0
 20
0.0
 30
0.0
  9
$UCSORGRIGHT
 10
0.0
 20
0.0
 30
0.0
  9
$UCSORGFRONT
 10
0.0
 20
0.0
 30
0.0
  9
$UCSORGBACK
 10
0.0
 20
0.0
 30
0.0
  9
$PUCSBASE
  2

  9
$PUCSNAME
  2

  9
$PUCSORG
 10
0.0
 20
0.0
 30
0.0
  9
$PUCSXDIR
 10
1.0
 20
0.0
 30
0.0
  9
$PUCSYDIR
 10
0.0
 20
1.0
 30
0.0
  9
$PUCSORTHOREF
  2

  9
$PUCSORTHOVIEW
 70
     0
  9
$PUCSORGTOP
 10
0.0
 20
0.0
 30
0.0
  9
$PUCSORGBOTTOM
 10
0.0
 20
0.0
 30
0.0
  9
$PUCSORGLEFT
 10
0.0
 20
0.0
 30
0.0
  9
$PUCSORGRIGHT
 10
0.0
 20
0.0
 30
0.0
  9
$PUCSORGFRONT
 10
0.0
 20
0.0
 30
0.0
  9
$PUCSORGBACK
 10
0.0
 20
0.0
 30
0.0
  9
$USERI1
 70
     0
  9
$USERI2
 70
     0
  9
$USERI3
 70
     0
  9
$USERI4
 70
     0
  9
$USERI5
 70
     0
  9
$USERR1
 40
0.0
  9
$USERR2
 40
0.0
  9
$USERR3
 40
0.0
  9
$USERR4
 40
0.0
  9
$USERR5
 40
0.0
  9
$WORLDVIEW
 70
     1
  9
$SHADEDGE
 70
     3
  9
$SHADEDIF
 70
    70
  9
$TILEMODE
 70
     1
  9
$MAXACTVP
 70
    64
  9
$PINSBASE
 10
0.0
 20
0.0
 30
0.0
  9
$PLIMCHECK
 70
     0
  9
$PEXTMIN
 10
0.0
 20
0.0
 30
0.0
  9
$PEXTMAX
 10
133.4422219765269
 20
158.8378595946191
 30
0.0
  9
$PLIMMIN
 10
0.0
 20
0.0
  9
$PLIMMAX
 10
133.4422219765269
 20
158.8378595946191
  9
$UNITMODE
 70
     0
  9
$VISRETAIN
 70
     1
  9
$PLINEGEN
 70
     0
  9
$PSLTSCALE
 70
     1
  9
$TREEDEPTH
 70
  3020
  9
$CMLSTYLE
  2
Standard
  9
$CMLJUST
 70
     0
  9
$CMLSCALE
 40
1.0
  9
$PROXYGRAPHICS
 70
     1
  9
$MEASUREMENT
 70
     1
  9
$CELWEIGHT
370
    -1
  9
$ENDCAPS
280
     0
  9
$JOINSTYLE
280
     0
  9
$LWDISPLAY
290
     0
  9
$INSUNITS
 70
     4
  9
$HYPERLINKBASE
  1

  9
$STYLESHEET
  1

  9
$XEDIT
290
     1
  9
$CEPSNTYPE
380
     0
  9
$PSTYLEMODE
290
     1
  9
$FINGERPRINTGUID
  2
{2342F57A-DA3F-7D40-8FA1-D6C0C3B0D7DA}
  9
$VERSIONGUID
  2
{901C564C-8F3B-A844-B129-841195C15889}
  9
$EXTNAMES
290
     1
  9
$PSVPSCALE
 40
0.0
  9
$OLESTARTUP
290
     0
  9
$SORTENTS
280
   127
  9
$INDEXCTL
280
     0
  9
$HIDETEXT
280
     1
  9
$XCLIPFRAME
280
     2
  9
$HALOGAP
280
     0
  9
$OBSCOLOR
 70
   257
  9
$OBSLTYPE
280
     0
  9
$INTERSECTIONDISPLAY
280
     0
  9
$INTERSECTIONCOLOR
 70
   257
  9
$DIMASSOC
280
     1
  9
$PROJECTNAME
  1

  9
$CAMERADISPLAY
290
     0
  9
$LENSLENGTH
 40
50.0
  9
$CAMERAHEIGHT
 40
0.0
  9
$STEPSPERSEC
 40
2.0
  9
$STEPSIZE
 40
6.0
  9
$3DDWFPREC
 40
2.0
  9
$PSOLWIDTH
 40
0.25
  9
$PSOLHEIGHT
 40
4.0
  9
$LOFTANG1
 40
1.570796326794896
  9
$LOFTANG2
 40
1.570796326794896
  9
$LOFTMAG1
 40
0.0
  9
$LOFTMAG2
 40
0.0
  9
$LOFTPARAM
 70
     7
  9
$LOFTNORMALS
280
     1
  9
$LATITUDE
 40
37.795
  9
$LONGITUDE
 40
-122.394
  9
$NORTHDIRECTION
 40
0.0
  9
$TIMEZONE
 70
 -8000
  9
$LIGHTGLYPHDISPLAY
280
     1
  9
$TILEMODELIGHTSYNCH
280
     1
  9
$CMATERIAL
347
11
  9
$SOLIDHIST
280
     0
  9
$SHOWHIST
280
     1
  9
$DWFFRAME
280
     2
  9
$DGNFRAME
280
     0
  9
$REALWORLDSCALE
290
     1
  9
$INTERFERECOLOR
 62
     1
  9
$INTERFEREOBJVS
345
33
  9
$INTERFEREVPVS
346
30
  9
$CSHADOW
280
     0
  9
$SHADOWPLANELOCATION
 40
0.0
  0
ENDSEC
  0
SECTION
  2
CLASSES
  0
CLASS
  1
ACDBDICTIONARYWDFLT
  2
AcDbDictionaryWithDefault
  3
ObjectDBX Classes
 90
        0
 91
        1
280
     0
281
     0
  0
CLASS
  1
MATERIAL
  2
AcDbMaterial
  3
ObjectDBX Classes
 90
     1153
 91
        3
280
     0
281
     0
  0
CLASS
  1
VISUALSTYLE
  2
AcDbVisualStyle
  3
ObjectDBX Classes
 90
     4095
 91
       24
280
     0
281
     0
  0
CLASS
  1
SCALE
  2
AcDbScale
  3
ObjectDBX Classes
 90
     1153
 91
       17
280
     0
281
     0
  0
CLASS
  1
TABLESTYLE
  2
AcDbTableStyle
  3
ObjectDBX Classes
 90
     4095
 91
        1
280
     0
281
     0
  0
CLASS
  1
MLEADERSTYLE
  2
AcDbMLeaderStyle
  3
ACDB_MLEADERSTYLE_CLASS
 90
     4095
 91
        1
280
     0
281
     0
  0
CLASS
  1
ACDBSECTIONVIEWSTYLE
  2
AcDbSectionViewStyle
  3
ObjectDBX Classes
 90
     1025
 91
        1
280
     0
281
     0
  0
CLASS
  1
ACDBDETAILVIEWSTYLE
  2
AcDbDetailViewStyle
  3
ObjectDBX Classes
 90
     1025
 91
        1
280
     0
281
     0
  0
CLASS
  1
DICTIONARYVAR
  2
AcDbDictionaryVar
  3
ObjectDBX Classes
 90
        0
 91
        5
280
     0
281
     0
  0
CLASS
  1
CELLSTYLEMAP
  2
AcDbCellStyleMap
  3
ObjectDBX Classes
 90
     1152
 91
        1
280
     0
281
     0
  0
ENDSEC
  0
SECTION
  2
TABLES
  0
TABLE
  2
VPORT
  5
8
330
0
100
AcDbSymbolTable
 70
     1
  0
VPORT
  5
57
330
8
100
AcDbSymbolTableRecord
100
AcDbViewportTableRecord
  2
*Active
 70
     0
 10
0.0
 20
0.0
 11
1.0
 21
1.0
 12
15.7853607408237
 22
25.54104681890977
 13
0.0
 23
0.0
 14
1.0
 24
1.0
 15
0.0
 25
0.0
 16
0.0
 26
0.0
 36
1.0
 17
0.0
 27
0.0
 37
0.0
 40
158.8378595946191
 41
0.8401159667921355
 42
50.0
 43
0.0
 44
0.0
 50
0.0
 51
0.0
 71
     0
 72
   100
 73
     1
 74
     1
 75
     0
 76
     0
 77
     0
 78
     0
281
     0
 65
     1
110
0.0
120
0.0
130
0.0
111
1.0
121
0.0
131
0.0
112
0.0
122
1.0
132
0.0
 79
     0
146
0.0
 60
     3
 61
     5
292
     1
282
     1
141
0.0
142
0.0
 63
   250
421
  3355443
  0
ENDTAB
  0
TABLE
  2
LTYPE
  5
5
330
0
100
AcDbSymbolTable
 70
    59
  0
LTYPE
  5
5B
330
5
100
AcDbSymbolTableRecord
100
AcDbLinetypeTableRecord
  2
ByBlock
 70
     0
  3

 72
    65
 73
     0
 40
0.0
  0
LTYPE
  5
5C
330
5
100
AcDbSymbolTableRecord
100
AcDbLinetypeTableRecord
  2
ByLayer
 70
     0
  3

 72
    65
 73
     0
 40
0.0
  0
LTYPE
  5
5D
330
5
100
AcDbSymbolTableRecord
100
AcDbLinetypeTableRecord
  2
Continuous
 70
     0
  3
Solid line
 72
    65
 73
     0
 40
0.0
  0
LTYPE
  5
78
330
5
100
AcDbSymbolTableRecord
100
AcDbLinetypeTableRecord
  2
BY_STANDARD
 70
     0
  3
By Standard ____________    ____    ____   _
 72
    65
 73
     6
 40
1.240299999999999
 49
0.6614
 74
     0
 49
-0.0827
 74
     0
 49
0.1654
 74
     0
 49
-0.0827
 74
     0
 49
0.1654
 74
     0
 49
-0.0827
 74
     0
  0
LTYPE
  5
79
330
5
100
AcDbSymbolTableRecord
100
AcDbLinetypeTableRecord
  2
CHAIN
 70
     0
  3
Chain ____ _ ____ _ ____ _ ____ _ ____ _ ____
 72
    65
 73
     4
 40
0.7087
 49
0.4724000000000001
 74
     0
 49
-0.0591
 74
     0
 49
0.1181
 74
     0
 49
-0.0591
 74
     0
  0
LTYPE
  5
7A
330
5
100
AcDbSymbolTableRecord
100
AcDbLinetypeTableRecord
  2
DASH_DOT
 70
     0
  3
Dash dot __ . __ . __ . __ . __ . __ . __ . __
 72
    65
 73
     4
 40
0.37
 49
0.24
 74
     0
 49
-0.06
 74
     0
 49
0.01
 74
     0
 49
-0.06
 74
     0
  0
LTYPE
  5
7B
330
5
100
AcDbSymbolTableRecord
100
AcDbLinetypeTableRecord
  2
DOUBLE_DASH_DOT
 70
     0
  3
Double-Dash Dot __ __ . __ __ . __ __ . __ _
 72
    65
 73
     6
 40
0.4398
 49
0.24
 74
     0
 49
-0.06
 74
     0
 49
0.0098
 74
     0
 49
-0.06
 74
     0
 49
0.01
 74
     0
 49
-0.06
 74
     0
  0
LTYPE
  5
7C
330
5
100
AcDbSymbolTableRecord
100
AcDbLinetypeTableRecord
  2
DASH_TRIPLE_DOT
 70
     0
  3
Dash Triple-Dot _ . . . _ . . . _ . . . _
 72
    65
 73
     8
 40
0.51
 49
0.24
 74
     0
 49
-0.06
 74
     0
 49
0.01
 74
     0
 49
-0.06
 74
     0
 49
0.01
 74
     0
 49
-0.06
 74
     0
 49
0.01
 74
     0
 49
-0.06
 74
     0
  0
LTYPE
  5
7D
330
5
100
AcDbSymbolTableRecord
100
AcDbLinetypeTableRecord
  2
DASHED
 70
     0
  3
Dashed __ __ __ __ __ __ __ __ __ __ __ __ __ _
 72
    65
 73
     2
 40
0.2067
 49
0.1654
 74
     0
 49
-0.0413
 74
     0
  0
LTYPE
  5
7E
330
5
100
AcDbSymbolTableRecord
100
AcDbLinetypeTableRecord
  2
DASH_DOUBLE_DOT
 70
     0
  3
Dash Double-Dot __ . . __ . . __ . . __ . .
 72
    65
 73
     6
 40
0.4398
 49
0.24
 74
     0
 49
-0.06
 74
     0
 49
0.0098
 74
     0
 49
-0.06
 74
     0
 49
0.01
 74
     0
 49
-0.06
 74
     0
  0
LTYPE
  5
7F
330
5
100
AcDbSymbolTableRecord
100
AcDbLinetypeTableRecord
  2
DASHED_SPACE
 70
     0
  3
Dashed Space __ __ __ __ __ __ __ __ __ __ __ _
 72
    65
 73
     2
 40
0.2067
 49
0.1654
 74
     0
 49
-0.0413
 74
     0
  0
LTYPE
  5
80
330
5
100
AcDbSymbolTableRecord
100
AcDbLinetypeTableRecord
  2
DOTTED
 70
     0
  3
Dotted . . . . . . . . . . . . . . . . . . . . 
 72
    65
 73
     2
 40
0.0482
 49
0.0069
 74
     0
 49
-0.0413
 74
     0
  0
LTYPE
  5
81
330
5
100
AcDbSymbolTableRecord
100
AcDbLinetypeTableRecord
  2
DOUBLE_DASH_CHAIN
 70
     0
  3
Double-Dash Chain ______  __  __  ______  __  _
 72
    65
 73
     6
 40
1.240299999999999
 49
0.6614
 74
     0
 49
-0.0827
 74
     0
 49
0.1654
 74
     0
 49
-0.0827
 74
     0
 49
0.1654
 74
     0
 49
-0.0827
 74
     0
  0
LTYPE
  5
83
330
5
100
AcDbSymbolTableRecord
100
AcDbLinetypeTableRecord
  2
DOUBLE_DASH_DOUBLE_DOT
 70
     0
  3
Double-Dash Double-dot _ _ . . _ _ . . _
 72
    65
 73
     8
 40
0.7400000000000001
 49
0.24
 74
     0
 49
-0.06
 74
     0
 49
0.24
 74
     0
 49
-0.06
 74
     0
 49
0.01
 74
     0
 49
-0.06
 74
     0
 49
0.01
 74
     0
 49
-0.06
 74
     0
  0
LTYPE
  5
84
330
5
100
AcDbSymbolTableRecord
100
AcDbLinetypeTableRecord
  2
DOUBLE_DASH_TRIPLE_DOT
 70
     0
  3
Double Dash Triple Dot __ __ . . . __ __ . .
 72
    65
 73
    10
 40
0.8100000000000001
 49
0.24
 74
     0
 49
-0.06
 74
     0
 49
0.24
 74
     0
 49
-0.06
 74
     0
 49
0.01
 74
     0
 49
-0.06
 74
     0
 49
0.01
 74
     0
 49
-0.06
 74
     0
 49
0.01
 74
     0
 49
-0.06
 74
     0
  0
LTYPE
  5
85
330
5
100
AcDbSymbolTableRecord
100
AcDbLinetypeTableRecord
  2
LONG_DASH_DOTTED
 70
     0
  3
Long Dash Dotted ____ . ____ . ____ . ____ . _
 72
    65
 73
     4
 40
0.3543
 49
0.2362
 74
     0
 49
-0.0295
 74
     0
 49
0.0591
 74
     0
 49
-0.0295
 74
     0
  0
LTYPE
  5
86
330
5
100
AcDbSymbolTableRecord
100
AcDbLinetypeTableRecord
  2
LONG_DASH_DOUBLE_DOT
 70
     0
  3
Long Dash Double Dot ________  .  .  ________  
 72
    65
 73
     6
 40
0.6799999999999999
 49
0.48
 74
     0
 49
-0.06
 74
     0
 49
0.01
 74
     0
 49
-0.06
 74
     0
 49
0.01
 74
     0
 49
-0.06
 74
     0
  0
LTYPE
  5
87
330
5
100
AcDbSymbolTableRecord
100
AcDbLinetypeTableRecord
  2
LONG_DASH_TRIPLE_DOT
 70
     0
  3
Long Dash Triple Dot ____ ... ____ ... ____
 72
    65
 73
     8
 40
0.3689
 49
0.2362
 74
     0
 49
-0.0295
 74
     0
 49
0.0049
 74
     0
 49
-0.0295
 74
     0
 49
0.0049
 74
     0
 49
-0.0295
 74
     0
 49
0.0049
 74
     0
 49
-0.0295
 74
     0
  0
LTYPE
  5
88
330
5
100
AcDbSymbolTableRecord
100
AcDbLinetypeTableRecord
  2
BORDER
 70
     0
  3
Border __ __ . __ __ . __ __ . __ __ . __ __ .
 72
    65
 73
     6
 40
1.75
 49
0.5
 74
     0
 49
-0.25
 74
     0
 49
0.5
 74
     0
 49
-0.25
 74
     0
 49
0.0
 74
     0
 49
-0.25
 74
     0
  0
LTYPE
  5
89
330
5
100
AcDbSymbolTableRecord
100
AcDbLinetypeTableRecord
  2
BORDER2
 70
     0
  3
Border (.5x) __.__.__.__.__.__.__.__.__.__.__.
 72
    65
 73
     6
 40
0.875
 49
0.25
 74
     0
 49
-0.125
 74
     0
 49
0.25
 74
     0
 49
-0.125
 74
     0
 49
0.0
 74
     0
 49
-0.125
 74
     0
  0
LTYPE
  5
8A
330
5
100
AcDbSymbolTableRecord
100
AcDbLinetypeTableRecord
  2
BORDERX2
 70
     0
  3
Border (2x) ____  ____  .  ____  ____  .  ___
 72
    65
 73
     6
 40
3.5
 49
1.0
 74
     0
 49
-0.5
 74
     0
 49
1.0
 74
     0
 49
-0.5
 74
     0
 49
0.0
 74
     0
 49
-0.5
 74
     0
  0
LTYPE
  5
8B
330
5
100
AcDbSymbolTableRecord
100
AcDbLinetypeTableRecord
  2
CENTER
 70
     0
  3
Center ____ _ ____ _ ____ _ ____ _ ____ _ ____
 72
    65
 73
     4
 40
2.0
 49
1.25
 74
     0
 49
-0.25
 74
     0
 49
0.25
 74
     0
 49
-0.25
 74
     0
  0
LTYPE
  5
8C
330
5
100
AcDbSymbolTableRecord
100
AcDbLinetypeTableRecord
  2
CENTER2
 70
     0
  3
Center (.5x) ___ _ ___ _ ___ _ ___ _ ___ _ ___
 72
    65
 73
     4
 40
1.125
 49
0.75
 74
     0
 49
-0.125
 74
     0
 49
0.125
 74
     0
 49
-0.125
 74
     0
  0
LTYPE
  5
8D
330
5
100
AcDbSymbolTableRecord
100
AcDbLinetypeTableRecord
  2
CENTERX2
 70
     0
  3
Center (2x) ________  __  ________  __  _____
 72
    65
 73
     4
 40
4.0
 49
2.5
 74
     0
 49
-0.5
 74
     0
 49
0.5
 74
     0
 49
-0.5
 74
     0
  0
LTYPE
  5
8E
330
5
100
AcDbSymbolTableRecord
100
AcDbLinetypeTableRecord
  2
DASHDOT2
 70
     0
  3
Dash dot (.5x) _._._._._._._._._._._._._._._.
 72
    65
 73
     4
 40
0.5
 49
0.25
 74
     0
 49
-0.125
 74
     0
 49
0.0
 74
     0
 49
-0.125
 74
     0
  0
LTYPE
  5
8F
330
5
100
AcDbSymbolTableRecord
100
AcDbLinetypeTableRecord
  2
DASHDOTX2
 70
     0
  3
Dash dot (2x) ____  .  ____  .  ____  .  ___
 72
    65
 73
     4
 40
2.0
 49
1.0
 74
     0
 49
-0.5
 74
     0
 49
0.0
 74
     0
 49
-0.5
 74
     0
  0
LTYPE
  5
91
330
5
100
AcDbSymbolTableRecord
100
AcDbLinetypeTableRecord
  2
DASHED2
 70
     0
  3
Dashed (.5x) _ _ _ _ _ _ _ _ _ _ _ _ _ _ _ _ _
 72
    65
 73
     2
 40
0.375
 49
0.25
 74
     0
 49
-0.125
 74
     0
  0
LTYPE
  5
92
330
5
100
AcDbSymbolTableRecord
100
AcDbLinetypeTableRecord
  2
DASHEDX2
 70
     0
  3
Dashed (2x) ____  ____  ____  ____  ____  ___
 72
    65
 73
     2
 40
1.5
 49
1.0
 74
     0
 49
-0.5
 74
     0
  0
LTYPE
  5
93
330
5
100
AcDbSymbolTableRecord
100
AcDbLinetypeTableRecord
  2
DIVIDE
 70
     0
  3
Divide ____ . . ____ . . ____ . . ____ . . ____
 72
    65
 73
     6
 40
1.25
 49
0.5
 74
     0
 49
-0.25
 74
     0
 49
0.0
 74
     0
 49
-0.25
 74
     0
 49
0.0
 74
     0
 49
-0.25
 74
     0
  0
LTYPE
  5
94
330
5
100
AcDbSymbolTableRecord
100
AcDbLinetypeTableRecord
  2
DIVIDE2
 70
     0
  3
Divide (.5x) __..__..__..__..__..__..__..__.._
 72
    65
 73
     6
 40
0.625
 49
0.25
 74
     0
 49
-0.125
 74
     0
 49
0.0
 74
     0
 49
-0.125
 74
     0
 49
0.0
 74
     0
 49
-0.125
 74
     0
  0
LTYPE
  5
95
330
5
100
AcDbSymbolTableRecord
100
AcDbLinetypeTableRecord
  2
DIVIDEX2
 70
     0
  3
Divide (2x) ________  .  .  ________  .  .  _
 72
    65
 73
     6
 40
2.5
 49
1.0
 74
     0
 49
-0.5
 74
     0
 49
0.0
 74
     0
 49
-0.5
 74
     0
 49
0.0
 74
     0
 49
-0.5
 74
     0
  0
LTYPE
  5
96
330
5
100
AcDbSymbolTableRecord
100
AcDbLinetypeTableRecord
  2
DOT
 70
     0
  3
Dot . . . . . . . . . . . . . . . . . . . . . .
 72
    65
 73
     2
 40
0.25
 49
0.0
 74
     0
 49
-0.25
 74
     0
  0
LTYPE
  5
97
330
5
100
AcDbSymbolTableRecord
100
AcDbLinetypeTableRecord
  2
DOT2
 70
     0
  3
Dot (.5x) .....................................
 72
    65
 73
     2
 40
0.125
 49
0.0
 74
     0
 49
-0.125
 74
     0
  0
LTYPE
  5
98
330
5
100
AcDbSymbolTableRecord
100
AcDbLinetypeTableRecord
  2
DOTX2
 70
     0
  3
Dot (2x) .  .  .  .  .  .  .  .  .  .  .  .  . 
 72
    65
 73
     2
 40
0.5
 49
0.0
 74
     0
 49
-0.5
 74
     0
  0
LTYPE
  5
99
330
5
100
AcDbSymbolTableRecord
100
AcDbLinetypeTableRecord
  2
HIDDEN
 70
     0
  3
Hidden __ __ __ __ __ __ __ __ __ __ __ __ __ _
 72
    65
 73
     2
 40
0.375
 49
0.25
 74
     0
 49
-0.125
 74
     0
  0
LTYPE
  5
9A
330
5
100
AcDbSymbolTableRecord
100
AcDbLinetypeTableRecord
  2
HIDDEN2
 70
     0
  3
Hidden (.5x) _ _ _ _ _ _ _ _ _ _ _ _ _ _ _ _ _
 72
    65
 73
     2
 40
0.1875
 49
0.125
 74
     0
 49
-0.0625
 74
     0
  0
LTYPE
  5
9B
330
5
100
AcDbSymbolTableRecord
100
AcDbLinetypeTableRecord
  2
HIDDENX2
 70
     0
  3
Hidden (2x) ____ ____ ____ ____ ____ ____ ____
 72
    65
 73
     2
 40
0.75
 49
0.5
 74
     0
 49
-0.25
 74
     0
  0
LTYPE
  5
9C
330
5
100
AcDbSymbolTableRecord
100
AcDbLinetypeTableRecord
  2
PHANTOM
 70
     0
  3
Phantom ______  __  __  ______  __  __  ______
 72
    65
 73
     6
 40
2.5
 49
1.25
 74
     0
 49
-0.25
 74
     0
 49
0.25
 74
     0
 49
-0.25
 74
     0
 49
0.25
 74
     0
 49
-0.25
 74
     0
  0
LTYPE
  5
9D
330
5
100
AcDbSymbolTableRecord
100
AcDbLinetypeTableRecord
  2
PHANTOM2
 70
     0
  3
Phantom (.5x) ___ _ _ ___ _ _ ___ _ _ ___ _ _
 72
    65
 73
     6
 40
1.25
 49
0.625
 74
     0
 49
-0.125
 74
     0
 49
0.125
 74
     0
 49
-0.125
 74
     0
 49
0.125
 74
     0
 49
-0.125
 74
     0
  0
LTYPE
  5
9E
330
5
100
AcDbSymbolTableRecord
100
AcDbLinetypeTableRecord
  2
PHANTOMX2
 70
     0
  3
Phantom (2x) ____________    ____    ____   _
 72
    65
 73
     6
 40
5.0
 49
2.5
 74
     0
 49
-0.5
 74
     0
 49
0.5
 74
     0
 49
-0.5
 74
     0
 49
0.5
 74
     0
 49
-0.5
 74
     0
  0
LTYPE
  5
9F
330
5
100
AcDbSymbolTableRecord
100
AcDbLinetypeTableRecord
  2
ACAD_ISO02W100
 70
     0
  3
ISO dash __ __ __ __ __ __ __ __ __ __ __ __ __
 72
    65
 73
     2
 40
0.59
 49
0.47
 74
     0
 49
-0.12
 74
     0
  0
LTYPE
  5
A0
330
5
100
AcDbSymbolTableRecord
100
AcDbLinetypeTableRecord
  2
ACAD_ISO03W100
 70
     0
  3
ISO dash space __    __    __    __    __    __
 72
    65
 73
     2
 40
1.179999999999999
 49
0.47
 74
     0
 49
-0.71
 74
     0
  0
LTYPE
  5
A1
330
5
100
AcDbSymbolTableRecord
100
AcDbLinetypeTableRecord
  2
ACAD_ISO04W100
 70
     0
  3
ISO long-dash dot ____ . ____ . ____ . ____ . _
 72
    65
 73
     4
 40
1.179999999999999
 49
0.9399999999999998
 74
     0
 49
-0.12
 74
     0
 49
0.0
 74
     0
 49
-0.12
 74
     0
  0
LTYPE
  5
A2
330
5
100
AcDbSymbolTableRecord
100
AcDbLinetypeTableRecord
  2
ACAD_ISO05W100
 70
     0
  3
ISO long-dash double-dot ____ .. ____ .. ____ .
 72
    65
 73
     6
 40
1.299999999999999
 49
0.9399999999999998
 74
     0
 49
-0.12
 74
     0
 49
0.0
 74
     0
 49
-0.12
 74
     0
 49
0.0
 74
     0
 49
-0.12
 74
     0
  0
LTYPE
  5
A3
330
5
100
AcDbSymbolTableRecord
100
AcDbLinetypeTableRecord
  2
ACAD_ISO06W100
 70
     0
  3
ISO long-dash triple-dot ____ ... ____ ... ____
 72
    65
 73
     8
 40
1.419999999999999
 49
0.9399999999999998
 74
     0
 49
-0.12
 74
     0
 49
0.0
 74
     0
 49
-0.12
 74
     0
 49
0.0
 74
     0
 49
-0.12
 74
     0
 49
0.0
 74
     0
 49
-0.12
 74
     0
  0
LTYPE
  5
A4
330
5
100
AcDbSymbolTableRecord
100
AcDbLinetypeTableRecord
  2
ACAD_ISO07W100
 70
     0
  3
ISO dot . . . . . . . . . . . . . . . . . . . .
 72
    65
 73
     2
 40
0.12
 49
0.0
 74
     0
 49
-0.12
 74
     0
  0
LTYPE
  5
A5
330
5
100
AcDbSymbolTableRecord
100
AcDbLinetypeTableRecord
  2
ACAD_ISO08W100
 70
     0
  3
ISO long-dash short-dash ____ __ ____ __ ____ _
 72
    65
 73
     4
 40
0.95
 49
0.47
 74
     0
 49
-0.12
 74
     0
 49
0.24
 74
     0
 49
-0.12
 74
     0
  0
LTYPE
  5
A6
330
5
100
AcDbSymbolTableRecord
100
AcDbLinetypeTableRecord
  2
ACAD_ISO09W100
 70
     0
  3
ISO long-dash double-short-dash ____ __ __ ____
 72
    65
 73
     6
 40
1.31
 49
0.47
 74
     0
 49
-0.12
 74
     0
 49
0.24
 74
     0
 49
-0.12
 74
     0
 49
0.24
 74
     0
 49
-0.12
 74
     0
  0
LTYPE
  5
A7
330
5
100
AcDbSymbolTableRecord
100
AcDbLinetypeTableRecord
  2
ACAD_ISO10W100
 70
     0
  3
ISO dash dot __ . __ . __ . __ . __ . __ . __ .
 72
    65
 73
     4
 40
0.71
 49
0.47
 74
     0
 49
-0.12
 74
     0
 49
0.0
 74
     0
 49
-0.12
 74
     0
  0
LTYPE
  5
A8
330
5
100
AcDbSymbolTableRecord
100
AcDbLinetypeTableRecord
  2
ACAD_ISO11W100
 70
     0
  3
ISO double-dash dot __ __ . __ __ . __ __ . __ 
 72
    65
 73
     6
 40
1.299999999999999
 49
0.47
 74
     0
 49
-0.12
 74
     0
 49
0.47
 74
     0
 49
-0.12
 74
     0
 49
0.0
 74
     0
 49
-0.12
 74
     0
  0
LTYPE
  5
A9
330
5
100
AcDbSymbolTableRecord
100
AcDbLinetypeTableRecord
  2
ACAD_ISO12W100
 70
     0
  3
ISO dash double-dot __ . . __ . . __ . . __ . .
 72
    65
 73
     6
 40
0.8299999999999998
 49
0.47
 74
     0
 49
-0.12
 74
     0
 49
0.0
 74
     0
 49
-0.12
 74
     0
 49
0.0
 74
     0
 49
-0.12
 74
     0
  0
LTYPE
  5
AA
330
5
100
AcDbSymbolTableRecord
100
AcDbLinetypeTableRecord
  2
ACAD_ISO13W100
 70
     0
  3
ISO double-dash double-dot __ __ . . __ __ . . 
 72
    65
 73
     8
 40
1.419999999999999
 49
0.47
 74
     0
 49
-0.12
 74
     0
 49
0.47
 74
     0
 49
-0.12
 74
     0
 49
0.0
 74
     0
 49
-0.12
 74
     0
 49
0.0
 74
     0
 49
-0.12
 74
     0
  0
LTYPE
  5
AB
330
5
100
AcDbSymbolTableRecord
100
AcDbLinetypeTableRecord
  2
ACAD_ISO14W100
 70
     0
  3
ISO dash triple-dot __ . . . __ . . . __ . . . 
 72
    65
 73
     8
 40
0.95
 49
0.47
 74
     0
 49
-0.12
 74
     0
 49
0.0
 74
     0
 49
-0.12
 74
     0
 49
0.0
 74
     0
 49
-0.12
 74
     0
 49
0.0
 74
     0
 49
-0.12
 74
     0
  0
LTYPE
  5
AC
330
5
100
AcDbSymbolTableRecord
100
AcDbLinetypeTableRecord
  2
ACAD_ISO15W100
 70
     0
  3
ISO double-dash triple-dot __ __ . . . __ __ . 
 72
    65
 73
    10
 40
1.539999999999999
 49
0.47
 74
     0
 49
-0.12
 74
     0
 49
0.47
 74
     0
 49
-0.12
 74
     0
 49
0.0
 74
     0
 49
-0.12
 74
     0
 49
0.0
 74
     0
 49
-0.12
 74
     0
 49
0.0
 74
     0
 49
-0.12
 74
     0
  0
LTYPE
  5
AF
330
5
100
AcDbSymbolTableRecord
100
AcDbLinetypeTableRecord
  2
FENCELINE1
 70
     0
  3
Fenceline circle ----0-----0----0-----0----0---
 72
    65
 73
     4
 40
1.45
 49
0.25
 74
     0
 49
-0.1
 74
     4
 75
   133
340
AE
 46
0.1
 50
0.0
 44
-0.1
 45
0.0
 49
-0.1
 74
     0
 49
1.0
 74
     0
  0
LTYPE
  5
B0
330
5
100
AcDbSymbolTableRecord
100
AcDbLinetypeTableRecord
  2
FENCELINE2
 70
     0
  3
Fenceline square ----[]-----[]----[]-----[]----
 72
    65
 73
     4
 40
1.45
 49
0.25
 74
     0
 49
-0.1
 74
     4
 75
   132
340
AE
 46
0.1
 50
0.0
 44
-0.1
 45
0.0
 49
-0.1
 74
     0
 49
1.0
 74
     0
  0
LTYPE
  5
B1
330
5
100
AcDbSymbolTableRecord
100
AcDbLinetypeTableRecord
  2
TRACKS
 70
     0
  3
Tracks -|-|-|-|-|-|-|-|-|-|-|-|-|-|-|-|-|-|-|-|
 72
    65
 73
     2
 40
0.3
 49
0.15
 74
     4
 75
   130
340
AE
 46
0.25
 50
0.0
 44
0.0
 45
0.0
 49
0.15
 74
     0
  0
LTYPE
  5
B2
330
5
100
AcDbSymbolTableRecord
100
AcDbLinetypeTableRecord
  2
BATTING
 70
     0
  3
Batting SSSSSSSSSSSSSSSSSSSSSSSSSSSSSSSSSSSSSSS
 72
    65
 73
     4
 40
0.4001000000000001
 49
0.0001
 74
     0
 49
-0.1
 74
     4
 75
   134
340
AE
 46
0.1
 50
0.0
 44
-0.1
 45
0.0
 49
-0.2
 74
     4
 75
   134
340
AE
 46
0.1
 50
180.0
 44
0.1
 45
0.0
 49
-0.1
 74
     0
  0
LTYPE
  5
B3
330
5
100
AcDbSymbolTableRecord
100
AcDbLinetypeTableRecord
  2
HOT_WATER_SUPPLY
 70
     0
  3
Hot water supply ---- HW ---- HW ---- HW ----
 72
    65
 73
     3
 40
0.9
 49
0.5
 74
     0
 49
-0.2
 74
     2
 75
     0
340
55
 46
0.1
 50
0.0
 44
-0.1
 45
-0.05
  9
HW
 49
-0.2
 74
     0
  0
LTYPE
  5
B4
330
5
100
AcDbSymbolTableRecord
100
AcDbLinetypeTableRecord
  2
GAS_LINE
 70
     0
  3
Gas line ----GAS----GAS----GAS----GAS----GAS---
 72
    65
 73
     3
 40
0.95
 49
0.5
 74
     0
 49
-0.2
 74
     2
 75
     0
340
55
 46
0.1
 50
0.0
 44
-0.1
 45
-0.05
  9
GAS
 49
-0.25
 74
     0
  0
LTYPE
  5
B5
330
5
100
AcDbSymbolTableRecord
100
AcDbLinetypeTableRecord
  2
ZIGZAG
 70
     0
  3
Zig zag /\/\/\/\/\/\/\/\/\/\/\/\/\/\/\/\/\/\/\/
 72
    65
 73
     4
 40
0.8001000000000001
 49
0.0001
 74
     0
 49
-0.2
 74
     4
 75
   131
340
AE
 46
0.2
 50
0.0
 44
-0.2
 45
0.0
 49
-0.4
 74
     4
 75
   131
340
AE
 46
0.2
 50
180.0
 44
0.2
 45
0.0
 49
-0.2
 74
     0
  0
ENDTAB
  0
TABLE
  2
LAYER
  5
2
330
0
100
AcDbSymbolTable
 70
     1
  0
LAYER
  5
54
330
2
100
AcDbSymbolTableRecord
100
AcDbLayerTableRecord
  2
0
 70
     0
 62
     7
  6
Continuous
370
    -3
390
F
347
21
348
0
  0
ENDTAB
  0
TABLE
  2
STYLE
  5
3
330
0
100
AcDbSymbolTable
 70
     5
  0
STYLE
  5
55
330
3
100
AcDbSymbolTableRecord
100
AcDbTextStyleTableRecord
  2
Standard
 70
     0
 40
0.0
 41
1.0
 50
0.0
 71
     0
 42
0.2
  3
txt
  4

  0
STYLE
  5
5A
330
3
100
AcDbSymbolTableRecord
100
AcDbTextStyleTableRecord
  2
Annotative
 70
     0
 40
0.0
 41
1.0
 50
0.0
 71
     0
 42
0.2
  3
txt
  4

1001
AcadAnnotative
1000
AnnotativeData
1002
{
1070
     1
1070
     1
1002
}
  0
STYLE
  5
AE
330
3
100
AcDbSymbolTableRecord
100
AcDbTextStyleTableRecord
  2

 70
     1
 40
0.0
 41
1.0
 50
0.0
 71
     0
 42
0.2
  3
ltypeshp.shx
  4

  0
STYLE
  5
B6
330
3
100
AcDbSymbolTableRecord
100
AcDbTextStyleTableRecord
  2
Note Text (ANSI) - 3DA
 70
     0
 40
0.0
 41
1.0
 50
0.0
 71
     0
 42
0.2
  3
tahoma.ttf
  4

1001
ACAD
1000
Tahoma
1071
      256
  0
STYLE
  5
B7
330
3
100
AcDbSymbolTableRecord
100
AcDbTextStyleTableRecord
  2
Sketch Text (ANSI) - 3DA
 70
     0
 40
0.0
 41
1.0
 50
0.0
 71
     0
 42
0.2
  3
tahoma.ttf
  4

1001
ACAD
1000
Tahoma
1071
      256
  0
ENDTAB
  0
TABLE
  2
VIEW
  5
6
330
0
100
AcDbSymbolTable
 70
     0
  0
ENDTAB
  0
TABLE
  2
UCS
  5
7
330
0
100
AcDbSymbolTable
 70
     0
  0
ENDTAB
  0
TABLE
  2
APPID
  5
9
330
0
100
AcDbSymbolTable
 70
     2
  0
APPID
  5
56
330
9
100
AcDbSymbolTableRecord
100
AcDbRegAppTableRecord
  2
ACAD
 70
     0
  0
APPID
  5
5E
330
9
100
AcDbSymbolTableRecord
100
AcDbRegAppTableRecord
  2
AcadAnnotative
 70
     0
  0
ENDTAB
  0
TABLE
  2
DIMSTYLE
  5
A
330
0
100
AcDbSymbolTable
 70
     2
100
AcDbDimStyleTable
 71
     0
  0
DIMSTYLE
105
58
330
A
100
AcDbSymbolTableRecord
100
AcDbDimStyleTableRecord
  2
Standard
 70
     0
340
55
  0
DIMSTYLE
105
59
330
A
100
AcDbSymbolTableRecord
100
AcDbDimStyleTableRecord
  2
Annotative
 70
     0
340
55
1001
AcadAnnotative
1000
AnnotativeData
1002
{
1070
     1
1070
     1
1002
}
  0
ENDTAB
  0
TABLE
  2
BLOCK_RECORD
  5
1
330
0
100
AcDbSymbolTable
 70
     1
  0
BLOCK_RECORD
  5
70
330
1
100
AcDbSymbolTableRecord
100
AcDbBlockTableRecord
  2
*Model_Space
340
73
 70
     0
280
     1
281
     0
  0
BLOCK_RECORD
  5
6C
330
1
100
AcDbSymbolTableRecord
100
AcDbBlockTableRecord
  2
*Paper_Space
340
6F
 70
     0
280
     1
281
     0
  0
BLOCK_RECORD
  5
74
330
1
100
AcDbSymbolTableRecord
100
AcDbBlockTableRecord
  2
*Paper_Space0
340
77
 70
     0
280
     1
281
     0
  0
ENDTAB
  0
ENDSEC
  0
SECTION
  2
BLOCKS
  0
BLOCK
  5
71
330
70
100
AcDbEntity
  8
0
100
AcDbBlockBegin
  2
*Model_Space
 70
     0
 10
0.0
 20
0.0
 30
0.0
  3
*Model_Space
  1

  0
ENDBLK
  5
72
330
70
100
AcDbEntity
  8
0
100
AcDbBlockEnd
  0
BLOCK
  5
6D
330
6C
100
AcDbEntity
 67
     1
  8
0
100
AcDbBlockBegin
  2
*Paper_Space
 70
     0
 10
0.0
 20
0.0
 30
0.0
  3
*Paper_Space
  1

  0
ENDBLK
  5
6E
330
6C
100
AcDbEntity
 67
     1
  8
0
100
AcDbBlockEnd
  0
BLOCK
  5
75
330
74
100
AcDbEntity
 67
     1
  8
0
100
AcDbBlockBegin
  2
*Paper_Space0
 70
     0
 10
0.0
 20
0.0
 30
0.0
  3
*Paper_Space0
  1

  0
ENDBLK
  5
76
330
74
100
AcDbEntity
 67
     1
  8
0
100
AcDbBlockEnd
  0
ENDSEC
  0
SECTION
  2
ENTITIES
  0
POLYLINE
  5
B8
330
70
100
AcDbEntity
  8
0
100
AcDb2dPolyline
 66
     1
 10
0.0
 20
0.0
 30
0.0
 70
     1
  0
VERTEX
  5
B9
330
B8
100
AcDbEntity
  8
0
100
AcDbVertex
100
AcDb2dVertex
 10
12.04408845431562
 20
-46.65798026955345
 30
0.0
  0
VERTEX
  5
BA
330
B8
100
AcDbEntity
  8
0
100
AcDbVertex
100
AcDb2dVertex
 10
76.44091618469957
 20
64.88059720573213
 30
0.0
  0
VERTEX
  5
BC
330
B8
100
AcDbEntity
  8
0
100
AcDbVertex
100
AcDb2dVertex
 10
19.52663302733178
 20
97.74007390737299
 30
0.0
  0
VERTEX
  5
BD
330
B8
100
AcDbEntity
  8
0
100
AcDbVertex
100
AcDb2dVertex
 10
-44.87019470305217
 20
-13.79850356791262
 30
0.0
  0
SEQEND
  5
BB
330
B8
100
AcDbEntity
  8
0
  0
POLYLINE
  5
BF
330
70
100
AcDbEntity
  8
0
100
AcDb2dPolyline
 66
     1
 10
0.0
 20
0.0
 30
0.0
 70
     1
  0
VERTEX
  5
C0
330
BF
100
AcDbEntity
  8
0
100
AcDbVertex
100
AcDb2dVertex
 10
4.812002422846917
 20
8.534632682515397
 30
0.0
  0
VERTEX
  5
C1
330
BF
100
AcDbEntity
  8
0
100
AcDbVertex
100
AcDb2dVertex
 10
2.532424162235638
 20
4.586287315307178
 30
0.0
  0
VERTEX
  5
C3
330
BF
100
AcDbEntity
  8
0
100
AcDbVertex
100
AcDb2dVertex
 10
2.398717696137939
 20
4.640104291136557
 30
0.0
  0
VERTEX
  5
C4
330
BF
100
AcDbEntity
  8
0
100
AcDbVertex
100
AcDb2dVertex
 10
2.195436535448447
 20
4.682793432627034
 30
0.0
  0
VERTEX
  5
C5
330
BF
100
AcDbEntity
  8
0
100
AcDbVertex
100
AcDb2dVertex
 10
1.748217981931023
 20
4.841353101019452
 30
0.0
  0
VERTEX
  5
C6
330
BF
100
AcDbEntity
  8
0
100
AcDbVertex
100
AcDb2dVertex
 10
1.586406178022006
 20
4.886481622023728
 30
0.0
  0
VERTEX
  5
C7
330
BF
100
AcDbEntity
  8
0
100
AcDbVertex
100
AcDb2dVertex
 10
1.352462118816628
 20
5.00443300635319
 30
0.0
  0
VERTEX
  5
C8
330
BF
100
AcDbEntity
  8
0
100
AcDbVertex
100
AcDb2dVertex
 10
1.063675025845061
 20
5.171117190206446
 30
0.0
  0
VERTEX
  5
C9
330
BF
100
AcDbEntity
  8
0
100
AcDbVertex
100
AcDb2dVertex
 10
0.9369228696187725
 20
5.256047618354608
 30
0.0
  0
VERTEX
  5
CA
330
BF
100
AcDbEntity
  8
0
100
AcDbVertex
100
AcDb2dVertex
 10
0.8112951123124112
 20
5.374967369649299
 30
0.0
  0
VERTEX
  5
CB
330
BF
100
AcDbEntity
  8
0
100
AcDbVertex
100
AcDb2dVertex
 10
0.63362737786969
 20
5.482706631506006
 30
0.0
  0
VERTEX
  5
CC
330
BF
100
AcDbEntity
  8
0
100
AcDbVertex
100
AcDb2dVertex
 10
0.0898502730247408
 20
6.039901568767875
 30
0.0
  0
VERTEX
  5
CD
330
BF
100
AcDbEntity
  8
0
100
AcDbVertex
100
AcDb2dVertex
 10
-0.2150714680096399
 20
6.441179498777609
 30
0.0
  0
VERTEX
  5
CE
330
BF
100
AcDbEntity
  8
0
100
AcDbVertex
100
AcDb2dVertex
 10
-0.3083775207661787
 20
6.548105634129521
 30
0.0
  0
VERTEX
  5
CF
330
BF
100
AcDbEntity
  8
0
100
AcDbVertex
100
AcDb2dVertex
 10
-0.4432799810287769
 20
6.731262379285949
 30
0.0
  0
VERTEX
  5
D0
330
BF
100
AcDbEntity
  8
0
100
AcDbVertex
100
AcDb2dVertex
 10
-0.5353652053499403
 20
6.83009615896613
 30
0.0
  0
VERTEX
  5
D1
330
BF
100
AcDbEntity
  8
0
100
AcDbVertex
100
AcDb2dVertex
 10
-0.6155353545683085
 20
6.89795331272454
 30
0.0
  0
VERTEX
  5
D2
330
BF
100
AcDbEntity
  8
0
100
AcDbVertex
100
AcDb2dVertex
 10
-0.9299195954126915
 20
7.104908301378847
 30
0.0
  0
VERTEX
  5
D3
330
BF
100
AcDbEntity
  8
0
100
AcDbVertex
100
AcDb2dVertex
 10
-0.9997963032992629
 20
7.12748923732664
 30
0.0
  0
VERTEX
  5
D4
330
BF
100
AcDbEntity
  8
0
100
AcDbVertex
100
AcDb2dVertex
 10
-1.093100767921626
 20
7.125029212022839
 30
0.0
  0
VERTEX
  5
D5
330
BF
100
AcDbEntity
  8
0
100
AcDbVertex
100
AcDb2dVertex
 10
-1.157365704820918
 20
7.101037116466253
 30
0.0
  0
VERTEX
  5
D6
330
BF
100
AcDbEntity
  8
0
100
AcDbVertex
100
AcDb2dVertex
 10
-1.192869831525715
 20
7.074487225877978
 30
0.0
  0
VERTEX
  5
D7
330
BF
100
AcDbEntity
  8
0
100
AcDbVertex
100
AcDb2dVertex
 10
-1.219628897986062
 20
7.039487648634503
 30
0.0
  0
VERTEX
  5
D8
330
BF
100
AcDbEntity
  8
0
100
AcDbVertex
100
AcDb2dVertex
 10
-1.235179708262137
 20
6.996033620322341
 30
0.0
  0
VERTEX
  5
D9
330
BF
100
AcDbEntity
  8
0
100
AcDbVertex
100
AcDb2dVertex
 10
-1.237834919535814
 20
6.946079195498819
 30
0.0
  0
VERTEX
  5
DA
330
BF
100
AcDbEntity
  8
0
100
AcDbVertex
100
AcDb2dVertex
 10
-1.226036324141386
 20
6.870545232224438
 30
0.0
  0
VERTEX
  5
DB
330
BF
100
AcDbEntity
  8
0
100
AcDbVertex
100
AcDb2dVertex
 10
-1.161970995842693
 20
6.682096812237459
 30
0.0
  0
VERTEX
  5
DC
330
BF
100
AcDbEntity
  8
0
100
AcDbVertex
100
AcDb2dVertex
 10
-1.146709027450434
 20
6.605634334328458
 30
0.0
  0
VERTEX
  5
DD
330
BF
100
AcDbEntity
  8
0
100
AcDbVertex
100
AcDb2dVertex
 10
-1.221719775744745
 20
6.11775843158159
 30
0.0
  0
VERTEX
  5
DE
330
BF
100
AcDbEntity
  8
0
100
AcDbVertex
100
AcDb2dVertex
 10
-1.261448140553618
 20
5.757759376781157
 30
0.0
  0
VERTEX
  5
DF
330
BF
100
AcDbEntity
  8
0
100
AcDbVertex
100
AcDb2dVertex
 10
-1.336573631534339
 20
5.589226203605521
 30
0.0
  0
VERTEX
  5
E0
330
BF
100
AcDbEntity
  8
0
100
AcDbVertex
100
AcDb2dVertex
 10
-1.402071853795963
 20
5.374809349947833
 30
0.0
  0
VERTEX
  5
E1
330
BF
100
AcDbEntity
  8
0
100
AcDbVertex
100
AcDb2dVertex
 10
-1.507329806513766
 20
5.202991113930997
 30
0.0
  0
VERTEX
  5
E2
330
BF
100
AcDbEntity
  8
0
100
AcDbVertex
100
AcDb2dVertex
 10
-1.586609459182799
 20
5.040772376267534
 30
0.0
  0
VERTEX
  5
E3
330
BF
100
AcDbEntity
  8
0
100
AcDbVertex
100
AcDb2dVertex
 10
-1.647847908840471
 20
4.970122482355998
 30
0.0
  0
VERTEX
  5
E4
330
BF
100
AcDbEntity
  8
0
100
AcDbVertex
100
AcDb2dVertex
 10
-1.734547323874551
 20
4.897738342071429
 30
0.0
  0
VERTEX
  5
E5
330
BF
100
AcDbEntity
  8
0
100
AcDbVertex
100
AcDb2dVertex
 10
-1.82833616938776
 20
4.832634225023477
 30
0.0
  0
VERTEX
  5
E6
330
BF
100
AcDbEntity
  8
0
100
AcDbVertex
100
AcDb2dVertex
 10
-1.943799173850848
 20
4.767031283848135
 30
0.0
  0
VERTEX
  5
E7
330
BF
100
AcDbEntity
  8
0
100
AcDbVertex
100
AcDb2dVertex
 10
-2.030658097100381
 20
4.730631316554658
 30
0.0
  0
VERTEX
  5
E8
330
BF
100
AcDbEntity
  8
0
100
AcDbVertex
100
AcDb2dVertex
 10
-2.337733347930903
 20
4.661652143508066
 30
0.0
  0
VERTEX
  5
E9
330
BF
100
AcDbEntity
  8
0
100
AcDbVertex
100
AcDb2dVertex
 10
-2.535906214678986
 20
4.592318407053674
 30
0.0
  0
VERTEX
  5
EA
330
BF
100
AcDbEntity
  8
0
100
AcDbVertex
100
AcDb2dVertex
 10
-4.812002422846917
 20
8.534632682515397
 30
0.0
 42
-0.2213979179283747
  0
SEQEND
  5
C2
330
BF
100
AcDbEntity
  8
0
  0
POLYLINE
  5
EB
330
70
100
AcDbEntity
  8
0
100
AcDb2dPolyline
 66
     1
 10
0.0
 20
0.0
 30
0.0
 70
     1
  0
VERTEX
  5
EC
330
EB
100
AcDbEntity
  8
0
100
AcDbVertex
100
AcDb2dVertex
 10
4.414912860115722
 20
3.84685338470966
 30
0.0
  0
VERTEX
  5
ED
330
EB
100
AcDbEntity
  8
0
100
AcDbVertex
100
AcDb2dVertex
 10
6.544053230415793
 20
7.5346326825154
 30
0.0
 42
-0.2213979179283749
  0
VERTEX
  5
EF
330
EB
100
AcDbEntity
  8
0
100
AcDbVertex
100
AcDb2dVertex
 10
11.35605565326271
 20
-0.8000000000000017
 30
0.0
  0
VERTEX
  5
F0
330
EB
100
AcDbEntity
  8
0
100
AcDbVertex
100
AcDb2dVertex
 10
6.979203616954756
 20
-0.8000000000000007
 30
0.0
  0
VERTEX
  5
F1
330
EB
100
AcDbEntity
  8
0
100
AcDbVertex
100
AcDb2dVertex
 10
6.95607803763929
 20
-0.6718478816475404
 30
0.0
  0
VERTEX
  5
F2
330
EB
100
AcDbEntity
  8
0
100
AcDbVertex
100
AcDb2dVertex
 10
6.878923308353321
 20
-0.5131893516824438
 30
0.0
  0
VERTEX
  5
F3
330
EB
100
AcDbEntity
  8
0
100
AcDbVertex
100
AcDb2dVertex
 10
6.753068447875207
 20
-0.3122943491021157
 30
0.0
  0
VERTEX
  5
F4
330
EB
100
AcDbEntity
  8
0
100
AcDbVertex
100
AcDb2dVertex
 10
6.705229085348474
 20
-0.2475991278838752
 30
0.0
  0
VERTEX
  5
F5
330
EB
100
AcDbEntity
  8
0
100
AcDbVertex
100
AcDb2dVertex
 10
6.620460841340634
 20
-0.1544961431093572
 30
0.0
  0
VERTEX
  5
F6
330
EB
100
AcDbEntity
  8
0
100
AcDbVertex
100
AcDb2dVertex
 10
6.55480102643775
 20
-0.041674840599244
 30
0.0
  0
VERTEX
  5
F7
330
EB
100
AcDbEntity
  8
0
100
AcDbVertex
100
AcDb2dVertex
 10
6.485374157525942
 20
0.0457902553250289
 30
0.0
  0
VERTEX
  5
F8
330
EB
100
AcDbEntity
  8
0
100
AcDbVertex
100
AcDb2dVertex
 10
6.326395584794362
 20
0.1951069622789436
 30
0.0
  0
VERTEX
  5
F9
330
EB
100
AcDbEntity
  8
0
100
AcDbVertex
100
AcDb2dVertex
 10
5.975592650538334
 20
0.4880802534088869
 30
0.0
  0
VERTEX
  5
FA
330
EB
100
AcDbEntity
  8
0
100
AcDbVertex
100
AcDb2dVertex
 10
5.874825543931123
 20
0.5451992140803075
 30
0.0
  0
VERTEX
  5
FB
330
EB
100
AcDbEntity
  8
0
100
AcDbVertex
100
AcDb2dVertex
 10
5.71220061537943
 20
0.585448976057057
 30
0.0
  0
VERTEX
  5
FC
330
EB
100
AcDbEntity
  8
0
100
AcDbVertex
100
AcDb2dVertex
 10
5.325966410069025
 20
0.7188017228076849
 30
0.0
  0
VERTEX
  5
FD
330
EB
100
AcDbEntity
  8
0
100
AcDbVertex
100
AcDb2dVertex
 10
5.150430944129311
 20
0.7487663079770091
 30
0.0
  0
VERTEX
  5
FE
330
EB
100
AcDbEntity
  8
0
100
AcDbVertex
100
AcDb2dVertex
 10
4.969715381893351
 20
0.8046786810274308
 30
0.0
  0
VERTEX
  5
FF
330
EB
100
AcDbEntity
  8
0
100
AcDbVertex
100
AcDb2dVertex
 10
4.79332530130808
 20
0.8284213397062334
 30
0.0
  0
VERTEX
  5
100
330
EB
100
AcDbEntity
  8
0
100
AcDbVertex
100
AcDb2dVertex
 10
4.775399238016841
 20
0.839725703885028
 30
0.0
  0
VERTEX
  5
101
330
EB
100
AcDbEntity
  8
0
100
AcDbVertex
100
AcDb2dVertex
 10
4.763690719601427
 20
0.8588627632211842
 30
0.0
  0
VERTEX
  5
102
330
EB
100
AcDbEntity
  8
0
100
AcDbVertex
100
AcDb2dVertex
 10
4.763122167605029
 20
0.8910034940802002
 30
0.0
  0
VERTEX
  5
103
330
EB
100
AcDbEntity
  8
0
100
AcDbVertex
100
AcDb2dVertex
 10
4.778199912445604
 20
0.9234300897251923
 30
0.0
  0
VERTEX
  5
104
330
EB
100
AcDbEntity
  8
0
100
AcDbVertex
100
AcDb2dVertex
 10
5.039136692335848
 20
1.238999404111753
 30
0.0
  0
VERTEX
  5
105
330
EB
100
AcDbEntity
  8
0
100
AcDbVertex
100
AcDb2dVertex
 10
5.089952615139665
 20
1.338569682652108
 30
0.0
  0
VERTEX
  5
106
330
EB
100
AcDbEntity
  8
0
100
AcDbVertex
100
AcDb2dVertex
 10
5.140167429198516
 20
1.503265518099619
 30
0.0
  0
VERTEX
  5
107
330
EB
100
AcDbEntity
  8
0
100
AcDbVertex
100
AcDb2dVertex
 10
5.270877215522133
 20
1.869172445159668
 30
0.0
  0
VERTEX
  5
108
330
EB
100
AcDbEntity
  8
0
100
AcDbVertex
100
AcDb2dVertex
 10
5.277223399257362
 20
1.910934114230835
 30
0.0
  0
VERTEX
  5
109
330
EB
100
AcDbEntity
  8
0
100
AcDbVertex
100
AcDb2dVertex
 10
5.269826664836259
 20
2.009335126386462
 30
0.0
  0
VERTEX
  5
10A
330
EB
100
AcDbEntity
  8
0
100
AcDbVertex
100
AcDb2dVertex
 10
5.283887209806081
 20
2.194423046991333
 30
0.0
  0
VERTEX
  5
10B
330
EB
100
AcDbEntity
  8
0
100
AcDbVertex
100
AcDb2dVertex
 10
5.283887209806081
 20
2.316392022677957
 30
0.0
  0
VERTEX
  5
10C
330
EB
100
AcDbEntity
  8
0
100
AcDbVertex
100
AcDb2dVertex
 10
5.200948496244865
 20
2.76361160019598
 30
0.0
  0
VERTEX
  5
10D
330
EB
100
AcDbEntity
  8
0
100
AcDbVertex
100
AcDb2dVertex
 10
5.185241453279996
 20
2.806494097451883
 30
0.0
  0
VERTEX
  5
10E
330
EB
100
AcDbEntity
  8
0
100
AcDbVertex
100
AcDb2dVertex
 10
5.127843508831801
 20
2.930277123431297
 30
0.0
  0
VERTEX
  5
10F
330
EB
100
AcDbEntity
  8
0
100
AcDbVertex
100
AcDb2dVertex
 10
4.979347812048651
 20
3.192001025989066
 30
0.0
  0
VERTEX
  5
110
330
EB
100
AcDbEntity
  8
0
100
AcDbVertex
100
AcDb2dVertex
 10
4.789380376283656
 20
3.476647314101386
 30
0.0
  0
VERTEX
  5
111
330
EB
100
AcDbEntity
  8
0
100
AcDbVertex
100
AcDb2dVertex
 10
4.643046527000063
 20
3.649128597609712
 30
0.0
  0
VERTEX
  5
112
330
EB
100
AcDbEntity
  8
0
100
AcDbVertex
100
AcDb2dVertex
 10
4.47035600472633
 20
3.810918538092868
 30
0.0
  0
SEQEND
  5
EE
330
EB
100
AcDbEntity
  8
0
  0
POLYLINE
  5
113
330
70
100
AcDbEntity
  8
0
100
AcDb2dPolyline
 66
     1
 10
0.0
 20
0.0
 30
0.0
 70
     1
  0
VERTEX
  5
114
330
113
100
AcDbEntity
  8
0
100
AcDbVertex
100
AcDb2dVertex
 10
-8.660254037844378
 20
15.20000000000002
 30
0.0
  0
VERTEX
  5
115
330
113
100
AcDbEntity
  8
0
100
AcDbVertex
100
AcDb2dVertex
 10
-3.55255888325765
 20
24.04678751731761
 30
0.0
  0
VERTEX
  5
117
330
113
100
AcDbEntity
  8
0
100
AcDbVertex
100
AcDb2dVertex
 10
0.5333704529042294
 20
24.04678751731762
 30
0.0
 42
0.2324998223916691
  0
VERTEX
  5
118
330
113
100
AcDbEntity
  8
0
100
AcDbVertex
100
AcDb2dVertex
 10
7.15065982266767
 20
12.58530612050188
 30
0.0
  0
VERTEX
  5
119
330
113
100
AcDbEntity
  8
0
100
AcDbVertex
100
AcDb2dVertex
 10
6.617289369763432
 20
11.66148139681572
 30
0.0
 42
0.0319715067515259
  0
VERTEX
  5
11A
330
113
100
AcDbEntity
  8
0
100
AcDbVertex
100
AcDb2dVertex
 10
4.847022272849057
 20
12.39529411764706
 30
0.0
 42
-0.2676891355186111
  0
VERTEX
  5
11B
330
113
100
AcDbEntity
  8
0
100
AcDbVertex
100
AcDb2dVertex
 10
3.531401941647168
 20
13.89942857142856
 30
0.0
 42
0.82136541704978
  0
VERTEX
  5
11C
330
113
100
AcDbEntity
  8
0
100
AcDbVertex
100
AcDb2dVertex
 10
-3.531401941647165
 20
13.89942857142857
 30
0.0
 42
-0.2676891355186121
  0
VERTEX
  5
11D
330
113
100
AcDbEntity
  8
0
100
AcDbVertex
100
AcDb2dVertex
 10
-4.847022272849055
 20
12.39529411764706
 30
0.0
 42
0.0319715067515263
  0
VERTEX
  5
11E
330
113
100
AcDbEntity
  8
0
100
AcDbVertex
100
AcDb2dVertex
 10
-6.617289369763437
 20
11.66148139681572
 30
0.0
  0
SEQEND
  5
116
330
113
100
AcDbEntity
  8
0
  0
POLYLINE
  5
11F
330
70
100
AcDbEntity
  8
0
100
AcDb2dPolyline
 66
     1
 10
0.0
 20
0.0
 30
0.0
 70
     1
  0
VERTEX
  5
120
330
11F
100
AcDbEntity
  8
0
100
AcDbVertex
100
AcDb2dVertex
 10
8.349340177332308
 20
10.66148139681573
 30
0.0
  0
VERTEX
  5
121
330
11F
100
AcDbEntity
  8
0
100
AcDbVertex
100
AcDb2dVertex
 10
8.882710630236543
 20
11.58530612050189
 30
0.0
 42
0.2324998223916689
  0
VERTEX
  5
123
330
11F
100
AcDbEntity
  8
0
100
AcDbVertex
100
AcDb2dVertex
 10
22.11728936976343
 20
11.58530612050187
 30
0.0
  0
VERTEX
  5
124
330
11F
100
AcDbEntity
  8
0
100
AcDbVertex
100
AcDb2dVertex
 10
24.16025403784438
 20
8.046787517317568
 30
0.0
  0
VERTEX
  5
125
330
11F
100
AcDbEntity
  8
0
100
AcDbVertex
100
AcDb2dVertex
 10
19.05255888325767
 20
-0.8000000000000007
 30
0.0
  0
VERTEX
  5
126
330
11F
100
AcDbEntity
  8
0
100
AcDbVertex
100
AcDb2dVertex
 10
14.96662954709576
 20
-0.8000000000000007
 30
0.0
 42
0.2324998223916692
  0
SEQEND
  5
122
330
11F
100
AcDbEntity
  8
0
  0
POLYLINE
  5
127
330
70
100
AcDbEntity
  8
0
100
AcDb2dPolyline
 66
     1
 10
0.0
 20
0.0
 30
0.0
 70
     1
  0
VERTEX
  5
128
330
127
100
AcDbEntity
  8
0
100
AcDbVertex
100
AcDb2dVertex
 10
-7.117289369763448
 20
-16.12750680060015
 30
0.0
  0
VERTEX
  5
129
330
127
100
AcDbEntity
  8
0
100
AcDbVertex
100
AcDb2dVertex
 10
-6.61728936976345
 20
-15.26148139681572
 30
0.0
 42
0.2324998223916687
  0
VERTEX
  5
12B
330
127
100
AcDbEntity
  8
0
100
AcDbVertex
100
AcDb2dVertex
 10
6.617289369763423
 20
-15.26148139681573
 30
0.0
  0
VERTEX
  5
12C
330
127
100
AcDbEntity
  8
0
100
AcDbVertex
100
AcDb2dVertex
 10
8.660254037844389
 20
-18.80000000000004
 30
0.0
  0
VERTEX
  5
12D
330
127
100
AcDbEntity
  8
0
100
AcDbVertex
100
AcDb2dVertex
 10
5.873091687003162
 20
-23.62750680060017
 30
0.0
  0
SEQEND
  5
12A
330
127
100
AcDbEntity
  8
0
  0
POLYLINE
  5
12E
330
70
100
AcDbEntity
  8
0
100
AcDb2dPolyline
 66
     1
 10
0.0
 20
0.0
 30
0.0
 70
     1
  0
VERTEX
  5
12F
330
12E
100
AcDbEntity
  8
0
100
AcDbVertex
100
AcDb2dVertex
 10
9.814954576223641
 20
-16.80000000000004
 30
0.0
  0
VERTEX
  5
130
330
12E
100
AcDbEntity
  8
0
100
AcDbVertex
100
AcDb2dVertex
 10
8.349340177332308
 20
-14.26148139681572
 30
0.0
 42
0.2324998223916693
  0
VERTEX
  5
132
330
12E
100
AcDbEntity
  8
0
100
AcDbVertex
100
AcDb2dVertex
 10
14.96662954709576
 20
-2.799999999999995
 30
0.0
  0
VERTEX
  5
133
330
12E
100
AcDbEntity
  8
0
100
AcDbVertex
100
AcDb2dVertex
 10
17.89785834487841
 20
-2.799999999999993
 30
0.0
  0
SEQEND
  5
131
330
12E
100
AcDbEntity
  8
0
  0
POLYLINE
  5
134
330
70
100
AcDbEntity
  8
0
100
AcDb2dPolyline
 66
     1
 10
0.0
 20
0.0
 30
0.0
 70
     1
  0
VERTEX
  5
135
330
134
100
AcDbEntity
  8
0
100
AcDbVertex
100
AcDb2dVertex
 10
40.81495457622363
 20
36.89357503463521
 30
0.0
  0
VERTEX
  5
136
330
134
100
AcDbEntity
  8
0
100
AcDbVertex
100
AcDb2dVertex
 10
39.3493401773323
 20
39.43209363781952
 30
0.0
 42
0.2324998223916698
  0
VERTEX
  5
138
330
134
100
AcDbEntity
  8
0
100
AcDbVertex
100
AcDb2dVertex
 10
45.96662954709576
 20
50.89357503463525
 30
0.0
  0
VERTEX
  5
139
330
134
100
AcDbEntity
  8
0
100
AcDbVertex
100
AcDb2dVertex
 10
48.8978583448784
 20
50.89357503463526
 30
0.0
  0
SEQEND
  5
137
330
134
100
AcDbEntity
  8
0
  0
POLYLINE
  5
13A
330
70
100
AcDbEntity
  8
0
100
AcDb2dPolyline
 66
     1
 10
0.0
 20
0.0
 30
0.0
 70
     1
  0
VERTEX
  5
13B
330
13A
100
AcDbEntity
  8
0
100
AcDbVertex
100
AcDb2dVertex
 10
44.25597656720977
 20
46.31269337914428
 30
0.0
  0
VERTEX
  5
13C
330
13A
100
AcDbEntity
  8
0
100
AcDbVertex
100
AcDb2dVertex
 10
44.13982566049529
 20
46.0443717626468
 30
0.0
  0
VERTEX
  5
13E
330
13A
100
AcDbEntity
  8
0
100
AcDbVertex
100
AcDb2dVertex
 10
42.359740790073
 20
46.81493387548434
 30
0.0
  0
VERTEX
  5
13F
330
13A
100
AcDbEntity
  8
0
100
AcDbVertex
100
AcDb2dVertex
 10
42.06653057434255
 20
46.13758540456998
 30
0.0
  0
VERTEX
  5
140
330
13A
100
AcDbEntity
  8
0
100
AcDbVertex
100
AcDb2dVertex
 10
41.82765889136307
 20
46.24098804103531
 30
0.0
  0
VERTEX
  5
141
330
13A
100
AcDbEntity
  8
0
100
AcDbVertex
100
AcDb2dVertex
 10
42.53023022953847
 20
47.8640065993615
 30
0.0
  0
VERTEX
  5
142
330
13A
100
AcDbEntity
  8
0
100
AcDbVertex
100
AcDb2dVertex
 10
42.76910191251793
 20
47.76060396289617
 30
0.0
  0
VERTEX
  5
143
330
13A
100
AcDbEntity
  8
0
100
AcDbVertex
100
AcDb2dVertex
 10
42.47589169678748
 20
47.0832554919818
 30
0.0
  0
SEQEND
  5
13D
330
13A
100
AcDbEntity
  8
0
  0
POLYLINE
  5
144
330
70
100
AcDbEntity
  8
0
100
AcDb2dPolyline
 66
     1
 10
0.0
 20
0.0
 30
0.0
  0
VERTEX
  5
145
330
144
100
AcDbEntity
  8
0
100
AcDbVertex
100
AcDb2dVertex
 10
41.05036470044672
 20
41.7649308357222
 30
0.0
  0
VERTEX
  5
146
330
144
100
AcDbEntity
  8
0
100
AcDbVertex
100
AcDb2dVertex
 10
40.77871246956732
 20
42.0120859733787
 30
0.0
  0
VERTEX
  5
148
330
144
100
AcDbEntity
  8
0
100
AcDbVertex
100
AcDb2dVertex
 10
40.79310985622692
 20
42.0279103751775
 30
0.0
  0
SEQEND
  5
147
330
144
100
AcDbEntity
  8
0
  0
POLYLINE
  5
149
330
70
100
AcDbEntity
  8
0
100
AcDb2dPolyline
 66
     1
 10
0.0
 20
0.0
 30
0.0
  0
VERTEX
  5
14A
330
149
100
AcDbEntity
  8
0
100
AcDbVertex
100
AcDb2dVertex
 10
40.54618487256909
 20
44.13018266253326
 30
0.0
  0
VERTEX
  5
14B
330
149
100
AcDbEntity
  8
0
100
AcDbVertex
100
AcDb2dVertex
 10
40.8046501019495
 20
43.89502534709309
 30
0.0
  0
VERTEX
  5
14D
330
149
100
AcDbEntity
  8
0
100
AcDbVertex
100
AcDb2dVertex
 10
40.7902527152899
 20
43.87920094529428
 30
0.0
  0
SEQEND
  5
14C
330
149
100
AcDbEntity
  8
0
  0
POLYLINE
  5
14E
330
70
100
AcDbEntity
  8
0
100
AcDb2dPolyline
 66
     1
 10
0.0
 20
0.0
 30
0.0
  0
VERTEX
  5
14F
330
14E
100
AcDbEntity
  8
0
100
AcDbVertex
100
AcDb2dVertex
 10
39.21527679593491
 20
41.27399143213169
 30
0.0
  0
VERTEX
  5
150
330
14E
100
AcDbEntity
  8
0
100
AcDbVertex
100
AcDb2dVertex
 10
40.41574698071688
 20
40.97735929253907
 30
0.0
  0
VERTEX
  5
152
330
14E
100
AcDbEntity
  8
0
100
AcDbVertex
100
AcDb2dVertex
 10
40.11189230419659
 20
40.7495977536822
 30
0.0
  0
VERTEX
  5
153
330
14E
100
AcDbEntity
  8
0
100
AcDbVertex
100
AcDb2dVertex
 10
39.03051089846115
 20
41.03300454249572
 30
0.0
  0
VERTEX
  5
154
330
14E
100
AcDbEntity
  8
0
100
AcDbVertex
100
AcDb2dVertex
 10
38.76231991636812
 20
40.83197557862205
 30
0.0
  0
VERTEX
  5
155
330
14E
100
AcDbEntity
  8
0
100
AcDbVertex
100
AcDb2dVertex
 10
39.28734768903821
 20
40.13154062007055
 30
0.0
  0
VERTEX
  5
156
330
14E
100
AcDbEntity
  8
0
100
AcDbVertex
100
AcDb2dVertex
 10
39.05339385359535
 20
39.95617492818076
 30
0.0
  0
VERTEX
  5
157
330
14E
100
AcDbEntity
  8
0
100
AcDbVertex
100
AcDb2dVertex
 10
37.73387395242449
 20
41.71653488511056
 30
0.0
  0
VERTEX
  5
158
330
14E
100
AcDbEntity
  8
0
100
AcDbVertex
100
AcDb2dVertex
 10
38.1875161455393
 20
42.05657323889687
 30
0.0
  0
SEQEND
  5
151
330
14E
100
AcDbEntity
  8
0
  0
POLYLINE
  5
159
330
70
100
AcDbEntity
  8
0
100
AcDb2dPolyline
 66
     1
 10
0.0
 20
0.0
 30
0.0
 70
     1
  0
VERTEX
  5
15A
330
159
100
AcDbEntity
  8
0
100
AcDbVertex
100
AcDb2dVertex
 10
34.77780485176064
 20
40.29618865150291
 30
0.0
  0
VERTEX
  5
15B
330
159
100
AcDbEntity
  8
0
100
AcDbVertex
100
AcDb2dVertex
 10
35.0651222653944
 20
40.37424264029055
 30
0.0
  0
VERTEX
  5
15D
330
159
100
AcDbEntity
  8
0
100
AcDbVertex
100
AcDb2dVertex
 10
34.91068347120016
 20
38.0525502231719
 30
0.0
  0
VERTEX
  5
15E
330
159
100
AcDbEntity
  8
0
100
AcDbVertex
100
AcDb2dVertex
 10
34.60616142201948
 20
37.96982234284011
 30
0.0
  0
VERTEX
  5
15F
330
159
100
AcDbEntity
  8
0
100
AcDbVertex
100
AcDb2dVertex
 10
33.29820619472445
 20
39.89423397870441
 30
0.0
  0
VERTEX
  5
160
330
159
100
AcDbEntity
  8
0
100
AcDbVertex
100
AcDb2dVertex
 10
33.60100778035045
 20
39.97649446988179
 30
0.0
  0
VERTEX
  5
161
330
159
100
AcDbEntity
  8
0
100
AcDbVertex
100
AcDb2dVertex
 10
34.66848019933282
 20
38.37286641713177
 30
0.0
  0
SEQEND
  5
15C
330
159
100
AcDbEntity
  8
0
  0
POLYLINE
  5
162
330
70
100
AcDbEntity
  8
0
100
AcDb2dPolyline
 66
     1
 10
0.0
 20
0.0
 30
0.0
 70
     1
  0
VERTEX
  5
163
330
162
100
AcDbEntity
  8
0
100
AcDbVertex
100
AcDb2dVertex
 10
30.833137782854
 20
39.68716119100316
 30
0.0
  0
VERTEX
  5
164
330
162
100
AcDbEntity
  8
0
100
AcDbVertex
100
AcDb2dVertex
 10
30.661291368635
 20
37.49388310615664
 30
0.0
  0
VERTEX
  5
166
330
162
100
AcDbEntity
  8
0
100
AcDbVertex
100
AcDb2dVertex
 10
30.33425476603227
 20
37.51950688266904
 30
0.0
  0
VERTEX
  5
167
330
162
100
AcDbEntity
  8
0
100
AcDbVertex
100
AcDb2dVertex
 10
29.51198146814153
 20
39.48666735628352
 30
0.0
  0
VERTEX
  5
168
330
162
100
AcDbEntity
  8
0
100
AcDbVertex
100
AcDb2dVertex
 10
29.36380919526551
 20
37.59554265427647
 30
0.0
  0
VERTEX
  5
169
330
162
100
AcDbEntity
  8
0
100
AcDbVertex
100
AcDb2dVertex
 10
29.09187115070998
 20
37.61684938148514
 30
0.0
  0
VERTEX
  5
16A
330
162
100
AcDbEntity
  8
0
100
AcDbVertex
100
AcDb2dVertex
 10
29.26371756492898
 20
39.81012746633166
 30
0.0
  0
VERTEX
  5
16B
330
162
100
AcDbEntity
  8
0
100
AcDbVertex
100
AcDb2dVertex
 10
29.67784543670307
 20
39.77767996672629
 30
0.0
  0
VERTEX
  5
16C
330
162
100
AcDbEntity
  8
0
100
AcDbVertex
100
AcDb2dVertex
 10
30.42514305540385
 20
37.97197465330498
 30
0.0
  0
VERTEX
  5
16D
330
162
100
AcDbEntity
  8
0
100
AcDbVertex
100
AcDb2dVertex
 10
30.56119973829848
 20
39.70846791821183
 30
0.0
  0
SEQEND
  5
165
330
162
100
AcDbEntity
  8
0
  0
POLYLINE
  5
16E
330
70
100
AcDbEntity
  8
0
100
AcDb2dPolyline
 66
     1
 10
0.0
 20
0.0
 30
0.0
 70
     1
  0
VERTEX
  5
16F
330
16E
100
AcDbEntity
  8
0
100
AcDbVertex
100
AcDb2dVertex
 10
21.20953717955496
 20
41.35725724498531
 30
0.0
  0
VERTEX
  5
170
330
16E
100
AcDbEntity
  8
0
100
AcDbVertex
100
AcDb2dVertex
 10
20.99735858747076
 20
41.55842326615085
 30
0.0
  0
VERTEX
  5
172
330
16E
100
AcDbEntity
  8
0
100
AcDbVertex
100
AcDb2dVertex
 10
22.33192341081295
 20
42.96604709656316
 30
0.0
  0
VERTEX
  5
173
330
16E
100
AcDbEntity
  8
0
100
AcDbVertex
100
AcDb2dVertex
 10
21.79630184299062
 20
43.47386863779816
 30
0.0
  0
VERTEX
  5
174
330
16E
100
AcDbEntity
  8
0
100
AcDbVertex
100
AcDb2dVertex
 10
21.97538866671117
 20
43.66275933562921
 30
0.0
  0
VERTEX
  5
175
330
16E
100
AcDbEntity
  8
0
100
AcDbVertex
100
AcDb2dVertex
 10
23.25881039444004
 20
42.44595023199368
 30
0.0
  0
VERTEX
  5
176
330
16E
100
AcDbEntity
  8
0
100
AcDbVertex
100
AcDb2dVertex
 10
23.07972357071949
 20
42.25705953416262
 30
0.0
  0
VERTEX
  5
177
330
16E
100
AcDbEntity
  8
0
100
AcDbVertex
100
AcDb2dVertex
 10
22.54410200289716
 20
42.76488107539761
 30
0.0
  0
SEQEND
  5
171
330
16E
100
AcDbEntity
  8
0
  0
POLYLINE
  5
178
330
70
100
AcDbEntity
  8
0
100
AcDb2dPolyline
 66
     1
 10
0.0
 20
0.0
 30
0.0
 70
     1
  0
VERTEX
  5
179
330
178
100
AcDbEntity
  8
0
100
AcDbVertex
100
AcDb2dVertex
 10
18.14602373384611
 20
49.05109333350077
 30
0.0
  0
VERTEX
  5
17A
330
178
100
AcDbEntity
  8
0
100
AcDbVertex
100
AcDb2dVertex
 10
17.16778631792399
 20
47.84443119360331
 30
0.0
  0
VERTEX
  5
17C
330
178
100
AcDbEntity
  8
0
100
AcDbVertex
100
AcDb2dVertex
 10
17.08503967448287
 20
48.21504686518905
 30
0.0
  0
VERTEX
  5
17D
330
178
100
AcDbEntity
  8
0
100
AcDbVertex
100
AcDb2dVertex
 10
17.90858267588319
 20
49.22276630753815
 30
0.0
  0
VERTEX
  5
17E
330
178
100
AcDbEntity
  8
0
100
AcDbVertex
100
AcDb2dVertex
 10
17.73967362552542
 20
49.31657781099092
 30
0.0
  0
VERTEX
  5
17F
330
178
100
AcDbEntity
  8
0
100
AcDbVertex
100
AcDb2dVertex
 10
16.88186364387394
 20
49.1250562372047
 30
0.0
  0
VERTEX
  5
180
330
178
100
AcDbEntity
  8
0
100
AcDbVertex
100
AcDb2dVertex
 10
16.81815261324323
 20
49.41041290452893
 30
0.0
  0
VERTEX
  5
181
330
178
100
AcDbEntity
  8
0
100
AcDbVertex
100
AcDb2dVertex
 10
18.96528753689013
 20
49.88979956183564
 30
0.0
  0
VERTEX
  5
182
330
178
100
AcDbEntity
  8
0
100
AcDbVertex
100
AcDb2dVertex
 10
19.02899856752084
 20
49.60444289451145
 30
0.0
  0
VERTEX
  5
183
330
178
100
AcDbEntity
  8
0
100
AcDbVertex
100
AcDb2dVertex
 10
18.04243008963771
 20
49.38417366056255
 30
0.0
  0
VERTEX
  5
184
330
178
100
AcDbEntity
  8
0
100
AcDbVertex
100
AcDb2dVertex
 10
19.22557040593025
 20
48.72401317703547
 30
0.0
  0
VERTEX
  5
185
330
178
100
AcDbEntity
  8
0
100
AcDbVertex
100
AcDb2dVertex
 10
19.30326678474819
 20
48.37601724127423
 30
0.0
  0
SEQEND
  5
17B
330
178
100
AcDbEntity
  8
0
  0
POLYLINE
  5
186
330
70
100
AcDbEntity
  8
0
100
AcDb2dPolyline
 66
     1
 10
0.0
 20
0.0
 30
0.0
 70
     1
  0
VERTEX
  5
187
330
186
100
AcDbEntity
  8
0
100
AcDbVertex
100
AcDb2dVertex
 10
20.04613537861247
 20
46.53306491985566
 30
0.0
  0
VERTEX
  5
188
330
186
100
AcDbEntity
  8
0
100
AcDbVertex
100
AcDb2dVertex
 10
20.16947411668106
 20
46.24842790340713
 30
0.0
  0
VERTEX
  5
18A
330
186
100
AcDbEntity
  8
0
100
AcDbVertex
100
AcDb2dVertex
 10
18.74842514489254
 20
46.44289103023384
 30
0.0
  0
VERTEX
  5
18B
330
186
100
AcDbEntity
  8
0
100
AcDbVertex
100
AcDb2dVertex
 10
17.85525381741608
 20
46.05586257629446
 30
0.0
  0
VERTEX
  5
18C
330
186
100
AcDbEntity
  8
0
100
AcDbVertex
100
AcDb2dVertex
 10
17.73900351256982
 20
46.32414114352181
 30
0.0
  0
VERTEX
  5
18D
330
186
100
AcDbEntity
  8
0
100
AcDbVertex
100
AcDb2dVertex
 10
18.60436547637027
 20
46.69911926098324
 30
0.0
  0
VERTEX
  5
18E
330
186
100
AcDbEntity
  8
0
100
AcDbVertex
100
AcDb2dVertex
 10
19.46204848109222
 20
47.88100113568095
 30
0.0
  0
VERTEX
  5
18F
330
186
100
AcDbEntity
  8
0
100
AcDbVertex
100
AcDb2dVertex
 10
19.59105796573868
 20
47.58327735985547
 30
0.0
  0
VERTEX
  5
190
330
186
100
AcDbEntity
  8
0
100
AcDbVertex
100
AcDb2dVertex
 10
18.92891519282099
 20
46.67654090572712
 30
0.0
  0
SEQEND
  5
189
330
186
100
AcDbEntity
  8
0
  0
POLYLINE
  5
191
330
70
100
AcDbEntity
  8
0
100
AcDb2dPolyline
 66
     1
 10
0.0
 20
0.0
 30
0.0
  0
VERTEX
  5
192
330
191
100
AcDbEntity
  8
0
100
AcDbVertex
100
AcDb2dVertex
 10
26.45250164982146
 20
39.09944058751179
 30
0.0
  0
VERTEX
  5
193
330
191
100
AcDbEntity
  8
0
100
AcDbVertex
100
AcDb2dVertex
 10
26.83563419034393
 20
40.41766323873956
 30
0.0
  0
VERTEX
  5
195
330
191
100
AcDbEntity
  8
0
100
AcDbVertex
100
AcDb2dVertex
 10
27.11639849528074
 20
40.33606098335557
 30
0.0
  0
VERTEX
  5
196
330
191
100
AcDbEntity
  8
0
100
AcDbVertex
100
AcDb2dVertex
 10
26.73326595475828
 20
39.01783833212779
 30
0.0
  0
SEQEND
  5
194
330
191
100
AcDbEntity
  8
0
  0
POLYLINE
  5
197
330
70
100
AcDbEntity
  8
0
100
AcDb2dPolyline
 66
     1
 10
0.0
 20
0.0
 30
0.0
  0
VERTEX
  5
198
330
197
100
AcDbEntity
  8
0
100
AcDbVertex
100
AcDb2dVertex
 10
27.69854292590322
 20
38.72986070095882
 30
0.0
  0
VERTEX
  5
199
330
197
100
AcDbEntity
  8
0
100
AcDbVertex
100
AcDb2dVertex
 10
28.0836657653375
 20
40.0549312620631
 30
0.0
  0
VERTEX
  5
19B
330
197
100
AcDbEntity
  8
0
100
AcDbVertex
100
AcDb2dVertex
 10
28.36443007027432
 20
39.9733290066791
 30
0.0
  0
VERTEX
  5
19C
330
197
100
AcDbEntity
  8
0
100
AcDbVertex
100
AcDb2dVertex
 10
27.98129752975186
 20
38.65510635545131
 30
0.0
  0
SEQEND
  5
19A
330
197
100
AcDbEntity
  8
0
  0
POLYLINE
  5
19D
330
70
100
AcDbEntity
  8
0
100
AcDb2dPolyline
 66
     1
 10
0.0
 20
0.0
 30
0.0
 70
     1
  0
VERTEX
  5
19E
330
19D
100
AcDbEntity
  8
0
100
AcDbVertex
100
AcDb2dVertex
 10
32.79160236264312
 20
37.84344189505445
 30
0.0
  0
VERTEX
  5
19F
330
19D
100
AcDbEntity
  8
0
100
AcDbVertex
100
AcDb2dVertex
 10
32.81331442337847
 20
37.61985831254423
 30
0.0
  0
VERTEX
  5
1A1
330
19D
100
AcDbEntity
  8
0
100
AcDbVertex
100
AcDb2dVertex
 10
31.96511638814125
 20
37.53749033610376
 30
0.0
  0
VERTEX
  5
1A2
330
19D
100
AcDbEntity
  8
0
100
AcDbVertex
100
AcDb2dVertex
 10
31.94340432740589
 20
37.76107391861398
 30
0.0
  0
VERTEX
  5
1A3
330
19D
100
AcDbEntity
  8
0
100
AcDbVertex
100
AcDb2dVertex
 10
32.22199656910514
 20
37.788127835562
 30
0.0
  0
VERTEX
  5
1A4
330
19D
100
AcDbEntity
  8
0
100
AcDbVertex
100
AcDb2dVertex
 10
32.05278034972325
 20
39.53066020084016
 30
0.0
  0
VERTEX
  5
1A5
330
19D
100
AcDbEntity
  8
0
100
AcDbVertex
100
AcDb2dVertex
 10
31.77418810802399
 20
39.50360628389214
 30
0.0
  0
VERTEX
  5
1A6
330
19D
100
AcDbEntity
  8
0
100
AcDbVertex
100
AcDb2dVertex
 10
31.75247604728864
 20
39.72718986640237
 30
0.0
  0
VERTEX
  5
1A7
330
19D
100
AcDbEntity
  8
0
100
AcDbVertex
100
AcDb2dVertex
 10
32.60067408252587
 20
39.80955784284285
 30
0.0
  0
VERTEX
  5
1A8
330
19D
100
AcDbEntity
  8
0
100
AcDbVertex
100
AcDb2dVertex
 10
32.62238614326122
 20
39.58597426033263
 30
0.0
  0
VERTEX
  5
1A9
330
19D
100
AcDbEntity
  8
0
100
AcDbVertex
100
AcDb2dVertex
 10
32.34379390156197
 20
39.5589203433846
 30
0.0
  0
VERTEX
  5
1AA
330
19D
100
AcDbEntity
  8
0
100
AcDbVertex
100
AcDb2dVertex
 10
32.51301012094386
 20
37.81638797810645
 30
0.0
  0
SEQEND
  5
1A0
330
19D
100
AcDbEntity
  8
0
  0
POLYLINE
  5
1AB
330
70
100
AcDbEntity
  8
0
100
AcDb2dPolyline
 66
     1
 10
0.0
 20
0.0
 30
0.0
 70
     1
  0
VERTEX
  5
1AC
330
1AB
100
AcDbEntity
  8
0
100
AcDbVertex
100
AcDb2dVertex
 10
37.97501129700828
 20
39.29361988914929
 30
0.0
  0
VERTEX
  5
1AD
330
1AB
100
AcDbEntity
  8
0
100
AcDbVertex
100
AcDb2dVertex
 10
36.73776114526985
 20
38.69069709490317
 30
0.0
  0
VERTEX
  5
1AF
330
1AB
100
AcDbEntity
  8
0
100
AcDbVertex
100
AcDb2dVertex
 10
35.77402186016661
 20
40.6683741509203
 30
0.0
  0
VERTEX
  5
1B0
330
1AB
100
AcDbEntity
  8
0
100
AcDbVertex
100
AcDb2dVertex
 10
37.01127201190503
 20
41.27129694516641
 30
0.0
  0
VERTEX
  5
1B1
330
1AB
100
AcDbEntity
  8
0
100
AcDbVertex
100
AcDb2dVertex
 10
37.12529627092048
 20
41.03730922216927
 30
0.0
  0
VERTEX
  5
1B2
330
1AB
100
AcDbEntity
  8
0
100
AcDbVertex
100
AcDb2dVertex
 10
36.15088164364463
 20
40.56246847229667
 30
0.0
  0
VERTEX
  5
1B3
330
1AB
100
AcDbEntity
  8
0
100
AcDbVertex
100
AcDb2dVertex
 10
36.41485561314615
 20
40.02077086700189
 30
0.0
  0
VERTEX
  5
1B4
330
1AB
100
AcDbEntity
  8
0
100
AcDbVertex
100
AcDb2dVertex
 10
37.32356135930638
 20
40.46359110578108
 30
0.0
  0
VERTEX
  5
1B5
330
1AB
100
AcDbEntity
  8
0
100
AcDbVertex
100
AcDb2dVertex
 10
37.43758561832184
 20
40.22960338278389
 30
0.0
  0
VERTEX
  5
1B6
330
1AB
100
AcDbEntity
  8
0
100
AcDbVertex
100
AcDb2dVertex
 10
36.52887987216162
 20
39.7867831440047
 30
0.0
  0
VERTEX
  5
1B7
330
1AB
100
AcDbEntity
  8
0
100
AcDbVertex
100
AcDb2dVertex
 10
36.88657241071697
 20
39.05276686227387
 30
0.0
  0
VERTEX
  5
1B8
330
1AB
100
AcDbEntity
  8
0
100
AcDbVertex
100
AcDb2dVertex
 10
37.86098703799281
 20
39.52760761214647
 30
0.0
  0
SEQEND
  5
1AE
330
1AB
100
AcDbEntity
  8
0
  0
POLYLINE
  5
1B9
330
70
100
AcDbEntity
  8
0
100
AcDb2dPolyline
 66
     1
 10
0.0
 20
0.0
 30
0.0
 70
     1
  0
VERTEX
  5
1BA
330
1B9
100
AcDbEntity
  8
0
100
AcDbVertex
100
AcDb2dVertex
 10
43.11342830998899
 20
44.5532116346031
 30
0.0
  0
VERTEX
  5
1BB
330
1B9
100
AcDbEntity
  8
0
100
AcDbVertex
100
AcDb2dVertex
 10
43.30196233296056
 20
44.43108074526037
 30
0.0
  0
VERTEX
  5
1BD
330
1B9
100
AcDbEntity
  8
0
100
AcDbVertex
100
AcDb2dVertex
 10
42.83864038767624
 20
43.71584849938415
 30
0.0
  0
VERTEX
  5
1BE
330
1B9
100
AcDbEntity
  8
0
100
AcDbVertex
100
AcDb2dVertex
 10
42.65010636470467
 20
43.83797938872688
 30
0.0
  0
VERTEX
  5
1BF
330
1B9
100
AcDbEntity
  8
0
100
AcDbVertex
100
AcDb2dVertex
 10
42.8022853299968
 20
44.07289876655652
 30
0.0
  0
VERTEX
  5
1C0
330
1B9
100
AcDbEntity
  8
0
100
AcDbVertex
100
AcDb2dVertex
 10
41.33291699223436
 20
45.02474426921176
 30
0.0
  0
VERTEX
  5
1C1
330
1B9
100
AcDbEntity
  8
0
100
AcDbVertex
100
AcDb2dVertex
 10
41.18073802694222
 20
44.78982489138212
 30
0.0
  0
VERTEX
  5
1C2
330
1B9
100
AcDbEntity
  8
0
100
AcDbVertex
100
AcDb2dVertex
 10
40.99220400397067
 20
44.91195578072487
 30
0.0
  0
VERTEX
  5
1C3
330
1B9
100
AcDbEntity
  8
0
100
AcDbVertex
100
AcDb2dVertex
 10
41.45552594925499
 20
45.62718802660109
 30
0.0
  0
VERTEX
  5
1C4
330
1B9
100
AcDbEntity
  8
0
100
AcDbVertex
100
AcDb2dVertex
 10
41.64405997222655
 20
45.50505713725835
 30
0.0
  0
VERTEX
  5
1C5
330
1B9
100
AcDbEntity
  8
0
100
AcDbVertex
100
AcDb2dVertex
 10
41.49188100693442
 20
45.27013775942871
 30
0.0
  0
VERTEX
  5
1C6
330
1B9
100
AcDbEntity
  8
0
100
AcDbVertex
100
AcDb2dVertex
 10
42.96124934469687
 20
44.31829225677346
 30
0.0
  0
SEQEND
  5
1BC
330
1B9
100
AcDbEntity
  8
0
  0
POLYLINE
  5
1C7
330
70
100
AcDbEntity
  8
0
100
AcDb2dPolyline
 66
     1
 10
0.0
 20
0.0
 30
0.0
 70
     1
  0
VERTEX
  5
1C8
330
1C7
100
AcDbEntity
  8
0
100
AcDbVertex
100
AcDb2dVertex
 10
43.01218052861941
 20
49.78888080929126
 30
0.0
  0
VERTEX
  5
1C9
330
1C7
100
AcDbEntity
  8
0
100
AcDbVertex
100
AcDb2dVertex
 10
43.07977637819103
 20
50.09163727340354
 30
0.0
  0
VERTEX
  5
1CB
330
1C7
100
AcDbEntity
  8
0
100
AcDbVertex
100
AcDb2dVertex
 10
44.1148854473743
 20
49.09879020420762
 30
0.0
  0
VERTEX
  5
1CC
330
1C7
100
AcDbEntity
  8
0
100
AcDbVertex
100
AcDb2dVertex
 10
45.06491435200252
 20
48.88667909003462
 30
0.0
  0
VERTEX
  5
1CD
330
1C7
100
AcDbEntity
  8
0
100
AcDbVertex
100
AcDb2dVertex
 10
45.0012033213718
 20
48.60132242271041
 30
0.0
  0
VERTEX
  5
1CE
330
1C7
100
AcDbEntity
  8
0
100
AcDbVertex
100
AcDb2dVertex
 10
44.08075407128329
 20
48.80682934468388
 30
0.0
  0
VERTEX
  5
1CF
330
1C7
100
AcDbEntity
  8
0
100
AcDbVertex
100
AcDb2dVertex
 10
42.69207144788949
 20
48.3551375539549
 30
0.0
  0
VERTEX
  5
1D0
330
1C7
100
AcDbEntity
  8
0
100
AcDbVertex
100
AcDb2dVertex
 10
42.7627751526138
 20
48.67181385549764
 30
0.0
  0
VERTEX
  5
1D1
330
1C7
100
AcDbEntity
  8
0
100
AcDbVertex
100
AcDb2dVertex
 10
43.83150984242021
 20
49.01592170454612
 30
0.0
  0
SEQEND
  5
1CA
330
1C7
100
AcDbEntity
  8
0
  0
POLYLINE
  5
1D2
330
70
100
AcDbEntity
  8
0
100
AcDb2dPolyline
 66
     1
 10
0.0
 20
0.0
 30
0.0
 70
     1
  0
VERTEX
  5
1D3
330
1D2
100
AcDbEntity
  8
0
100
AcDbVertex
100
AcDb2dVertex
 10
37.54405323041579
 20
42.55894235211984
 30
0.0
  0
VERTEX
  5
1D4
330
1D2
100
AcDbEntity
  8
0
100
AcDbVertex
100
AcDb2dVertex
 10
36.18060403334045
 20
44.92050563499333
 30
0.0
  0
VERTEX
  5
1D6
330
1D2
100
AcDbEntity
  8
0
100
AcDbVertex
100
AcDb2dVertex
 10
36.39673366413406
 20
44.94237515248139
 30
0.0
  0
VERTEX
  5
1D7
330
1D2
100
AcDbEntity
  8
0
100
AcDbVertex
100
AcDb2dVertex
 10
36.79351307965513
 20
45.003080128089
 30
0.0
  0
VERTEX
  5
1D8
330
1D2
100
AcDbEntity
  8
0
100
AcDbVertex
100
AcDb2dVertex
 10
36.93580989213792
 20
45.01771640517119
 30
0.0
  0
VERTEX
  5
1D9
330
1D2
100
AcDbEntity
  8
0
100
AcDbVertex
100
AcDb2dVertex
 10
37.05777858855177
 20
45.04780208584074
 30
0.0
  0
VERTEX
  5
1DA
330
1D2
100
AcDbEntity
  8
0
100
AcDbVertex
100
AcDb2dVertex
 10
37.2204035171034
 20
45.06182851804462
 30
0.0
  0
VERTEX
  5
1DB
330
1D2
100
AcDbEntity
  8
0
100
AcDbVertex
100
AcDb2dVertex
 10
37.36270032958613
 20
45.1238294140187
 30
0.0
  0
VERTEX
  5
1DC
330
1D2
100
AcDbEntity
  8
0
100
AcDbVertex
100
AcDb2dVertex
 10
37.73853225675193
 20
45.25862855718376
 30
0.0
  0
VERTEX
  5
1DD
330
1D2
100
AcDbEntity
  8
0
100
AcDbVertex
100
AcDb2dVertex
 10
37.95221569558623
 20
45.36736080214
 30
0.0
  0
VERTEX
  5
1DE
330
1D2
100
AcDbEntity
  8
0
100
AcDbVertex
100
AcDb2dVertex
 10
38.27482289760069
 20
45.58853121138539
 30
0.0
  0
VERTEX
  5
1DF
330
1D2
100
AcDbEntity
  8
0
100
AcDbVertex
100
AcDb2dVertex
 10
38.4042050038435
 20
45.75333226095565
 30
0.0
  0
VERTEX
  5
1E0
330
1D2
100
AcDbEntity
  8
0
100
AcDbVertex
100
AcDb2dVertex
 10
38.46387437704193
 20
45.81356397152735
 30
0.0
  0
VERTEX
  5
1E1
330
1D2
100
AcDbEntity
  8
0
100
AcDbVertex
100
AcDb2dVertex
 10
38.66369975799992
 20
45.95667423633303
 30
0.0
  0
VERTEX
  5
1E2
330
1D2
100
AcDbEntity
  8
0
100
AcDbVertex
100
AcDb2dVertex
 10
38.90662074502421
 20
46.17194947842022
 30
0.0
  0
VERTEX
  5
1E3
330
1D2
100
AcDbEntity
  8
0
100
AcDbVertex
100
AcDb2dVertex
 10
38.98493798844798
 20
46.27155747523101
 30
0.0
  0
VERTEX
  5
1E4
330
1D2
100
AcDbEntity
  8
0
100
AcDbVertex
100
AcDb2dVertex
 10
39.09071724617373
 20
46.42620397232045
 30
0.0
  0
VERTEX
  5
1E5
330
1D2
100
AcDbEntity
  8
0
100
AcDbVertex
100
AcDb2dVertex
 10
39.25545121676748
 20
46.69966857989141
 30
0.0
  0
VERTEX
  5
1E6
330
1D2
100
AcDbEntity
  8
0
100
AcDbVertex
100
AcDb2dVertex
 10
39.34319562401837
 20
46.98315116010103
 30
0.0
  0
VERTEX
  5
1E7
330
1D2
100
AcDbEntity
  8
0
100
AcDbVertex
100
AcDb2dVertex
 10
39.39373997589662
 20
47.18057652846098
 30
0.0
  0
VERTEX
  5
1E8
330
1D2
100
AcDbEntity
  8
0
100
AcDbVertex
100
AcDb2dVertex
 10
39.41909255112277
 20
47.37049794616867
 30
0.0
  0
VERTEX
  5
1E9
330
1D2
100
AcDbEntity
  8
0
100
AcDbVertex
100
AcDb2dVertex
 10
39.43555832513858
 20
47.77685791683156
 30
0.0
  0
VERTEX
  5
1EA
330
1D2
100
AcDbEntity
  8
0
100
AcDbVertex
100
AcDb2dVertex
 10
39.39347912487569
 20
48.20395261336122
 30
0.0
  0
VERTEX
  5
1EB
330
1D2
100
AcDbEntity
  8
0
100
AcDbVertex
100
AcDb2dVertex
 10
39.32456681140197
 20
48.48854688996396
 30
0.0
  0
VERTEX
  5
1EC
330
1D2
100
AcDbEntity
  8
0
100
AcDbVertex
100
AcDb2dVertex
 10
39.30139275908331
 20
48.630844028265
 30
0.0
  0
VERTEX
  5
1ED
330
1D2
100
AcDbEntity
  8
0
100
AcDbVertex
100
AcDb2dVertex
 10
39.19588983668555
 20
48.87478197963853
 30
0.0
  0
VERTEX
  5
1EE
330
1D2
100
AcDbEntity
  8
0
100
AcDbVertex
100
AcDb2dVertex
 10
39.12566651853847
 20
49.07222660416808
 30
0.0
  0
VERTEX
  5
1EF
330
1D2
100
AcDbEntity
  8
0
100
AcDbVertex
100
AcDb2dVertex
 10
39.05359302420276
 20
49.20029938860415
 30
0.0
  0
VERTEX
  5
1F0
330
1D2
100
AcDbEntity
  8
0
100
AcDbVertex
100
AcDb2dVertex
 10
38.92247667555781
 20
49.40077318728755
 30
0.0
  0
VERTEX
  5
1F1
330
1D2
100
AcDbEntity
  8
0
100
AcDbVertex
100
AcDb2dVertex
 10
38.78068806597699
 20
49.59530099840645
 30
0.0
  0
VERTEX
  5
1F2
330
1D2
100
AcDbEntity
  8
0
100
AcDbVertex
100
AcDb2dVertex
 10
38.66024397826832
 20
49.74035514376213
 30
0.0
  0
VERTEX
  5
1F3
330
1D2
100
AcDbEntity
  8
0
100
AcDbVertex
100
AcDb2dVertex
 10
38.25713743662078
 20
50.11479989912053
 30
0.0
  0
VERTEX
  5
1F4
330
1D2
100
AcDbEntity
  8
0
100
AcDbVertex
100
AcDb2dVertex
 10
38.21858270288821
 20
50.12212558131576
 30
0.0
  0
VERTEX
  5
1F5
330
1D2
100
AcDbEntity
  8
0
100
AcDbVertex
100
AcDb2dVertex
 10
38.15590937410004
 20
50.15233751893247
 30
0.0
  0
VERTEX
  5
1F6
330
1D2
100
AcDbEntity
  8
0
100
AcDbVertex
100
AcDb2dVertex
 10
38.02173785254217
 20
50.27539238377456
 30
0.0
  0
VERTEX
  5
1F7
330
1D2
100
AcDbEntity
  8
0
100
AcDbVertex
100
AcDb2dVertex
 10
37.89184119086139
 20
50.36707239716601
 30
0.0
  0
VERTEX
  5
1F8
330
1D2
100
AcDbEntity
  8
0
100
AcDbVertex
100
AcDb2dVertex
 10
37.78389889453524
 20
50.47054274487357
 30
0.0
  0
VERTEX
  5
1F9
330
1D2
100
AcDbEntity
  8
0
100
AcDbVertex
100
AcDb2dVertex
 10
37.67107785035243
 20
50.53803224475337
 30
0.0
  0
VERTEX
  5
1FA
330
1D2
100
AcDbEntity
  8
0
100
AcDbVertex
100
AcDb2dVertex
 10
37.56415195982973
 20
50.6250367807433
 30
0.0
  0
VERTEX
  5
1FB
330
1D2
100
AcDbEntity
  8
0
100
AcDbVertex
100
AcDb2dVertex
 10
37.44868826055782
 20
50.69913293347297
 30
0.0
  0
VERTEX
  5
1FC
330
1D2
100
AcDbEntity
  8
0
100
AcDbVertex
100
AcDb2dVertex
 10
37.40046615772057
 20
50.74732973652162
 30
0.0
  0
VERTEX
  5
1FD
330
1D2
100
AcDbEntity
  8
0
100
AcDbVertex
100
AcDb2dVertex
 10
37.38550027707339
 20
50.78994949624614
 30
0.0
  0
VERTEX
  5
1FE
330
1D2
100
AcDbEntity
  8
0
100
AcDbVertex
100
AcDb2dVertex
 10
37.38628094422628
 20
50.8055508647596
 30
0.0
  0
VERTEX
  5
1FF
330
1D2
100
AcDbEntity
  8
0
100
AcDbVertex
100
AcDb2dVertex
 10
37.44318162924246
 20
50.89357503463524
 30
0.0
  0
VERTEX
  5
200
330
1D2
100
AcDbEntity
  8
0
100
AcDbVertex
100
AcDb2dVertex
 10
42.3560556532627
 20
50.89357503463523
 30
0.0
 42
-0.2213979179283751
  0
SEQEND
  5
1D5
330
1D2
100
AcDbEntity
  8
0
  0
POLYLINE
  5
201
330
70
100
AcDbEntity
  8
0
100
AcDb2dPolyline
 66
     1
 10
0.0
 20
0.0
 30
0.0
 70
     1
  0
VERTEX
  5
202
330
201
100
AcDbEntity
  8
0
100
AcDbVertex
100
AcDb2dVertex
 10
28.08015864204158
 20
44.83626145261033
 30
0.0
  0
VERTEX
  5
203
330
201
100
AcDbEntity
  8
0
100
AcDbVertex
100
AcDb2dVertex
 10
28.35667154218965
 20
44.84106784832707
 30
0.0
  0
VERTEX
  5
205
330
201
100
AcDbEntity
  8
0
100
AcDbVertex
100
AcDb2dVertex
 10
28.60128230386204
 20
44.8357793497719
 30
0.0
  0
VERTEX
  5
206
330
201
100
AcDbEntity
  8
0
100
AcDbVertex
100
AcDb2dVertex
 10
28.92653216096567
 20
44.80610023235463
 30
0.0
  0
VERTEX
  5
207
330
201
100
AcDbEntity
  8
0
100
AcDbVertex
100
AcDb2dVertex
 10
29.05703866612832
 20
44.80610023235463
 30
0.0
  0
VERTEX
  5
208
330
201
100
AcDbEntity
  8
0
100
AcDbVertex
100
AcDb2dVertex
 10
29.1704695537932
 20
44.79004098388914
 30
0.0
  0
VERTEX
  5
209
330
201
100
AcDbEntity
  8
0
100
AcDbVertex
100
AcDb2dVertex
 10
29.31276636627588
 20
44.8026444447102
 30
0.0
  0
VERTEX
  5
20A
330
201
100
AcDbEntity
  8
0
100
AcDbVertex
100
AcDb2dVertex
 10
29.75998491979293
 20
44.78028346583444
 30
0.0
  0
VERTEX
  5
20B
330
201
100
AcDbEntity
  8
0
100
AcDbVertex
100
AcDb2dVertex
 10
30.30884405365514
 20
44.78028346583444
 30
0.0
  0
VERTEX
  5
20C
330
201
100
AcDbEntity
  8
0
100
AcDbVertex
100
AcDb2dVertex
 10
30.49179709827584
 20
44.76422421736898
 30
0.0
  0
VERTEX
  5
20D
330
201
100
AcDbEntity
  8
0
100
AcDbVertex
100
AcDb2dVertex
 10
30.83737507144848
 20
44.76422421736895
 30
0.0
  0
VERTEX
  5
20E
330
201
100
AcDbEntity
  8
0
100
AcDbVertex
100
AcDb2dVertex
 10
31.08131246427606
 20
44.77845393119915
 30
0.0
  0
VERTEX
  5
20F
330
201
100
AcDbEntity
  8
0
100
AcDbVertex
100
AcDb2dVertex
 10
31.36590608924127
 20
44.75182403817426
 30
0.0
  0
VERTEX
  5
210
330
201
100
AcDbEntity
  8
0
100
AcDbVertex
100
AcDb2dVertex
 10
31.73181217848281
 20
44.77052594777953
 30
0.0
  0
VERTEX
  5
211
330
201
100
AcDbEntity
  8
0
100
AcDbVertex
100
AcDb2dVertex
 10
32.28067131234491
 20
44.77052594777953
 30
0.0
  0
VERTEX
  5
212
330
201
100
AcDbEntity
  8
0
100
AcDbVertex
100
AcDb2dVertex
 10
32.46362435696556
 20
44.75202731980025
 30
0.0
  0
VERTEX
  5
213
330
201
100
AcDbEntity
  8
0
100
AcDbVertex
100
AcDb2dVertex
 10
32.65335436668737
 20
44.78982499716154
 30
0.0
  0
VERTEX
  5
214
330
201
100
AcDbEntity
  8
0
100
AcDbVertex
100
AcDb2dVertex
 10
32.7226970644935
 20
44.78909564492095
 30
0.0
  0
VERTEX
  5
215
330
201
100
AcDbEntity
  8
0
100
AcDbVertex
100
AcDb2dVertex
 10
32.88051550528891
 20
44.75622834106239
 30
0.0
  0
VERTEX
  5
216
330
201
100
AcDbEntity
  8
0
100
AcDbVertex
100
AcDb2dVertex
 10
33.03281160689666
 20
44.78760160437561
 30
0.0
  0
VERTEX
  5
217
330
201
100
AcDbEntity
  8
0
100
AcDbVertex
100
AcDb2dVertex
 10
33.45970204434478
 20
44.78760160437561
 30
0.0
  0
VERTEX
  5
218
330
201
100
AcDbEntity
  8
0
100
AcDbVertex
100
AcDb2dVertex
 10
33.66298320503442
 20
44.80223788145817
 30
0.0
  0
VERTEX
  5
219
330
201
100
AcDbEntity
  8
0
100
AcDbVertex
100
AcDb2dVertex
 10
33.86626436572407
 20
44.79065082876779
 30
0.0
  0
VERTEX
  5
21A
330
201
100
AcDbEntity
  8
0
100
AcDbVertex
100
AcDb2dVertex
 10
33.94110723329411
 20
44.7994278760615
 30
0.0
  0
VERTEX
  5
21B
330
201
100
AcDbEntity
  8
0
100
AcDbVertex
100
AcDb2dVertex
 10
35.81200242284693
 20
41.55894235211983
 30
0.0
 42
-0.2213979179283746
  0
VERTEX
  5
21C
330
201
100
AcDbEntity
  8
0
100
AcDbVertex
100
AcDb2dVertex
 10
26.1879975771531
 20
41.55894235211984
 30
0.0
  0
SEQEND
  5
204
330
201
100
AcDbEntity
  8
0
  0
POLYLINE
  5
21D
330
70
100
AcDbEntity
  8
0
100
AcDb2dPolyline
 66
     1
 10
0.0
 20
0.0
 30
0.0
 70
     1
  0
VERTEX
  5
21E
330
21D
100
AcDbEntity
  8
0
100
AcDbVertex
100
AcDb2dVertex
 10
42.3560556532627
 20
52.89357503463526
 30
0.0
  0
VERTEX
  5
21F
330
21D
100
AcDbEntity
  8
0
100
AcDbVertex
100
AcDb2dVertex
 10
37.97920361695476
 20
52.89357503463524
 30
0.0
  0
VERTEX
  5
221
330
21D
100
AcDbEntity
  8
0
100
AcDbVertex
100
AcDb2dVertex
 10
37.95607803763928
 20
53.0217271529877
 30
0.0
  0
VERTEX
  5
222
330
21D
100
AcDbEntity
  8
0
100
AcDbVertex
100
AcDb2dVertex
 10
37.87892330835332
 20
53.1803856829528
 30
0.0
  0
VERTEX
  5
223
330
21D
100
AcDbEntity
  8
0
100
AcDbVertex
100
AcDb2dVertex
 10
37.7530684478752
 20
53.38128068553311
 30
0.0
  0
VERTEX
  5
224
330
21D
100
AcDbEntity
  8
0
100
AcDbVertex
100
AcDb2dVertex
 10
37.70522908534847
 20
53.44597590675135
 30
0.0
  0
VERTEX
  5
225
330
21D
100
AcDbEntity
  8
0
100
AcDbVertex
100
AcDb2dVertex
 10
37.62046084134063
 20
53.53907889152587
 30
0.0
  0
VERTEX
  5
226
330
21D
100
AcDbEntity
  8
0
100
AcDbVertex
100
AcDb2dVertex
 10
37.55480102643775
 20
53.65190019403598
 30
0.0
  0
VERTEX
  5
227
330
21D
100
AcDbEntity
  8
0
100
AcDbVertex
100
AcDb2dVertex
 10
37.48537415752593
 20
53.73936528996026
 30
0.0
  0
VERTEX
  5
228
330
21D
100
AcDbEntity
  8
0
100
AcDbVertex
100
AcDb2dVertex
 10
37.32639558479436
 20
53.88868199691417
 30
0.0
  0
VERTEX
  5
229
330
21D
100
AcDbEntity
  8
0
100
AcDbVertex
100
AcDb2dVertex
 10
36.97559265053833
 20
54.18165528804411
 30
0.0
  0
VERTEX
  5
22A
330
21D
100
AcDbEntity
  8
0
100
AcDbVertex
100
AcDb2dVertex
 10
36.87482554393112
 20
54.23877424871554
 30
0.0
  0
VERTEX
  5
22B
330
21D
100
AcDbEntity
  8
0
100
AcDbVertex
100
AcDb2dVertex
 10
36.71220061537943
 20
54.27902401069228
 30
0.0
  0
VERTEX
  5
22C
330
21D
100
AcDbEntity
  8
0
100
AcDbVertex
100
AcDb2dVertex
 10
36.32596641006902
 20
54.41237675744291
 30
0.0
  0
VERTEX
  5
22D
330
21D
100
AcDbEntity
  8
0
100
AcDbVertex
100
AcDb2dVertex
 10
36.15043094412931
 20
54.44234134261224
 30
0.0
  0
VERTEX
  5
22E
330
21D
100
AcDbEntity
  8
0
100
AcDbVertex
100
AcDb2dVertex
 10
35.96971538189335
 20
54.49825371566266
 30
0.0
  0
VERTEX
  5
22F
330
21D
100
AcDbEntity
  8
0
100
AcDbVertex
100
AcDb2dVertex
 10
35.79332530130808
 20
54.52199637434147
 30
0.0
  0
VERTEX
  5
230
330
21D
100
AcDbEntity
  8
0
100
AcDbVertex
100
AcDb2dVertex
 10
35.77539923801683
 20
54.53330073852026
 30
0.0
  0
VERTEX
  5
231
330
21D
100
AcDbEntity
  8
0
100
AcDbVertex
100
AcDb2dVertex
 10
35.76369071960142
 20
54.55243779785641
 30
0.0
  0
VERTEX
  5
232
330
21D
100
AcDbEntity
  8
0
100
AcDbVertex
100
AcDb2dVertex
 10
35.76312216760502
 20
54.58457852871543
 30
0.0
  0
VERTEX
  5
233
330
21D
100
AcDbEntity
  8
0
100
AcDbVertex
100
AcDb2dVertex
 10
35.7781999124456
 20
54.61700512436042
 30
0.0
  0
VERTEX
  5
234
330
21D
100
AcDbEntity
  8
0
100
AcDbVertex
100
AcDb2dVertex
 10
36.03913669233584
 20
54.93257443874698
 30
0.0
  0
VERTEX
  5
235
330
21D
100
AcDbEntity
  8
0
100
AcDbVertex
100
AcDb2dVertex
 10
36.08995261513966
 20
55.03214471728734
 30
0.0
  0
VERTEX
  5
236
330
21D
100
AcDbEntity
  8
0
100
AcDbVertex
100
AcDb2dVertex
 10
36.14016742919851
 20
55.19684055273486
 30
0.0
  0
VERTEX
  5
237
330
21D
100
AcDbEntity
  8
0
100
AcDbVertex
100
AcDb2dVertex
 10
36.27087721552213
 20
55.5627474797949
 30
0.0
  0
VERTEX
  5
238
330
21D
100
AcDbEntity
  8
0
100
AcDbVertex
100
AcDb2dVertex
 10
36.27722339925735
 20
55.60450914886607
 30
0.0
  0
VERTEX
  5
239
330
21D
100
AcDbEntity
  8
0
100
AcDbVertex
100
AcDb2dVertex
 10
36.26982666483625
 20
55.70291016102169
 30
0.0
  0
VERTEX
  5
23A
330
21D
100
AcDbEntity
  8
0
100
AcDbVertex
100
AcDb2dVertex
 10
36.28388720980608
 20
55.88799808162656
 30
0.0
  0
VERTEX
  5
23B
330
21D
100
AcDbEntity
  8
0
100
AcDbVertex
100
AcDb2dVertex
 10
36.28388720980608
 20
56.00996705731319
 30
0.0
  0
VERTEX
  5
23C
330
21D
100
AcDbEntity
  8
0
100
AcDbVertex
100
AcDb2dVertex
 10
36.20094849624486
 20
56.45718663483122
 30
0.0
  0
VERTEX
  5
23D
330
21D
100
AcDbEntity
  8
0
100
AcDbVertex
100
AcDb2dVertex
 10
36.18524145327999
 20
56.50006913208712
 30
0.0
  0
VERTEX
  5
23E
330
21D
100
AcDbEntity
  8
0
100
AcDbVertex
100
AcDb2dVertex
 10
36.1278435088318
 20
56.62385215806652
 30
0.0
  0
VERTEX
  5
23F
330
21D
100
AcDbEntity
  8
0
100
AcDbVertex
100
AcDb2dVertex
 10
35.97934781204865
 20
56.8855760606243
 30
0.0
  0
VERTEX
  5
240
330
21D
100
AcDbEntity
  8
0
100
AcDbVertex
100
AcDb2dVertex
 10
35.78938037628365
 20
57.17022234873661
 30
0.0
  0
VERTEX
  5
241
330
21D
100
AcDbEntity
  8
0
100
AcDbVertex
100
AcDb2dVertex
 10
35.64304652700005
 20
57.34270363224495
 30
0.0
  0
VERTEX
  5
242
330
21D
100
AcDbEntity
  8
0
100
AcDbVertex
100
AcDb2dVertex
 10
35.47035600472632
 20
57.5044935727281
 30
0.0
  0
VERTEX
  5
243
330
21D
100
AcDbEntity
  8
0
100
AcDbVertex
100
AcDb2dVertex
 10
35.41491286011572
 20
57.54042841934491
 30
0.0
  0
VERTEX
  5
244
330
21D
100
AcDbEntity
  8
0
100
AcDbVertex
100
AcDb2dVertex
 10
37.54405323041579
 20
61.22820771715064
 30
0.0
 42
-0.2213979179283747
  0
SEQEND
  5
220
330
21D
100
AcDbEntity
  8
0
  0
POLYLINE
  5
245
330
70
100
AcDbEntity
  8
0
100
AcDb2dPolyline
 66
     1
 10
0.0
 20
0.0
 30
0.0
 70
     1
  0
VERTEX
  5
246
330
245
100
AcDbEntity
  8
0
100
AcDbVertex
100
AcDb2dVertex
 10
24.45594676958422
 20
61.22820771715061
 30
0.0
  0
VERTEX
  5
247
330
245
100
AcDbEntity
  8
0
100
AcDbVertex
100
AcDb2dVertex
 10
26.52205008808792
 20
57.64961179581556
 30
0.0
  0
VERTEX
  5
249
330
245
100
AcDbEntity
  8
0
100
AcDbVertex
100
AcDb2dVertex
 10
26.19263559353188
 20
57.33611921332303
 30
0.0
  0
VERTEX
  5
24A
330
245
100
AcDbEntity
  8
0
100
AcDbVertex
100
AcDb2dVertex
 10
26.15276072335533
 20
57.29043802039782
 30
0.0
  0
VERTEX
  5
24B
330
245
100
AcDbEntity
  8
0
100
AcDbVertex
100
AcDb2dVertex
 10
26.06638846393913
 20
57.15696775145689
 30
0.0
  0
VERTEX
  5
24C
330
245
100
AcDbEntity
  8
0
100
AcDbVertex
100
AcDb2dVertex
 10
25.99935967746964
 20
57.01547421083396
 30
0.0
  0
VERTEX
  5
24D
330
245
100
AcDbEntity
  8
0
100
AcDbVertex
100
AcDb2dVertex
 10
25.88666568401265
 20
56.72145274881926
 30
0.0
  0
VERTEX
  5
24E
330
245
100
AcDbEntity
  8
0
100
AcDbVertex
100
AcDb2dVertex
 10
25.77945526934574
 20
56.51176695738214
 30
0.0
  0
VERTEX
  5
24F
330
245
100
AcDbEntity
  8
0
100
AcDbVertex
100
AcDb2dVertex
 10
25.7470278049928
 20
56.35025732320378
 30
0.0
  0
VERTEX
  5
250
330
245
100
AcDbEntity
  8
0
100
AcDbVertex
100
AcDb2dVertex
 10
25.71204716698009
 20
56.00996705731318
 30
0.0
  0
VERTEX
  5
251
330
245
100
AcDbEntity
  8
0
100
AcDbVertex
100
AcDb2dVertex
 10
25.68638093527561
 20
55.86995882247814
 30
0.0
  0
VERTEX
  5
252
330
245
100
AcDbEntity
  8
0
100
AcDbVertex
100
AcDb2dVertex
 10
25.68419764796552
 20
55.76602910593968
 30
0.0
  0
VERTEX
  5
253
330
245
100
AcDbEntity
  8
0
100
AcDbVertex
100
AcDb2dVertex
 10
25.80982540527167
 20
55.29848136580709
 30
0.0
  0
VERTEX
  5
254
330
245
100
AcDbEntity
  8
0
100
AcDbVertex
100
AcDb2dVertex
 10
25.97106230464828
 20
54.97384060885432
 30
0.0
  0
VERTEX
  5
255
330
245
100
AcDbEntity
  8
0
100
AcDbVertex
100
AcDb2dVertex
 10
26.11081175008621
 20
54.74652093041813
 30
0.0
  0
VERTEX
  5
256
330
245
100
AcDbEntity
  8
0
100
AcDbVertex
100
AcDb2dVertex
 10
26.21867463970883
 20
54.59914175146336
 30
0.0
  0
VERTEX
  5
257
330
245
100
AcDbEntity
  8
0
100
AcDbVertex
100
AcDb2dVertex
 10
26.23557238619128
 20
54.5580788629823
 30
0.0
  0
VERTEX
  5
258
330
245
100
AcDbEntity
  8
0
100
AcDbVertex
100
AcDb2dVertex
 10
26.23521187975772
 20
54.53869564230159
 30
0.0
  0
VERTEX
  5
259
330
245
100
AcDbEntity
  8
0
100
AcDbVertex
100
AcDb2dVertex
 10
26.21774161094404
 20
54.51363641746633
 30
0.0
  0
VERTEX
  5
25A
330
245
100
AcDbEntity
  8
0
100
AcDbVertex
100
AcDb2dVertex
 10
26.17725610321834
 20
54.5010583668485
 30
0.0
  0
VERTEX
  5
25B
330
245
100
AcDbEntity
  8
0
100
AcDbVertex
100
AcDb2dVertex
 10
25.89764286668982
 20
54.45872496820398
 30
0.0
  0
VERTEX
  5
25C
330
245
100
AcDbEntity
  8
0
100
AcDbVertex
100
AcDb2dVertex
 10
25.49108054531047
 20
54.36907777107423
 30
0.0
  0
VERTEX
  5
25D
330
245
100
AcDbEntity
  8
0
100
AcDbVertex
100
AcDb2dVertex
 10
25.34878373282753
 20
54.30280796095117
 30
0.0
  0
VERTEX
  5
25E
330
245
100
AcDbEntity
  8
0
100
AcDbVertex
100
AcDb2dVertex
 10
25.08451822393132
 20
54.2210887472409
 30
0.0
  0
VERTEX
  5
25F
330
245
100
AcDbEntity
  8
0
100
AcDbVertex
100
AcDb2dVertex
 10
24.98299198923904
 20
54.16463680440521
 30
0.0
  0
VERTEX
  5
260
330
245
100
AcDbEntity
  8
0
100
AcDbVertex
100
AcDb2dVertex
 10
24.88916502850836
 20
54.0905565330526
 30
0.0
  0
VERTEX
  5
261
330
245
100
AcDbEntity
  8
0
100
AcDbVertex
100
AcDb2dVertex
 10
24.55074120227819
 20
53.7900312501045
 30
0.0
  0
VERTEX
  5
262
330
245
100
AcDbEntity
  8
0
100
AcDbVertex
100
AcDb2dVertex
 10
24.46471396498842
 20
53.70434685358114
 30
0.0
  0
VERTEX
  5
263
330
245
100
AcDbEntity
  8
0
100
AcDbVertex
100
AcDb2dVertex
 10
24.38319821955183
 20
53.57627942911029
 30
0.0
  0
VERTEX
  5
264
330
245
100
AcDbEntity
  8
0
100
AcDbVertex
100
AcDb2dVertex
 10
24.27934655955104
 20
53.46261363437571
 30
0.0
  0
VERTEX
  5
265
330
245
100
AcDbEntity
  8
0
100
AcDbVertex
100
AcDb2dVertex
 10
24.11144942292745
 20
53.15062477644383
 30
0.0
  0
VERTEX
  5
266
330
245
100
AcDbEntity
  8
0
100
AcDbVertex
100
AcDb2dVertex
 10
24.03792516812048
 20
52.96828949551495
 30
0.0
  0
VERTEX
  5
267
330
245
100
AcDbEntity
  8
0
100
AcDbVertex
100
AcDb2dVertex
 10
24.01917753422094
 20
52.89357503463522
 30
0.0
  0
VERTEX
  5
268
330
245
100
AcDbEntity
  8
0
100
AcDbVertex
100
AcDb2dVertex
 10
19.64394434673731
 20
52.89357503463522
 30
0.0
 42
-0.2213979179283747
  0
SEQEND
  5
248
330
245
100
AcDbEntity
  8
0
  0
POLYLINE
  5
269
330
70
100
AcDbEntity
  8
0
100
AcDb2dPolyline
 66
     1
 10
0.0
 20
0.0
 30
0.0
 70
     1
  0
VERTEX
  5
26A
330
269
100
AcDbEntity
  8
0
100
AcDbVertex
100
AcDb2dVertex
 10
33.53242416223564
 20
58.27986234994241
 30
0.0
  0
VERTEX
  5
26B
330
269
100
AcDbEntity
  8
0
100
AcDbVertex
100
AcDb2dVertex
 10
33.39871769613793
 20
58.33367932577179
 30
0.0
  0
VERTEX
  5
26D
330
269
100
AcDbEntity
  8
0
100
AcDbVertex
100
AcDb2dVertex
 10
33.19543653544845
 20
58.37636846726226
 30
0.0
  0
VERTEX
  5
26E
330
269
100
AcDbEntity
  8
0
100
AcDbVertex
100
AcDb2dVertex
 10
32.74821798193103
 20
58.53492813565468
 30
0.0
  0
VERTEX
  5
26F
330
269
100
AcDbEntity
  8
0
100
AcDbVertex
100
AcDb2dVertex
 10
32.58640617802201
 20
58.58005665665896
 30
0.0
  0
VERTEX
  5
270
330
269
100
AcDbEntity
  8
0
100
AcDbVertex
100
AcDb2dVertex
 10
32.35246211881663
 20
58.69800804098843
 30
0.0
  0
VERTEX
  5
271
330
269
100
AcDbEntity
  8
0
100
AcDbVertex
100
AcDb2dVertex
 10
32.06367502584507
 20
58.86469222484167
 30
0.0
  0
VERTEX
  5
272
330
269
100
AcDbEntity
  8
0
100
AcDbVertex
100
AcDb2dVertex
 10
31.93692286961877
 20
58.94962265298985
 30
0.0
  0
VERTEX
  5
273
330
269
100
AcDbEntity
  8
0
100
AcDbVertex
100
AcDb2dVertex
 10
31.81129511231241
 20
59.06854240428453
 30
0.0
  0
VERTEX
  5
274
330
269
100
AcDbEntity
  8
0
100
AcDbVertex
100
AcDb2dVertex
 10
31.63362737786969
 20
59.17628166614123
 30
0.0
  0
VERTEX
  5
275
330
269
100
AcDbEntity
  8
0
100
AcDbVertex
100
AcDb2dVertex
 10
31.08985027302475
 20
59.7334766034031
 30
0.0
  0
VERTEX
  5
276
330
269
100
AcDbEntity
  8
0
100
AcDbVertex
100
AcDb2dVertex
 10
30.78492853199037
 20
60.13475453341285
 30
0.0
  0
VERTEX
  5
277
330
269
100
AcDbEntity
  8
0
100
AcDbVertex
100
AcDb2dVertex
 10
30.69162247923383
 20
60.24168066876476
 30
0.0
  0
VERTEX
  5
278
330
269
100
AcDbEntity
  8
0
100
AcDbVertex
100
AcDb2dVertex
 10
30.55672001897124
 20
60.42483741392118
 30
0.0
  0
VERTEX
  5
279
330
269
100
AcDbEntity
  8
0
100
AcDbVertex
100
AcDb2dVertex
 10
30.46463479465007
 20
60.52367119360136
 30
0.0
  0
VERTEX
  5
27A
330
269
100
AcDbEntity
  8
0
100
AcDbVertex
100
AcDb2dVertex
 10
30.38446464543171
 20
60.59152834735977
 30
0.0
  0
VERTEX
  5
27B
330
269
100
AcDbEntity
  8
0
100
AcDbVertex
100
AcDb2dVertex
 10
30.07008040458732
 20
60.79848333601407
 30
0.0
  0
VERTEX
  5
27C
330
269
100
AcDbEntity
  8
0
100
AcDbVertex
100
AcDb2dVertex
 10
30.00020369670075
 20
60.82106427196186
 30
0.0
  0
VERTEX
  5
27D
330
269
100
AcDbEntity
  8
0
100
AcDbVertex
100
AcDb2dVertex
 10
29.90689923207839
 20
60.81860424665807
 30
0.0
  0
VERTEX
  5
27E
330
269
100
AcDbEntity
  8
0
100
AcDbVertex
100
AcDb2dVertex
 10
29.84263429517909
 20
60.79461215110149
 30
0.0
  0
VERTEX
  5
27F
330
269
100
AcDbEntity
  8
0
100
AcDbVertex
100
AcDb2dVertex
 10
29.8071301684743
 20
60.76806226051319
 30
0.0
  0
VERTEX
  5
280
330
269
100
AcDbEntity
  8
0
100
AcDbVertex
100
AcDb2dVertex
 10
29.78037110201395
 20
60.73306268326972
 30
0.0
  0
VERTEX
  5
281
330
269
100
AcDbEntity
  8
0
100
AcDbVertex
100
AcDb2dVertex
 10
29.76482029173788
 20
60.68960865495755
 30
0.0
  0
VERTEX
  5
282
330
269
100
AcDbEntity
  8
0
100
AcDbVertex
100
AcDb2dVertex
 10
29.7621650804642
 20
60.63965423013406
 30
0.0
  0
VERTEX
  5
283
330
269
100
AcDbEntity
  8
0
100
AcDbVertex
100
AcDb2dVertex
 10
29.77396367585863
 20
60.56412026685968
 30
0.0
  0
VERTEX
  5
284
330
269
100
AcDbEntity
  8
0
100
AcDbVertex
100
AcDb2dVertex
 10
29.83802900415732
 20
60.37567184687268
 30
0.0
  0
VERTEX
  5
285
330
269
100
AcDbEntity
  8
0
100
AcDbVertex
100
AcDb2dVertex
 10
29.85329097254958
 20
60.29920936896369
 30
0.0
  0
VERTEX
  5
286
330
269
100
AcDbEntity
  8
0
100
AcDbVertex
100
AcDb2dVertex
 10
29.77828022425527
 20
59.81133346621681
 30
0.0
  0
VERTEX
  5
287
330
269
100
AcDbEntity
  8
0
100
AcDbVertex
100
AcDb2dVertex
 10
29.73855185944639
 20
59.45133441141637
 30
0.0
  0
VERTEX
  5
288
330
269
100
AcDbEntity
  8
0
100
AcDbVertex
100
AcDb2dVertex
 10
29.66342636846567
 20
59.28280123824075
 30
0.0
  0
VERTEX
  5
289
330
269
100
AcDbEntity
  8
0
100
AcDbVertex
100
AcDb2dVertex
 10
29.59792814620405
 20
59.06838438458307
 30
0.0
  0
VERTEX
  5
28A
330
269
100
AcDbEntity
  8
0
100
AcDbVertex
100
AcDb2dVertex
 10
29.49267019348625
 20
58.89656614856621
 30
0.0
  0
VERTEX
  5
28B
330
269
100
AcDbEntity
  8
0
100
AcDbVertex
100
AcDb2dVertex
 10
29.41339054081721
 20
58.73434741090277
 30
0.0
  0
VERTEX
  5
28C
330
269
100
AcDbEntity
  8
0
100
AcDbVertex
100
AcDb2dVertex
 10
29.35215209115954
 20
58.66369751699124
 30
0.0
  0
VERTEX
  5
28D
330
269
100
AcDbEntity
  8
0
100
AcDbVertex
100
AcDb2dVertex
 10
29.26545267612546
 20
58.59131337670667
 30
0.0
  0
VERTEX
  5
28E
330
269
100
AcDbEntity
  8
0
100
AcDbVertex
100
AcDb2dVertex
 10
29.17166383061225
 20
58.52620925965871
 30
0.0
  0
VERTEX
  5
28F
330
269
100
AcDbEntity
  8
0
100
AcDbVertex
100
AcDb2dVertex
 10
29.05620082614916
 20
58.46060631848337
 30
0.0
  0
VERTEX
  5
290
330
269
100
AcDbEntity
  8
0
100
AcDbVertex
100
AcDb2dVertex
 10
28.96934190289963
 20
58.4242063511899
 30
0.0
  0
VERTEX
  5
291
330
269
100
AcDbEntity
  8
0
100
AcDbVertex
100
AcDb2dVertex
 10
28.66226665206911
 20
58.35522717814329
 30
0.0
  0
VERTEX
  5
292
330
269
100
AcDbEntity
  8
0
100
AcDbVertex
100
AcDb2dVertex
 10
28.46409378532103
 20
58.28589344168889
 30
0.0
  0
VERTEX
  5
293
330
269
100
AcDbEntity
  8
0
100
AcDbVertex
100
AcDb2dVertex
 10
26.1879975771531
 20
62.22820771715062
 30
0.0
 42
-0.2213979179283746
  0
VERTEX
  5
294
330
269
100
AcDbEntity
  8
0
100
AcDbVertex
100
AcDb2dVertex
 10
35.81200242284692
 20
62.22820771715063
 30
0.0
  0
SEQEND
  5
26C
330
269
100
AcDbEntity
  8
0
  0
POLYLINE
  5
295
330
70
100
AcDbEntity
  8
0
100
AcDb2dPolyline
 66
     1
 10
0.0
 20
0.0
 30
0.0
 70
     1
  0
VERTEX
  5
296
330
295
100
AcDbEntity
  8
0
100
AcDbVertex
100
AcDb2dVertex
 10
19.64394434673732
 20
50.89357503463523
 30
0.0
  0
VERTEX
  5
297
330
295
100
AcDbEntity
  8
0
100
AcDbVertex
100
AcDb2dVertex
 10
24.57314044397236
 20
50.89357503463523
 30
0.0
  0
VERTEX
  5
299
330
295
100
AcDbEntity
  8
0
100
AcDbVertex
100
AcDb2dVertex
 10
24.59054584715155
 20
50.86580957367219
 30
0.0
  0
VERTEX
  5
29A
330
295
100
AcDbEntity
  8
0
100
AcDbVertex
100
AcDb2dVertex
 10
24.6122567813309
 20
50.79301410572226
 30
0.0
  0
VERTEX
  5
29B
330
295
100
AcDbEntity
  8
0
100
AcDbVertex
100
AcDb2dVertex
 10
24.60619765282843
 20
50.74680247480393
 30
0.0
  0
VERTEX
  5
29C
330
295
100
AcDbEntity
  8
0
100
AcDbVertex
100
AcDb2dVertex
 10
24.57361762834669
 20
50.69093511553148
 30
0.0
  0
VERTEX
  5
29D
330
295
100
AcDbEntity
  8
0
100
AcDbVertex
100
AcDb2dVertex
 10
24.52522306407543
 20
50.64778963259772
 30
0.0
  0
VERTEX
  5
29E
330
295
100
AcDbEntity
  8
0
100
AcDbVertex
100
AcDb2dVertex
 10
24.33237792937952
 20
50.54392741191152
 30
0.0
  0
VERTEX
  5
29F
330
295
100
AcDbEntity
  8
0
100
AcDbVertex
100
AcDb2dVertex
 10
24.13092629913597
 20
50.37662663359464
 30
0.0
  0
VERTEX
  5
2A0
330
295
100
AcDbEntity
  8
0
100
AcDbVertex
100
AcDb2dVertex
 10
23.80384691158626
 20
50.14752824092972
 30
0.0
  0
VERTEX
  5
2A1
330
295
100
AcDbEntity
  8
0
100
AcDbVertex
100
AcDb2dVertex
 10
23.64122198303467
 20
50.00421469449777
 30
0.0
  0
VERTEX
  5
2A2
330
295
100
AcDbEntity
  8
0
100
AcDbVertex
100
AcDb2dVertex
 10
23.52318868284109
 20
49.93966642564592
 30
0.0
  0
VERTEX
  5
2A3
330
295
100
AcDbEntity
  8
0
100
AcDbVertex
100
AcDb2dVertex
 10
23.48306924001793
 20
49.9070460772007
 30
0.0
  0
VERTEX
  5
2A4
330
295
100
AcDbEntity
  8
0
100
AcDbVertex
100
AcDb2dVertex
 10
23.38732381333317
 20
49.78019834248647
 30
0.0
  0
VERTEX
  5
2A5
330
295
100
AcDbEntity
  8
0
100
AcDbVertex
100
AcDb2dVertex
 10
23.30662119253936
 20
49.717587601634
 30
0.0
  0
VERTEX
  5
2A6
330
295
100
AcDbEntity
  8
0
100
AcDbVertex
100
AcDb2dVertex
 10
23.14690651966714
 20
49.50878560882933
 30
0.0
  0
VERTEX
  5
2A7
330
295
100
AcDbEntity
  8
0
100
AcDbVertex
100
AcDb2dVertex
 10
23.06852178054537
 20
49.39862602511134
 30
0.0
  0
VERTEX
  5
2A8
330
295
100
AcDbEntity
  8
0
100
AcDbVertex
100
AcDb2dVertex
 10
22.92821331191584
 20
49.16786326413229
 30
0.0
  0
VERTEX
  5
2A9
330
295
100
AcDbEntity
  8
0
100
AcDbVertex
100
AcDb2dVertex
 10
22.81077397386355
 20
48.92482737497487
 30
0.0
  0
VERTEX
  5
2AA
330
295
100
AcDbEntity
  8
0
100
AcDbVertex
100
AcDb2dVertex
 10
22.76097564796384
 20
48.7993263810339
 30
0.0
  0
VERTEX
  5
2AB
330
295
100
AcDbEntity
  8
0
100
AcDbVertex
100
AcDb2dVertex
 10
22.64214867776982
 20
48.47822995040238
 30
0.0
  0
VERTEX
  5
2AC
330
295
100
AcDbEntity
  8
0
100
AcDbVertex
100
AcDb2dVertex
 10
22.6216228390093
 20
48.39471852329312
 30
0.0
  0
VERTEX
  5
2AD
330
295
100
AcDbEntity
  8
0
100
AcDbVertex
100
AcDb2dVertex
 10
22.61648165199834
 20
48.24460893859013
 30
0.0
  0
VERTEX
  5
2AE
330
295
100
AcDbEntity
  8
0
100
AcDbVertex
100
AcDb2dVertex
 10
22.57777485442853
 20
48.06816683964767
 30
0.0
  0
VERTEX
  5
2AF
330
295
100
AcDbEntity
  8
0
100
AcDbVertex
100
AcDb2dVertex
 10
22.5684286854389
 20
47.9359575520437
 30
0.0
  0
VERTEX
  5
2B0
330
295
100
AcDbEntity
  8
0
100
AcDbVertex
100
AcDb2dVertex
 10
22.57294097135914
 20
47.3632270547241
 30
0.0
  0
VERTEX
  5
2B1
330
295
100
AcDbEntity
  8
0
100
AcDbVertex
100
AcDb2dVertex
 10
22.61213651718841
 20
47.079424067733
 30
0.0
  0
VERTEX
  5
2B2
330
295
100
AcDbEntity
  8
0
100
AcDbVertex
100
AcDb2dVertex
 10
22.65899600099522
 20
46.89154420104407
 30
0.0
  0
VERTEX
  5
2B3
330
295
100
AcDbEntity
  8
0
100
AcDbVertex
100
AcDb2dVertex
 10
22.72606225750281
 20
46.70702418855667
 30
0.0
  0
VERTEX
  5
2B4
330
295
100
AcDbEntity
  8
0
100
AcDbVertex
100
AcDb2dVertex
 10
22.85104270128871
 20
46.50383214330459
 30
0.0
  0
VERTEX
  5
2B5
330
295
100
AcDbEntity
  8
0
100
AcDbVertex
100
AcDb2dVertex
 10
22.99499117320219
 20
46.29330860922848
 30
0.0
  0
VERTEX
  5
2B6
330
295
100
AcDbEntity
  8
0
100
AcDbVertex
100
AcDb2dVertex
 10
23.36008413780066
 20
45.91683103760884
 30
0.0
  0
VERTEX
  5
2B7
330
295
100
AcDbEntity
  8
0
100
AcDbVertex
100
AcDb2dVertex
 10
23.76766842345277
 20
45.67484490747384
 30
0.0
  0
VERTEX
  5
2B8
330
295
100
AcDbEntity
  8
0
100
AcDbVertex
100
AcDb2dVertex
 10
24.09687670472042
 20
45.51011532409988
 30
0.0
  0
VERTEX
  5
2B9
330
295
100
AcDbEntity
  8
0
100
AcDbVertex
100
AcDb2dVertex
 10
24.32401163910992
 20
45.41724103115521
 30
0.0
  0
VERTEX
  5
2BA
330
295
100
AcDbEntity
  8
0
100
AcDbVertex
100
AcDb2dVertex
 10
24.55598720613818
 20
45.3332094889476
 30
0.0
  0
VERTEX
  5
2BB
330
295
100
AcDbEntity
  8
0
100
AcDbVertex
100
AcDb2dVertex
 10
24.84058083110344
 20
45.21449301927923
 30
0.0
  0
VERTEX
  5
2BC
330
295
100
AcDbEntity
  8
0
100
AcDbVertex
100
AcDb2dVertex
 10
24.92369582754641
 20
45.19885978875295
 30
0.0
  0
VERTEX
  5
2BD
330
295
100
AcDbEntity
  8
0
100
AcDbVertex
100
AcDb2dVertex
 10
25.0438619917931
 20
45.19111563227252
 30
0.0
  0
VERTEX
  5
2BE
330
295
100
AcDbEntity
  8
0
100
AcDbVertex
100
AcDb2dVertex
 10
25.28779938462076
 20
45.14273460525012
 30
0.0
  0
VERTEX
  5
2BF
330
295
100
AcDbEntity
  8
0
100
AcDbVertex
100
AcDb2dVertex
 10
25.40976808103455
 20
45.14273460525012
 30
0.0
  0
VERTEX
  5
2C0
330
295
100
AcDbEntity
  8
0
100
AcDbVertex
100
AcDb2dVertex
 10
25.5927211256552
 20
45.09028794570491
 30
0.0
  0
VERTEX
  5
2C1
330
295
100
AcDbEntity
  8
0
100
AcDbVertex
100
AcDb2dVertex
 10
25.89008927813874
 20
45.04295004223059
 30
0.0
  0
VERTEX
  5
2C2
330
295
100
AcDbEntity
  8
0
100
AcDbVertex
100
AcDb2dVertex
 10
24.45594676958422
 20
42.55894235211984
 30
0.0
 42
-0.2213979179283746
  0
SEQEND
  5
298
330
295
100
AcDbEntity
  8
0
  0
POLYLINE
  5
2C3
330
70
100
AcDbEntity
  8
0
100
AcDb2dPolyline
 66
     1
 10
0.0
 20
0.0
 30
0.0
 70
     1
  0
VERTEX
  5
2C4
330
2C3
100
AcDbEntity
  8
0
100
AcDbVertex
100
AcDb2dVertex
 10
29.39407883055169
 20
54.58699567430105
 30
0.0
  0
VERTEX
  5
2C5
330
2C3
100
AcDbEntity
  8
0
100
AcDbVertex
100
AcDb2dVertex
 10
29.39407883055169
 20
50.78562926539752
 30
0.0
  0
VERTEX
  5
2C7
330
2C3
100
AcDbEntity
  8
0
100
AcDbVertex
100
AcDb2dVertex
 10
28.84521969668976
 20
50.78562926539752
 30
0.0
  0
VERTEX
  5
2C8
330
2C3
100
AcDbEntity
  8
0
100
AcDbVertex
100
AcDb2dVertex
 10
28.84521969668976
 20
54.58699567430105
 30
0.0
  0
SEQEND
  5
2C6
330
2C3
100
AcDbEntity
  8
0
  0
POLYLINE
  5
2C9
330
70
100
AcDbEntity
  8
0
100
AcDb2dPolyline
 66
     1
 10
0.0
 20
0.0
 30
0.0
 70
     1
  0
VERTEX
  5
2CA
330
2C9
100
AcDbEntity
  8
0
100
AcDbVertex
100
AcDb2dVertex
 10
33.15478030331038
 20
54.58699567430105
 30
0.0
  0
VERTEX
  5
2CB
330
2C9
100
AcDbEntity
  8
0
100
AcDbVertex
100
AcDb2dVertex
 10
33.15478030331038
 20
50.78562926539752
 30
0.0
  0
VERTEX
  5
2CD
330
2C9
100
AcDbEntity
  8
0
100
AcDbVertex
100
AcDb2dVertex
 10
32.60592116944834
 20
50.78562926539752
 30
0.0
  0
VERTEX
  5
2CE
330
2C9
100
AcDbEntity
  8
0
100
AcDbVertex
100
AcDb2dVertex
 10
32.60592116944835
 20
54.58699567430105
 30
0.0
  0
SEQEND
  5
2CC
330
2C9
100
AcDbEntity
  8
0
  0
POLYLINE
  5
2CF
330
70
100
AcDbEntity
  8
0
100
AcDb2dPolyline
 66
     1
 10
0.0
 20
0.0
 30
0.0
 70
     1
  0
VERTEX
  5
2D0
330
2CF
100
AcDbEntity
  8
0
100
AcDbVertex
100
AcDb2dVertex
 10
25.31495457622363
 20
10.04678751731758
 30
0.0
  0
VERTEX
  5
2D1
330
2CF
100
AcDbEntity
  8
0
100
AcDbVertex
100
AcDb2dVertex
 10
23.84934017733231
 20
12.58530612050187
 30
0.0
 42
0.2324998223916693
  0
VERTEX
  5
2D3
330
2CF
100
AcDbEntity
  8
0
100
AcDbVertex
100
AcDb2dVertex
 10
30.46662954709577
 20
24.0467875173176
 30
0.0
  0
VERTEX
  5
2D4
330
2CF
100
AcDbEntity
  8
0
100
AcDbVertex
100
AcDb2dVertex
 10
33.3978583448784
 20
24.0467875173176
 30
0.0
  0
SEQEND
  5
2D2
330
2CF
100
AcDbEntity
  8
0
  0
POLYLINE
  5
2D5
330
70
100
AcDbEntity
  8
0
100
AcDb2dPolyline
 66
     1
 10
0.0
 20
0.0
 30
0.0
 70
     1
  0
VERTEX
  5
2D6
330
2D5
100
AcDbEntity
  8
0
100
AcDbVertex
100
AcDb2dVertex
 10
21.18504542377637
 20
66.89357503463526
 30
0.0
  0
VERTEX
  5
2D7
330
2D5
100
AcDbEntity
  8
0
100
AcDbVertex
100
AcDb2dVertex
 10
22.6506598226677
 20
64.35505643145093
 30
0.0
 42
0.2324998223916692
  0
VERTEX
  5
2D9
330
2D5
100
AcDbEntity
  8
0
100
AcDbVertex
100
AcDb2dVertex
 10
16.03337045290425
 20
52.89357503463522
 30
0.0
  0
VERTEX
  5
2DA
330
2D5
100
AcDbEntity
  8
0
100
AcDbVertex
100
AcDb2dVertex
 10
13.10214165512159
 20
52.89357503463522
 30
0.0
  0
SEQEND
  5
2D8
330
2D5
100
AcDbEntity
  8
0
  0
POLYLINE
  5
2DB
330
70
100
AcDbEntity
  8
0
100
AcDb2dPolyline
 66
     1
 10
0.0
 20
0.0
 30
0.0
 70
     1
  0
VERTEX
  5
2DC
330
2DB
100
AcDbEntity
  8
0
100
AcDbVertex
100
AcDb2dVertex
 10
22.33974596215561
 20
68.89357503463523
 30
0.0
  0
VERTEX
  5
2DD
330
2DB
100
AcDbEntity
  8
0
100
AcDbVertex
100
AcDb2dVertex
 10
25.69762979464425
 20
74.70960043841968
 30
0.0
  0
VERTEX
  5
2DF
330
2DB
100
AcDbEntity
  8
0
100
AcDbVertex
100
AcDb2dVertex
 10
53.4104427157463
 20
58.70960043841968
 30
0.0
  0
VERTEX
  5
2E0
330
2DB
100
AcDbEntity
  8
0
100
AcDbVertex
100
AcDb2dVertex
 10
50.05255888325764
 20
52.89357503463526
 30
0.0
  0
VERTEX
  5
2E1
330
2DB
100
AcDbEntity
  8
0
100
AcDbVertex
100
AcDb2dVertex
 10
45.96662954709575
 20
52.89357503463526
 30
0.0
 42
0.302512242735978
  0
VERTEX
  5
2E2
330
2DB
100
AcDbEntity
  8
0
100
AcDbVertex
100
AcDb2dVertex
 10
35.84702227284906
 20
66.08886915228229
 30
0.0
 42
-0.2676891355186108
  0
VERTEX
  5
2E3
330
2DB
100
AcDbEntity
  8
0
100
AcDbVertex
100
AcDb2dVertex
 10
34.53140194164717
 20
67.5930036060638
 30
0.0
 42
0.821365417049779
  0
VERTEX
  5
2E4
330
2DB
100
AcDbEntity
  8
0
100
AcDbVertex
100
AcDb2dVertex
 10
27.46859805835283
 20
67.5930036060638
 30
0.0
 42
-0.2676891355186119
  0
VERTEX
  5
2E5
330
2DB
100
AcDbEntity
  8
0
100
AcDbVertex
100
AcDb2dVertex
 10
26.15297772715095
 20
66.08886915228229
 30
0.0
 42
0.0319715067515263
  0
VERTEX
  5
2E6
330
2DB
100
AcDbEntity
  8
0
100
AcDbVertex
100
AcDb2dVertex
 10
24.38271063023658
 20
65.35505643145095
 30
0.0
  0
SEQEND
  5
2DE
330
2DB
100
AcDbEntity
  8
0
  0
POLYLINE
  5
2E7
330
70
100
AcDbEntity
  8
0
100
AcDb2dPolyline
 66
     1
 10
0.0
 20
0.0
 30
0.0
 70
     1
  0
VERTEX
  5
2E8
330
2E7
100
AcDbEntity
  8
0
100
AcDbVertex
100
AcDb2dVertex
 10
28.75597656720979
 20
19.46590586182663
 30
0.0
  0
VERTEX
  5
2E9
330
2E7
100
AcDbEntity
  8
0
100
AcDbVertex
100
AcDb2dVertex
 10
28.63982566049531
 20
19.19758424532915
 30
0.0
  0
VERTEX
  5
2EB
330
2E7
100
AcDbEntity
  8
0
100
AcDbVertex
100
AcDb2dVertex
 10
26.85974079007302
 20
19.96814635816669
 30
0.0
  0
VERTEX
  5
2EC
330
2E7
100
AcDbEntity
  8
0
100
AcDbVertex
100
AcDb2dVertex
 10
26.56653057434255
 20
19.29079788725233
 30
0.0
  0
VERTEX
  5
2ED
330
2E7
100
AcDbEntity
  8
0
100
AcDbVertex
100
AcDb2dVertex
 10
26.32765889136309
 20
19.39420052371766
 30
0.0
  0
VERTEX
  5
2EE
330
2E7
100
AcDbEntity
  8
0
100
AcDbVertex
100
AcDb2dVertex
 10
27.03023022953848
 20
21.01721908204388
 30
0.0
  0
VERTEX
  5
2EF
330
2E7
100
AcDbEntity
  8
0
100
AcDbVertex
100
AcDb2dVertex
 10
27.26910191251795
 20
20.91381644557853
 30
0.0
  0
VERTEX
  5
2F0
330
2E7
100
AcDbEntity
  8
0
100
AcDbVertex
100
AcDb2dVertex
 10
26.9758916967875
 20
20.23646797466418
 30
0.0
  0
SEQEND
  5
2EA
330
2E7
100
AcDbEntity
  8
0
  0
POLYLINE
  5
2F1
330
70
100
AcDbEntity
  8
0
100
AcDb2dPolyline
 66
     1
 10
0.0
 20
0.0
 30
0.0
  0
VERTEX
  5
2F2
330
2F1
100
AcDbEntity
  8
0
100
AcDbVertex
100
AcDb2dVertex
 10
25.55036470044673
 20
14.91814331840454
 30
0.0
  0
VERTEX
  5
2F3
330
2F1
100
AcDbEntity
  8
0
100
AcDbVertex
100
AcDb2dVertex
 10
25.27871246956733
 20
15.16529845606106
 30
0.0
  0
VERTEX
  5
2F5
330
2F1
100
AcDbEntity
  8
0
100
AcDbVertex
100
AcDb2dVertex
 10
25.29310985622693
 20
15.18112285785985
 30
0.0
  0
SEQEND
  5
2F4
330
2F1
100
AcDbEntity
  8
0
  0
POLYLINE
  5
2F6
330
70
100
AcDbEntity
  8
0
100
AcDb2dPolyline
 66
     1
 10
0.0
 20
0.0
 30
0.0
  0
VERTEX
  5
2F7
330
2F6
100
AcDbEntity
  8
0
100
AcDbVertex
100
AcDb2dVertex
 10
25.04618487256911
 20
17.28339514521562
 30
0.0
  0
VERTEX
  5
2F8
330
2F6
100
AcDbEntity
  8
0
100
AcDbVertex
100
AcDb2dVertex
 10
25.30465010194951
 20
17.04823782977544
 30
0.0
  0
VERTEX
  5
2FA
330
2F6
100
AcDbEntity
  8
0
100
AcDbVertex
100
AcDb2dVertex
 10
25.2902527152899
 20
17.03241342797664
 30
0.0
  0
SEQEND
  5
2F9
330
2F6
100
AcDbEntity
  8
0
  0
POLYLINE
  5
2FB
330
70
100
AcDbEntity
  8
0
100
AcDb2dPolyline
 66
     1
 10
0.0
 20
0.0
 30
0.0
  0
VERTEX
  5
2FC
330
2FB
100
AcDbEntity
  8
0
100
AcDbVertex
100
AcDb2dVertex
 10
23.71527679593492
 20
14.42720391481405
 30
0.0
  0
VERTEX
  5
2FD
330
2FB
100
AcDbEntity
  8
0
100
AcDbVertex
100
AcDb2dVertex
 10
24.91574698071689
 20
14.13057177522143
 30
0.0
  0
VERTEX
  5
2FF
330
2FB
100
AcDbEntity
  8
0
100
AcDbVertex
100
AcDb2dVertex
 10
24.61189230419659
 20
13.90281023636454
 30
0.0
  0
VERTEX
  5
300
330
2FB
100
AcDbEntity
  8
0
100
AcDbVertex
100
AcDb2dVertex
 10
23.53051089846116
 20
14.18621702517807
 30
0.0
  0
VERTEX
  5
301
330
2FB
100
AcDbEntity
  8
0
100
AcDbVertex
100
AcDb2dVertex
 10
23.26231991636811
 20
13.9851880613044
 30
0.0
  0
VERTEX
  5
302
330
2FB
100
AcDbEntity
  8
0
100
AcDbVertex
100
AcDb2dVertex
 10
23.78734768903822
 20
13.28475310275291
 30
0.0
  0
VERTEX
  5
303
330
2FB
100
AcDbEntity
  8
0
100
AcDbVertex
100
AcDb2dVertex
 10
23.55339385359535
 20
13.1093874108631
 30
0.0
  0
VERTEX
  5
304
330
2FB
100
AcDbEntity
  8
0
100
AcDbVertex
100
AcDb2dVertex
 10
22.23387395242448
 20
14.86974736779291
 30
0.0
  0
VERTEX
  5
305
330
2FB
100
AcDbEntity
  8
0
100
AcDbVertex
100
AcDb2dVertex
 10
22.6875161455393
 20
15.20978572157924
 30
0.0
  0
SEQEND
  5
2FE
330
2FB
100
AcDbEntity
  8
0
  0
POLYLINE
  5
306
330
70
100
AcDbEntity
  8
0
100
AcDb2dPolyline
 66
     1
 10
0.0
 20
0.0
 30
0.0
 70
     1
  0
VERTEX
  5
307
330
306
100
AcDbEntity
  8
0
100
AcDbVertex
100
AcDb2dVertex
 10
19.27780485176063
 20
13.44940113418527
 30
0.0
  0
VERTEX
  5
308
330
306
100
AcDbEntity
  8
0
100
AcDbVertex
100
AcDb2dVertex
 10
19.5651222653944
 20
13.52745512297289
 30
0.0
  0
VERTEX
  5
30A
330
306
100
AcDbEntity
  8
0
100
AcDbVertex
100
AcDb2dVertex
 10
19.41068347120016
 20
11.20576270585426
 30
0.0
  0
VERTEX
  5
30B
330
306
100
AcDbEntity
  8
0
100
AcDbVertex
100
AcDb2dVertex
 10
19.10616142201946
 20
11.12303482552247
 30
0.0
  0
VERTEX
  5
30C
330
306
100
AcDbEntity
  8
0
100
AcDbVertex
100
AcDb2dVertex
 10
17.79820619472443
 20
13.04744646138678
 30
0.0
  0
VERTEX
  5
30D
330
306
100
AcDbEntity
  8
0
100
AcDbVertex
100
AcDb2dVertex
 10
18.10100778035044
 20
13.12970695256415
 30
0.0
  0
VERTEX
  5
30E
330
306
100
AcDbEntity
  8
0
100
AcDbVertex
100
AcDb2dVertex
 10
19.16848019933281
 20
11.52607889981413
 30
0.0
  0
SEQEND
  5
309
330
306
100
AcDbEntity
  8
0
  0
POLYLINE
  5
30F
330
70
100
AcDbEntity
  8
0
100
AcDb2dPolyline
 66
     1
 10
0.0
 20
0.0
 30
0.0
 70
     1
  0
VERTEX
  5
310
330
30F
100
AcDbEntity
  8
0
100
AcDbVertex
100
AcDb2dVertex
 10
15.33313778285398
 20
12.84037367368551
 30
0.0
  0
VERTEX
  5
311
330
30F
100
AcDbEntity
  8
0
100
AcDbVertex
100
AcDb2dVertex
 10
15.16129136863497
 20
10.64709558883899
 30
0.0
  0
VERTEX
  5
313
330
30F
100
AcDbEntity
  8
0
100
AcDbVertex
100
AcDb2dVertex
 10
14.83425476603225
 20
10.6727193653514
 30
0.0
  0
VERTEX
  5
314
330
30F
100
AcDbEntity
  8
0
100
AcDbVertex
100
AcDb2dVertex
 10
14.01198146814151
 20
12.63987983896587
 30
0.0
  0
VERTEX
  5
315
330
30F
100
AcDbEntity
  8
0
100
AcDbVertex
100
AcDb2dVertex
 10
13.86380919526548
 20
10.74875513695883
 30
0.0
  0
VERTEX
  5
316
330
30F
100
AcDbEntity
  8
0
100
AcDbVertex
100
AcDb2dVertex
 10
13.59187115070996
 20
10.77006186416751
 30
0.0
  0
VERTEX
  5
317
330
30F
100
AcDbEntity
  8
0
100
AcDbVertex
100
AcDb2dVertex
 10
13.76371756492897
 20
12.96333994901402
 30
0.0
  0
VERTEX
  5
318
330
30F
100
AcDbEntity
  8
0
100
AcDbVertex
100
AcDb2dVertex
 10
14.17784543670306
 20
12.93089244940865
 30
0.0
  0
VERTEX
  5
319
330
30F
100
AcDbEntity
  8
0
100
AcDbVertex
100
AcDb2dVertex
 10
14.92514305540384
 20
11.12518713598735
 30
0.0
  0
VERTEX
  5
31A
330
30F
100
AcDbEntity
  8
0
100
AcDbVertex
100
AcDb2dVertex
 10
15.06119973829846
 20
12.86168040089419
 30
0.0
  0
SEQEND
  5
312
330
30F
100
AcDbEntity
  8
0
  0
POLYLINE
  5
31B
330
70
100
AcDbEntity
  8
0
100
AcDb2dPolyline
 66
     1
 10
0.0
 20
0.0
 30
0.0
 70
     1
  0
VERTEX
  5
31C
330
31B
100
AcDbEntity
  8
0
100
AcDbVertex
100
AcDb2dVertex
 10
5.709537179554931
 20
14.51046972766768
 30
0.0
  0
VERTEX
  5
31D
330
31B
100
AcDbEntity
  8
0
100
AcDbVertex
100
AcDb2dVertex
 10
5.497358587470726
 20
14.71163574883323
 30
0.0
  0
VERTEX
  5
31F
330
31B
100
AcDbEntity
  8
0
100
AcDbVertex
100
AcDb2dVertex
 10
6.831923410812925
 20
16.11925957924553
 30
0.0
  0
VERTEX
  5
320
330
31B
100
AcDbEntity
  8
0
100
AcDbVertex
100
AcDb2dVertex
 10
6.296301842990597
 20
16.62708112048053
 30
0.0
  0
VERTEX
  5
321
330
31B
100
AcDbEntity
  8
0
100
AcDbVertex
100
AcDb2dVertex
 10
6.475388666711148
 20
16.81597181831159
 30
0.0
  0
VERTEX
  5
322
330
31B
100
AcDbEntity
  8
0
100
AcDbVertex
100
AcDb2dVertex
 10
7.758810394440014
 20
15.59916271467606
 30
0.0
  0
VERTEX
  5
323
330
31B
100
AcDbEntity
  8
0
100
AcDbVertex
100
AcDb2dVertex
 10
7.579723570719463
 20
15.410272016845
 30
0.0
  0
VERTEX
  5
324
330
31B
100
AcDbEntity
  8
0
100
AcDbVertex
100
AcDb2dVertex
 10
7.044102002897134
 20
15.91809355807998
 30
0.0
  0
SEQEND
  5
31E
330
31B
100
AcDbEntity
  8
0
  0
POLYLINE
  5
325
330
70
100
AcDbEntity
  8
0
100
AcDb2dPolyline
 66
     1
 10
0.0
 20
0.0
 30
0.0
 70
     1
  0
VERTEX
  5
326
330
325
100
AcDbEntity
  8
0
100
AcDbVertex
100
AcDb2dVertex
 10
2.646023733846072
 20
22.20430581618316
 30
0.0
  0
VERTEX
  5
327
330
325
100
AcDbEntity
  8
0
100
AcDbVertex
100
AcDb2dVertex
 10
1.667786317923953
 20
20.99764367628569
 30
0.0
  0
VERTEX
  5
329
330
325
100
AcDbEntity
  8
0
100
AcDbVertex
100
AcDb2dVertex
 10
1.585039674482839
 20
21.36825934787142
 30
0.0
  0
VERTEX
  5
32A
330
325
100
AcDbEntity
  8
0
100
AcDbVertex
100
AcDb2dVertex
 10
2.408582675883155
 20
22.37597879022054
 30
0.0
  0
VERTEX
  5
32B
330
325
100
AcDbEntity
  8
0
100
AcDbVertex
100
AcDb2dVertex
 10
2.239673625525389
 20
22.46979029367331
 30
0.0
  0
VERTEX
  5
32C
330
325
100
AcDbEntity
  8
0
100
AcDbVertex
100
AcDb2dVertex
 10
1.38186364387391
 20
22.27826871988708
 30
0.0
  0
VERTEX
  5
32D
330
325
100
AcDbEntity
  8
0
100
AcDbVertex
100
AcDb2dVertex
 10
1.318152613243195
 20
22.56362538721131
 30
0.0
  0
VERTEX
  5
32E
330
325
100
AcDbEntity
  8
0
100
AcDbVertex
100
AcDb2dVertex
 10
3.4652875368901
 20
23.04301204451804
 30
0.0
  0
VERTEX
  5
32F
330
325
100
AcDbEntity
  8
0
100
AcDbVertex
100
AcDb2dVertex
 10
3.528998567520815
 20
22.75765537719382
 30
0.0
  0
VERTEX
  5
330
330
325
100
AcDbEntity
  8
0
100
AcDbVertex
100
AcDb2dVertex
 10
2.542430089637677
 20
22.53738614324494
 30
0.0
  0
VERTEX
  5
331
330
325
100
AcDbEntity
  8
0
100
AcDbVertex
100
AcDb2dVertex
 10
3.725570405930218
 20
21.87722565971786
 30
0.0
  0
VERTEX
  5
332
330
325
100
AcDbEntity
  8
0
100
AcDbVertex
100
AcDb2dVertex
 10
3.803266784748169
 20
21.52922972395661
 30
0.0
  0
SEQEND
  5
328
330
325
100
AcDbEntity
  8
0
  0
POLYLINE
  5
333
330
70
100
AcDbEntity
  8
0
100
AcDb2dPolyline
 66
     1
 10
0.0
 20
0.0
 30
0.0
 70
     1
  0
VERTEX
  5
334
330
333
100
AcDbEntity
  8
0
100
AcDbVertex
100
AcDb2dVertex
 10
4.546135378612436
 20
19.68627740253804
 30
0.0
  0
VERTEX
  5
335
330
333
100
AcDbEntity
  8
0
100
AcDbVertex
100
AcDb2dVertex
 10
4.669474116681029
 20
19.4016403860895
 30
0.0
  0
VERTEX
  5
337
330
333
100
AcDbEntity
  8
0
100
AcDbVertex
100
AcDb2dVertex
 10
3.24842514489251
 20
19.59610351291621
 30
0.0
  0
VERTEX
  5
338
330
333
100
AcDbEntity
  8
0
100
AcDbVertex
100
AcDb2dVertex
 10
2.355253817416045
 20
19.20907505897683
 30
0.0
  0
VERTEX
  5
339
330
333
100
AcDbEntity
  8
0
100
AcDbVertex
100
AcDb2dVertex
 10
2.239003512569781
 20
19.47735362620418
 30
0.0
  0
VERTEX
  5
33A
330
333
100
AcDbEntity
  8
0
100
AcDbVertex
100
AcDb2dVertex
 10
3.104365476370238
 20
19.85233174366561
 30
0.0
  0
VERTEX
  5
33B
330
333
100
AcDbEntity
  8
0
100
AcDbVertex
100
AcDb2dVertex
 10
3.962048481092192
 20
21.03421361836332
 30
0.0
  0
VERTEX
  5
33C
330
333
100
AcDbEntity
  8
0
100
AcDbVertex
100
AcDb2dVertex
 10
4.091057965738653
 20
20.73648984253785
 30
0.0
  0
VERTEX
  5
33D
330
333
100
AcDbEntity
  8
0
100
AcDbVertex
100
AcDb2dVertex
 10
3.428915192820967
 20
19.82975338840949
 30
0.0
  0
SEQEND
  5
336
330
333
100
AcDbEntity
  8
0
  0
POLYLINE
  5
33E
330
70
100
AcDbEntity
  8
0
100
AcDb2dPolyline
 66
     1
 10
0.0
 20
0.0
 30
0.0
  0
VERTEX
  5
33F
330
33E
100
AcDbEntity
  8
0
100
AcDbVertex
100
AcDb2dVertex
 10
10.95250164982143
 20
12.25265307019415
 30
0.0
  0
VERTEX
  5
340
330
33E
100
AcDbEntity
  8
0
100
AcDbVertex
100
AcDb2dVertex
 10
11.3356341903439
 20
13.57087572142193
 30
0.0
  0
VERTEX
  5
342
330
33E
100
AcDbEntity
  8
0
100
AcDbVertex
100
AcDb2dVertex
 10
11.61639849528073
 20
13.48927346603793
 30
0.0
  0
VERTEX
  5
343
330
33E
100
AcDbEntity
  8
0
100
AcDbVertex
100
AcDb2dVertex
 10
11.23326595475826
 20
12.17105081481015
 30
0.0
  0
SEQEND
  5
341
330
33E
100
AcDbEntity
  8
0
  0
POLYLINE
  5
344
330
70
100
AcDbEntity
  8
0
100
AcDb2dPolyline
 66
     1
 10
0.0
 20
0.0
 30
0.0
  0
VERTEX
  5
345
330
344
100
AcDbEntity
  8
0
100
AcDbVertex
100
AcDb2dVertex
 10
12.1985429259032
 20
11.88307318364117
 30
0.0
  0
VERTEX
  5
346
330
344
100
AcDbEntity
  8
0
100
AcDbVertex
100
AcDb2dVertex
 10
12.58366576533748
 20
13.20814374474547
 30
0.0
  0
VERTEX
  5
348
330
344
100
AcDbEntity
  8
0
100
AcDbVertex
100
AcDb2dVertex
 10
12.86443007027431
 20
13.12654148936146
 30
0.0
  0
VERTEX
  5
349
330
344
100
AcDbEntity
  8
0
100
AcDbVertex
100
AcDb2dVertex
 10
12.48129752975183
 20
11.80831883813368
 30
0.0
  0
SEQEND
  5
347
330
344
100
AcDbEntity
  8
0
  0
POLYLINE
  5
34A
330
70
100
AcDbEntity
  8
0
100
AcDb2dPolyline
 66
     1
 10
0.0
 20
0.0
 30
0.0
 70
     1
  0
VERTEX
  5
34B
330
34A
100
AcDbEntity
  8
0
100
AcDbVertex
100
AcDb2dVertex
 10
17.2916023626431
 20
10.99665437773682
 30
0.0
  0
VERTEX
  5
34C
330
34A
100
AcDbEntity
  8
0
100
AcDbVertex
100
AcDb2dVertex
 10
17.31331442337846
 20
10.77307079522658
 30
0.0
  0
VERTEX
  5
34E
330
34A
100
AcDbEntity
  8
0
100
AcDbVertex
100
AcDb2dVertex
 10
16.46511638814123
 20
10.69070281878611
 30
0.0
  0
VERTEX
  5
34F
330
34A
100
AcDbEntity
  8
0
100
AcDbVertex
100
AcDb2dVertex
 10
16.44340432740587
 20
10.91428640129634
 30
0.0
  0
VERTEX
  5
350
330
34A
100
AcDbEntity
  8
0
100
AcDbVertex
100
AcDb2dVertex
 10
16.72199656910513
 20
10.94134031824437
 30
0.0
  0
VERTEX
  5
351
330
34A
100
AcDbEntity
  8
0
100
AcDbVertex
100
AcDb2dVertex
 10
16.55278034972324
 20
12.68387268352252
 30
0.0
  0
VERTEX
  5
352
330
34A
100
AcDbEntity
  8
0
100
AcDbVertex
100
AcDb2dVertex
 10
16.27418810802398
 20
12.65681876657449
 30
0.0
  0
VERTEX
  5
353
330
34A
100
AcDbEntity
  8
0
100
AcDbVertex
100
AcDb2dVertex
 10
16.25247604728863
 20
12.88040234908473
 30
0.0
  0
VERTEX
  5
354
330
34A
100
AcDbEntity
  8
0
100
AcDbVertex
100
AcDb2dVertex
 10
17.10067408252586
 20
12.9627703255252
 30
0.0
  0
VERTEX
  5
355
330
34A
100
AcDbEntity
  8
0
100
AcDbVertex
100
AcDb2dVertex
 10
17.12238614326121
 20
12.73918674301497
 30
0.0
  0
VERTEX
  5
356
330
34A
100
AcDbEntity
  8
0
100
AcDbVertex
100
AcDb2dVertex
 10
16.84379390156195
 20
12.71213282606695
 30
0.0
  0
VERTEX
  5
357
330
34A
100
AcDbEntity
  8
0
100
AcDbVertex
100
AcDb2dVertex
 10
17.01301012094385
 20
10.96960046078879
 30
0.0
  0
SEQEND
  5
34D
330
34A
100
AcDbEntity
  8
0
  0
POLYLINE
  5
358
330
70
100
AcDbEntity
  8
0
100
AcDb2dPolyline
 66
     1
 10
0.0
 20
0.0
 30
0.0
 70
     1
  0
VERTEX
  5
359
330
358
100
AcDbEntity
  8
0
100
AcDbVertex
100
AcDb2dVertex
 10
22.47501129700828
 20
12.44683237183165
 30
0.0
  0
VERTEX
  5
35A
330
358
100
AcDbEntity
  8
0
100
AcDbVertex
100
AcDb2dVertex
 10
21.23776114526984
 20
11.84390957758553
 30
0.0
  0
VERTEX
  5
35C
330
358
100
AcDbEntity
  8
0
100
AcDbVertex
100
AcDb2dVertex
 10
20.27402186016659
 20
13.82158663360266
 30
0.0
  0
VERTEX
  5
35D
330
358
100
AcDbEntity
  8
0
100
AcDbVertex
100
AcDb2dVertex
 10
21.51127201190503
 20
14.42450942784878
 30
0.0
  0
VERTEX
  5
35E
330
358
100
AcDbEntity
  8
0
100
AcDbVertex
100
AcDb2dVertex
 10
21.62529627092048
 20
14.19052170485161
 30
0.0
  0
VERTEX
  5
35F
330
358
100
AcDbEntity
  8
0
100
AcDbVertex
100
AcDb2dVertex
 10
20.65088164364462
 20
13.71568095497903
 30
0.0
  0
VERTEX
  5
360
330
358
100
AcDbEntity
  8
0
100
AcDbVertex
100
AcDb2dVertex
 10
20.91485561314616
 20
13.17398334968421
 30
0.0
  0
VERTEX
  5
361
330
358
100
AcDbEntity
  8
0
100
AcDbVertex
100
AcDb2dVertex
 10
21.82356135930638
 20
13.61680358846342
 30
0.0
  0
VERTEX
  5
362
330
358
100
AcDbEntity
  8
0
100
AcDbVertex
100
AcDb2dVertex
 10
21.93758561832184
 20
13.38281586546625
 30
0.0
  0
VERTEX
  5
363
330
358
100
AcDbEntity
  8
0
100
AcDbVertex
100
AcDb2dVertex
 10
21.02887987216162
 20
12.93999562668705
 30
0.0
  0
VERTEX
  5
364
330
358
100
AcDbEntity
  8
0
100
AcDbVertex
100
AcDb2dVertex
 10
21.38657241071695
 20
12.20597934495622
 30
0.0
  0
VERTEX
  5
365
330
358
100
AcDbEntity
  8
0
100
AcDbVertex
100
AcDb2dVertex
 10
22.36098703799282
 20
12.68082009482881
 30
0.0
  0
SEQEND
  5
35B
330
358
100
AcDbEntity
  8
0
  0
POLYLINE
  5
366
330
70
100
AcDbEntity
  8
0
100
AcDb2dPolyline
 66
     1
 10
0.0
 20
0.0
 30
0.0
 70
     1
  0
VERTEX
  5
367
330
366
100
AcDbEntity
  8
0
100
AcDbVertex
100
AcDb2dVertex
 10
27.61342830998901
 20
17.70642411728546
 30
0.0
  0
VERTEX
  5
368
330
366
100
AcDbEntity
  8
0
100
AcDbVertex
100
AcDb2dVertex
 10
27.80196233296056
 20
17.58429322794272
 30
0.0
  0
VERTEX
  5
36A
330
366
100
AcDbEntity
  8
0
100
AcDbVertex
100
AcDb2dVertex
 10
27.33864038767623
 20
16.8690609820665
 30
0.0
  0
VERTEX
  5
36B
330
366
100
AcDbEntity
  8
0
100
AcDbVertex
100
AcDb2dVertex
 10
27.15010636470469
 20
16.99119187140923
 30
0.0
  0
VERTEX
  5
36C
330
366
100
AcDbEntity
  8
0
100
AcDbVertex
100
AcDb2dVertex
 10
27.30228532999682
 20
17.22611124923887
 30
0.0
  0
VERTEX
  5
36D
330
366
100
AcDbEntity
  8
0
100
AcDbVertex
100
AcDb2dVertex
 10
25.83291699223437
 20
18.17795675189412
 30
0.0
  0
VERTEX
  5
36E
330
366
100
AcDbEntity
  8
0
100
AcDbVertex
100
AcDb2dVertex
 10
25.68073802694224
 20
17.94303737406449
 30
0.0
  0
VERTEX
  5
36F
330
366
100
AcDbEntity
  8
0
100
AcDbVertex
100
AcDb2dVertex
 10
25.49220400397068
 20
18.06516826340722
 30
0.0
  0
VERTEX
  5
370
330
366
100
AcDbEntity
  8
0
100
AcDbVertex
100
AcDb2dVertex
 10
25.955525949255
 20
18.78040050928344
 30
0.0
  0
VERTEX
  5
371
330
366
100
AcDbEntity
  8
0
100
AcDbVertex
100
AcDb2dVertex
 10
26.14405997222656
 20
18.6582696199407
 30
0.0
  0
VERTEX
  5
372
330
366
100
AcDbEntity
  8
0
100
AcDbVertex
100
AcDb2dVertex
 10
25.99188100693443
 20
18.42335024211107
 30
0.0
  0
VERTEX
  5
373
330
366
100
AcDbEntity
  8
0
100
AcDbVertex
100
AcDb2dVertex
 10
27.46124934469687
 20
17.47150473945582
 30
0.0
  0
SEQEND
  5
369
330
366
100
AcDbEntity
  8
0
  0
POLYLINE
  5
374
330
70
100
AcDbEntity
  8
0
100
AcDb2dPolyline
 66
     1
 10
0.0
 20
0.0
 30
0.0
 70
     1
  0
VERTEX
  5
375
330
374
100
AcDbEntity
  8
0
100
AcDbVertex
100
AcDb2dVertex
 10
27.51218052861942
 20
22.94209329197361
 30
0.0
  0
VERTEX
  5
376
330
374
100
AcDbEntity
  8
0
100
AcDbVertex
100
AcDb2dVertex
 10
27.57977637819103
 20
23.24484975608589
 30
0.0
  0
VERTEX
  5
378
330
374
100
AcDbEntity
  8
0
100
AcDbVertex
100
AcDb2dVertex
 10
28.61488544737431
 20
22.25200268688997
 30
0.0
  0
VERTEX
  5
379
330
374
100
AcDbEntity
  8
0
100
AcDbVertex
100
AcDb2dVertex
 10
29.56491435200252
 20
22.03989157271698
 30
0.0
  0
VERTEX
  5
37A
330
374
100
AcDbEntity
  8
0
100
AcDbVertex
100
AcDb2dVertex
 10
29.5012033213718
 20
21.75453490539276
 30
0.0
  0
VERTEX
  5
37B
330
374
100
AcDbEntity
  8
0
100
AcDbVertex
100
AcDb2dVertex
 10
28.58075407128331
 20
21.96004182736622
 30
0.0
  0
VERTEX
  5
37C
330
374
100
AcDbEntity
  8
0
100
AcDbVertex
100
AcDb2dVertex
 10
27.19207144788948
 20
21.50835003663727
 30
0.0
  0
VERTEX
  5
37D
330
374
100
AcDbEntity
  8
0
100
AcDbVertex
100
AcDb2dVertex
 10
27.26277515261382
 20
21.82502633818
 30
0.0
  0
VERTEX
  5
37E
330
374
100
AcDbEntity
  8
0
100
AcDbVertex
100
AcDb2dVertex
 10
28.33150984242023
 20
22.16913418722848
 30
0.0
  0
SEQEND
  5
377
330
374
100
AcDbEntity
  8
0
  0
POLYLINE
  5
37F
330
70
100
AcDbEntity
  8
0
100
AcDb2dPolyline
 66
     1
 10
0.0
 20
0.0
 30
0.0
 70
     1
  0
VERTEX
  5
380
330
37F
100
AcDbEntity
  8
0
100
AcDbVertex
100
AcDb2dVertex
 10
22.04405323041579
 20
15.7121548348022
 30
0.0
  0
VERTEX
  5
381
330
37F
100
AcDbEntity
  8
0
100
AcDbVertex
100
AcDb2dVertex
 10
20.68060403334044
 20
18.07371811767569
 30
0.0
  0
VERTEX
  5
383
330
37F
100
AcDbEntity
  8
0
100
AcDbVertex
100
AcDb2dVertex
 10
20.89673366413405
 20
18.09558763516376
 30
0.0
  0
VERTEX
  5
384
330
37F
100
AcDbEntity
  8
0
100
AcDbVertex
100
AcDb2dVertex
 10
21.29351307965514
 20
18.15629261077135
 30
0.0
  0
VERTEX
  5
385
330
37F
100
AcDbEntity
  8
0
100
AcDbVertex
100
AcDb2dVertex
 10
21.43580989213793
 20
18.17092888785356
 30
0.0
  0
VERTEX
  5
386
330
37F
100
AcDbEntity
  8
0
100
AcDbVertex
100
AcDb2dVertex
 10
21.55777858855177
 20
18.20101456852311
 30
0.0
  0
VERTEX
  5
387
330
37F
100
AcDbEntity
  8
0
100
AcDbVertex
100
AcDb2dVertex
 10
21.72040351710341
 20
18.21504100072697
 30
0.0
  0
VERTEX
  5
388
330
37F
100
AcDbEntity
  8
0
100
AcDbVertex
100
AcDb2dVertex
 10
21.86270032958613
 20
18.27704189670107
 30
0.0
  0
VERTEX
  5
389
330
37F
100
AcDbEntity
  8
0
100
AcDbVertex
100
AcDb2dVertex
 10
22.23853225675193
 20
18.41184103986612
 30
0.0
  0
VERTEX
  5
38A
330
37F
100
AcDbEntity
  8
0
100
AcDbVertex
100
AcDb2dVertex
 10
22.45221569558624
 20
18.52057328482237
 30
0.0
  0
VERTEX
  5
38B
330
37F
100
AcDbEntity
  8
0
100
AcDbVertex
100
AcDb2dVertex
 10
22.7748228976007
 20
18.74174369406775
 30
0.0
  0
VERTEX
  5
38C
330
37F
100
AcDbEntity
  8
0
100
AcDbVertex
100
AcDb2dVertex
 10
22.90420500384351
 20
18.90654474363799
 30
0.0
  0
VERTEX
  5
38D
330
37F
100
AcDbEntity
  8
0
100
AcDbVertex
100
AcDb2dVertex
 10
22.96387437704193
 20
18.96677645420971
 30
0.0
  0
VERTEX
  5
38E
330
37F
100
AcDbEntity
  8
0
100
AcDbVertex
100
AcDb2dVertex
 10
23.16369975799993
 20
19.10988671901538
 30
0.0
  0
VERTEX
  5
38F
330
37F
100
AcDbEntity
  8
0
100
AcDbVertex
100
AcDb2dVertex
 10
23.40662074502422
 20
19.32516196110256
 30
0.0
  0
VERTEX
  5
390
330
37F
100
AcDbEntity
  8
0
100
AcDbVertex
100
AcDb2dVertex
 10
23.48493798844799
 20
19.42476995791338
 30
0.0
  0
VERTEX
  5
391
330
37F
100
AcDbEntity
  8
0
100
AcDbVertex
100
AcDb2dVertex
 10
23.59071724617374
 20
19.57941645500282
 30
0.0
  0
VERTEX
  5
392
330
37F
100
AcDbEntity
  8
0
100
AcDbVertex
100
AcDb2dVertex
 10
23.75545121676749
 20
19.85288106257378
 30
0.0
  0
VERTEX
  5
393
330
37F
100
AcDbEntity
  8
0
100
AcDbVertex
100
AcDb2dVertex
 10
23.84319562401838
 20
20.1363636427834
 30
0.0
  0
VERTEX
  5
394
330
37F
100
AcDbEntity
  8
0
100
AcDbVertex
100
AcDb2dVertex
 10
23.89373997589663
 20
20.33378901114333
 30
0.0
  0
VERTEX
  5
395
330
37F
100
AcDbEntity
  8
0
100
AcDbVertex
100
AcDb2dVertex
 10
23.91909255112278
 20
20.52371042885103
 30
0.0
  0
VERTEX
  5
396
330
37F
100
AcDbEntity
  8
0
100
AcDbVertex
100
AcDb2dVertex
 10
23.93555832513859
 20
20.93007039951392
 30
0.0
  0
VERTEX
  5
397
330
37F
100
AcDbEntity
  8
0
100
AcDbVertex
100
AcDb2dVertex
 10
23.8934791248757
 20
21.35716509604358
 30
0.0
  0
VERTEX
  5
398
330
37F
100
AcDbEntity
  8
0
100
AcDbVertex
100
AcDb2dVertex
 10
23.82456681140197
 20
21.64175937264632
 30
0.0
  0
VERTEX
  5
399
330
37F
100
AcDbEntity
  8
0
100
AcDbVertex
100
AcDb2dVertex
 10
23.80139275908332
 20
21.78405651094735
 30
0.0
  0
VERTEX
  5
39A
330
37F
100
AcDbEntity
  8
0
100
AcDbVertex
100
AcDb2dVertex
 10
23.69588983668556
 20
22.02799446232089
 30
0.0
  0
VERTEX
  5
39B
330
37F
100
AcDbEntity
  8
0
100
AcDbVertex
100
AcDb2dVertex
 10
23.62566651853848
 20
22.22543908685045
 30
0.0
  0
VERTEX
  5
39C
330
37F
100
AcDbEntity
  8
0
100
AcDbVertex
100
AcDb2dVertex
 10
23.55359302420277
 20
22.35351187128652
 30
0.0
  0
VERTEX
  5
39D
330
37F
100
AcDbEntity
  8
0
100
AcDbVertex
100
AcDb2dVertex
 10
23.42247667555781
 20
22.55398566996991
 30
0.0
  0
VERTEX
  5
39E
330
37F
100
AcDbEntity
  8
0
100
AcDbVertex
100
AcDb2dVertex
 10
23.280688065977
 20
22.74851348108882
 30
0.0
  0
VERTEX
  5
39F
330
37F
100
AcDbEntity
  8
0
100
AcDbVertex
100
AcDb2dVertex
 10
23.16024397826833
 20
22.89356762644449
 30
0.0
  0
VERTEX
  5
3A0
330
37F
100
AcDbEntity
  8
0
100
AcDbVertex
100
AcDb2dVertex
 10
22.75713743662079
 20
23.26801238180288
 30
0.0
  0
VERTEX
  5
3A1
330
37F
100
AcDbEntity
  8
0
100
AcDbVertex
100
AcDb2dVertex
 10
22.71858270288822
 20
23.27533806399813
 30
0.0
  0
VERTEX
  5
3A2
330
37F
100
AcDbEntity
  8
0
100
AcDbVertex
100
AcDb2dVertex
 10
22.65590937410005
 20
23.30555000161483
 30
0.0
  0
VERTEX
  5
3A3
330
37F
100
AcDbEntity
  8
0
100
AcDbVertex
100
AcDb2dVertex
 10
22.52173785254218
 20
23.42860486645691
 30
0.0
  0
VERTEX
  5
3A4
330
37F
100
AcDbEntity
  8
0
100
AcDbVertex
100
AcDb2dVertex
 10
22.39184119086139
 20
23.52028487984838
 30
0.0
  0
VERTEX
  5
3A5
330
37F
100
AcDbEntity
  8
0
100
AcDbVertex
100
AcDb2dVertex
 10
22.28389889453525
 20
23.62375522755592
 30
0.0
  0
VERTEX
  5
3A6
330
37F
100
AcDbEntity
  8
0
100
AcDbVertex
100
AcDb2dVertex
 10
22.17107785035244
 20
23.69124472743572
 30
0.0
  0
VERTEX
  5
3A7
330
37F
100
AcDbEntity
  8
0
100
AcDbVertex
100
AcDb2dVertex
 10
22.06415195982973
 20
23.77824926342567
 30
0.0
  0
VERTEX
  5
3A8
330
37F
100
AcDbEntity
  8
0
100
AcDbVertex
100
AcDb2dVertex
 10
21.94868826055783
 20
23.85234541615533
 30
0.0
  0
VERTEX
  5
3A9
330
37F
100
AcDbEntity
  8
0
100
AcDbVertex
100
AcDb2dVertex
 10
21.90046615772057
 20
23.90054221920398
 30
0.0
  0
VERTEX
  5
3AA
330
37F
100
AcDbEntity
  8
0
100
AcDbVertex
100
AcDb2dVertex
 10
21.88550027707339
 20
23.94316197892849
 30
0.0
  0
VERTEX
  5
3AB
330
37F
100
AcDbEntity
  8
0
100
AcDbVertex
100
AcDb2dVertex
 10
21.88628094422629
 20
23.95876334744196
 30
0.0
  0
VERTEX
  5
3AC
330
37F
100
AcDbEntity
  8
0
100
AcDbVertex
100
AcDb2dVertex
 10
21.94318162924247
 20
24.0467875173176
 30
0.0
  0
VERTEX
  5
3AD
330
37F
100
AcDbEntity
  8
0
100
AcDbVertex
100
AcDb2dVertex
 10
26.85605565326272
 20
24.04678751731761
 30
0.0
 42
-0.2213979179283752
  0
SEQEND
  5
382
330
37F
100
AcDbEntity
  8
0
  0
POLYLINE
  5
3AE
330
70
100
AcDbEntity
  8
0
100
AcDb2dPolyline
 66
     1
 10
0.0
 20
0.0
 30
0.0
 70
     1
  0
VERTEX
  5
3AF
330
3AE
100
AcDbEntity
  8
0
100
AcDbVertex
100
AcDb2dVertex
 10
12.58015864204156
 20
17.98947393529269
 30
0.0
  0
VERTEX
  5
3B0
330
3AE
100
AcDbEntity
  8
0
100
AcDbVertex
100
AcDb2dVertex
 10
12.85667154218964
 20
17.99428033100945
 30
0.0
  0
VERTEX
  5
3B2
330
3AE
100
AcDbEntity
  8
0
100
AcDbVertex
100
AcDb2dVertex
 10
13.10128230386202
 20
17.98899183245427
 30
0.0
  0
VERTEX
  5
3B3
330
3AE
100
AcDbEntity
  8
0
100
AcDbVertex
100
AcDb2dVertex
 10
13.42653216096565
 20
17.959312715037
 30
0.0
  0
VERTEX
  5
3B4
330
3AE
100
AcDbEntity
  8
0
100
AcDbVertex
100
AcDb2dVertex
 10
13.5570386661283
 20
17.959312715037
 30
0.0
  0
VERTEX
  5
3B5
330
3AE
100
AcDbEntity
  8
0
100
AcDbVertex
100
AcDb2dVertex
 10
13.67046955379317
 20
17.94325346657151
 30
0.0
  0
VERTEX
  5
3B6
330
3AE
100
AcDbEntity
  8
0
100
AcDbVertex
100
AcDb2dVertex
 10
13.81276636627586
 20
17.95585692739258
 30
0.0
  0
VERTEX
  5
3B7
330
3AE
100
AcDbEntity
  8
0
100
AcDbVertex
100
AcDb2dVertex
 10
14.25998491979291
 20
17.93349594851683
 30
0.0
  0
VERTEX
  5
3B8
330
3AE
100
AcDbEntity
  8
0
100
AcDbVertex
100
AcDb2dVertex
 10
14.80884405365512
 20
17.93349594851683
 30
0.0
  0
VERTEX
  5
3B9
330
3AE
100
AcDbEntity
  8
0
100
AcDbVertex
100
AcDb2dVertex
 10
14.99179709827582
 20
17.91743670005132
 30
0.0
  0
VERTEX
  5
3BA
330
3AE
100
AcDbEntity
  8
0
100
AcDbVertex
100
AcDb2dVertex
 10
15.33737507144846
 20
17.91743670005132
 30
0.0
  0
VERTEX
  5
3BB
330
3AE
100
AcDbEntity
  8
0
100
AcDbVertex
100
AcDb2dVertex
 10
15.58131246427603
 20
17.93166641388153
 30
0.0
  0
VERTEX
  5
3BC
330
3AE
100
AcDbEntity
  8
0
100
AcDbVertex
100
AcDb2dVertex
 10
15.86590608924125
 20
17.90503652085661
 30
0.0
  0
VERTEX
  5
3BD
330
3AE
100
AcDbEntity
  8
0
100
AcDbVertex
100
AcDb2dVertex
 10
16.23181217848279
 20
17.92373843046189
 30
0.0
  0
VERTEX
  5
3BE
330
3AE
100
AcDbEntity
  8
0
100
AcDbVertex
100
AcDb2dVertex
 10
16.78067131234489
 20
17.92373843046189
 30
0.0
  0
VERTEX
  5
3BF
330
3AE
100
AcDbEntity
  8
0
100
AcDbVertex
100
AcDb2dVertex
 10
16.96362435696554
 20
17.90523980248261
 30
0.0
  0
VERTEX
  5
3C0
330
3AE
100
AcDbEntity
  8
0
100
AcDbVertex
100
AcDb2dVertex
 10
17.15335436668735
 20
17.94303747984391
 30
0.0
  0
VERTEX
  5
3C1
330
3AE
100
AcDbEntity
  8
0
100
AcDbVertex
100
AcDb2dVertex
 10
17.22269706449349
 20
17.94230812760332
 30
0.0
  0
VERTEX
  5
3C2
330
3AE
100
AcDbEntity
  8
0
100
AcDbVertex
100
AcDb2dVertex
 10
17.3805155052889
 20
17.90944082374476
 30
0.0
  0
VERTEX
  5
3C3
330
3AE
100
AcDbEntity
  8
0
100
AcDbVertex
100
AcDb2dVertex
 10
17.53281160689664
 20
17.94081408705797
 30
0.0
  0
VERTEX
  5
3C4
330
3AE
100
AcDbEntity
  8
0
100
AcDbVertex
100
AcDb2dVertex
 10
17.95970204434476
 20
17.94081408705797
 30
0.0
  0
VERTEX
  5
3C5
330
3AE
100
AcDbEntity
  8
0
100
AcDbVertex
100
AcDb2dVertex
 10
18.16298320503441
 20
17.95545036414054
 30
0.0
  0
VERTEX
  5
3C6
330
3AE
100
AcDbEntity
  8
0
100
AcDbVertex
100
AcDb2dVertex
 10
18.36626436572406
 20
17.94386331145016
 30
0.0
  0
VERTEX
  5
3C7
330
3AE
100
AcDbEntity
  8
0
100
AcDbVertex
100
AcDb2dVertex
 10
18.44110723329411
 20
17.95264035874385
 30
0.0
  0
VERTEX
  5
3C8
330
3AE
100
AcDbEntity
  8
0
100
AcDbVertex
100
AcDb2dVertex
 10
20.31200242284691
 20
14.7121548348022
 30
0.0
 42
-0.2213979179283747
  0
VERTEX
  5
3C9
330
3AE
100
AcDbEntity
  8
0
100
AcDbVertex
100
AcDb2dVertex
 10
10.68799757715307
 20
14.71215483480221
 30
0.0
  0
SEQEND
  5
3B1
330
3AE
100
AcDbEntity
  8
0
  0
POLYLINE
  5
3CA
330
70
100
AcDbEntity
  8
0
100
AcDb2dPolyline
 66
     1
 10
0.0
 20
0.0
 30
0.0
 70
     1
  0
VERTEX
  5
3CB
330
3CA
100
AcDbEntity
  8
0
100
AcDbVertex
100
AcDb2dVertex
 10
8.955946769584205
 20
34.38142019983302
 30
0.0
  0
VERTEX
  5
3CC
330
3CA
100
AcDbEntity
  8
0
100
AcDbVertex
100
AcDb2dVertex
 10
11.0220500880879
 20
30.80282427849793
 30
0.0
  0
VERTEX
  5
3CE
330
3CA
100
AcDbEntity
  8
0
100
AcDbVertex
100
AcDb2dVertex
 10
10.69263559353186
 20
30.48933169600541
 30
0.0
  0
VERTEX
  5
3CF
330
3CA
100
AcDbEntity
  8
0
100
AcDbVertex
100
AcDb2dVertex
 10
10.65276072335531
 20
30.44365050308021
 30
0.0
  0
VERTEX
  5
3D0
330
3CA
100
AcDbEntity
  8
0
100
AcDbVertex
100
AcDb2dVertex
 10
10.56638846393912
 20
30.31018023413929
 30
0.0
  0
VERTEX
  5
3D1
330
3CA
100
AcDbEntity
  8
0
100
AcDbVertex
100
AcDb2dVertex
 10
10.49935967746962
 20
30.16868669351634
 30
0.0
  0
VERTEX
  5
3D2
330
3CA
100
AcDbEntity
  8
0
100
AcDbVertex
100
AcDb2dVertex
 10
10.38666568401264
 20
29.87466523150165
 30
0.0
  0
VERTEX
  5
3D3
330
3CA
100
AcDbEntity
  8
0
100
AcDbVertex
100
AcDb2dVertex
 10
10.27945526934572
 20
29.66497944006453
 30
0.0
  0
VERTEX
  5
3D4
330
3CA
100
AcDbEntity
  8
0
100
AcDbVertex
100
AcDb2dVertex
 10
10.24702780499278
 20
29.50346980588617
 30
0.0
  0
VERTEX
  5
3D5
330
3CA
100
AcDbEntity
  8
0
100
AcDbVertex
100
AcDb2dVertex
 10
10.21204716698007
 20
29.16317953999557
 30
0.0
  0
VERTEX
  5
3D6
330
3CA
100
AcDbEntity
  8
0
100
AcDbVertex
100
AcDb2dVertex
 10
10.18638093527559
 20
29.02317130516053
 30
0.0
  0
VERTEX
  5
3D7
330
3CA
100
AcDbEntity
  8
0
100
AcDbVertex
100
AcDb2dVertex
 10
10.1841976479655
 20
28.91924158862207
 30
0.0
  0
VERTEX
  5
3D8
330
3CA
100
AcDbEntity
  8
0
100
AcDbVertex
100
AcDb2dVertex
 10
10.30982540527165
 20
28.45169384848947
 30
0.0
  0
VERTEX
  5
3D9
330
3CA
100
AcDbEntity
  8
0
100
AcDbVertex
100
AcDb2dVertex
 10
10.47106230464826
 20
28.1270530915367
 30
0.0
  0
VERTEX
  5
3DA
330
3CA
100
AcDbEntity
  8
0
100
AcDbVertex
100
AcDb2dVertex
 10
10.61081175008619
 20
27.89973341310052
 30
0.0
  0
VERTEX
  5
3DB
330
3CA
100
AcDbEntity
  8
0
100
AcDbVertex
100
AcDb2dVertex
 10
10.71867463970881
 20
27.75235423414576
 30
0.0
  0
VERTEX
  5
3DC
330
3CA
100
AcDbEntity
  8
0
100
AcDbVertex
100
AcDb2dVertex
 10
10.73557238619126
 20
27.71129134566468
 30
0.0
  0
VERTEX
  5
3DD
330
3CA
100
AcDbEntity
  8
0
100
AcDbVertex
100
AcDb2dVertex
 10
10.7352118797577
 20
27.69190812498397
 30
0.0
  0
VERTEX
  5
3DE
330
3CA
100
AcDbEntity
  8
0
100
AcDbVertex
100
AcDb2dVertex
 10
10.71774161094402
 20
27.66684890014873
 30
0.0
  0
VERTEX
  5
3DF
330
3CA
100
AcDbEntity
  8
0
100
AcDbVertex
100
AcDb2dVertex
 10
10.67725610321832
 20
27.65427084953088
 30
0.0
  0
VERTEX
  5
3E0
330
3CA
100
AcDbEntity
  8
0
100
AcDbVertex
100
AcDb2dVertex
 10
10.3976428666898
 20
27.61193745088636
 30
0.0
  0
VERTEX
  5
3E1
330
3CA
100
AcDbEntity
  8
0
100
AcDbVertex
100
AcDb2dVertex
 10
9.991080545310451
 20
27.52229025375663
 30
0.0
  0
VERTEX
  5
3E2
330
3CA
100
AcDbEntity
  8
0
100
AcDbVertex
100
AcDb2dVertex
 10
9.848783732827509
 20
27.45602044363356
 30
0.0
  0
VERTEX
  5
3E3
330
3CA
100
AcDbEntity
  8
0
100
AcDbVertex
100
AcDb2dVertex
 10
9.584518223931301
 20
27.37430122992329
 30
0.0
  0
VERTEX
  5
3E4
330
3CA
100
AcDbEntity
  8
0
100
AcDbVertex
100
AcDb2dVertex
 10
9.482991989239021
 20
27.31784928708758
 30
0.0
  0
VERTEX
  5
3E5
330
3CA
100
AcDbEntity
  8
0
100
AcDbVertex
100
AcDb2dVertex
 10
9.38916502850834
 20
27.24376901573499
 30
0.0
  0
VERTEX
  5
3E6
330
3CA
100
AcDbEntity
  8
0
100
AcDbVertex
100
AcDb2dVertex
 10
9.050741202278164
 20
26.94324373278689
 30
0.0
  0
VERTEX
  5
3E7
330
3CA
100
AcDbEntity
  8
0
100
AcDbVertex
100
AcDb2dVertex
 10
8.964713964988394
 20
26.85755933626353
 30
0.0
  0
VERTEX
  5
3E8
330
3CA
100
AcDbEntity
  8
0
100
AcDbVertex
100
AcDb2dVertex
 10
8.883198219551807
 20
26.72949191179267
 30
0.0
  0
VERTEX
  5
3E9
330
3CA
100
AcDbEntity
  8
0
100
AcDbVertex
100
AcDb2dVertex
 10
8.779346559551019
 20
26.61582611705811
 30
0.0
  0
VERTEX
  5
3EA
330
3CA
100
AcDbEntity
  8
0
100
AcDbVertex
100
AcDb2dVertex
 10
8.611449422927432
 20
26.30383725912622
 30
0.0
  0
VERTEX
  5
3EB
330
3CA
100
AcDbEntity
  8
0
100
AcDbVertex
100
AcDb2dVertex
 10
8.537925168120462
 20
26.12150197819734
 30
0.0
  0
VERTEX
  5
3EC
330
3CA
100
AcDbEntity
  8
0
100
AcDbVertex
100
AcDb2dVertex
 10
8.519177534220911
 20
26.04678751731761
 30
0.0
  0
VERTEX
  5
3ED
330
3CA
100
AcDbEntity
  8
0
100
AcDbVertex
100
AcDb2dVertex
 10
4.143944346737282
 20
26.04678751731761
 30
0.0
 42
-0.2213979179283747
  0
SEQEND
  5
3CD
330
3CA
100
AcDbEntity
  8
0
  0
POLYLINE
  5
3EE
330
70
100
AcDbEntity
  8
0
100
AcDb2dPolyline
 66
     1
 10
0.0
 20
0.0
 30
0.0
 70
     1
  0
VERTEX
  5
3EF
330
3EE
100
AcDbEntity
  8
0
100
AcDbVertex
100
AcDb2dVertex
 10
4.143944346737282
 20
24.04678751731761
 30
0.0
  0
VERTEX
  5
3F0
330
3EE
100
AcDbEntity
  8
0
100
AcDbVertex
100
AcDb2dVertex
 10
9.073140443972338
 20
24.04678751731761
 30
0.0
  0
VERTEX
  5
3F2
330
3EE
100
AcDbEntity
  8
0
100
AcDbVertex
100
AcDb2dVertex
 10
9.090545847151524
 20
24.01902205635459
 30
0.0
  0
VERTEX
  5
3F3
330
3EE
100
AcDbEntity
  8
0
100
AcDbVertex
100
AcDb2dVertex
 10
9.112256781330877
 20
23.94622658840462
 30
0.0
  0
VERTEX
  5
3F4
330
3EE
100
AcDbEntity
  8
0
100
AcDbVertex
100
AcDb2dVertex
 10
9.106197652828406
 20
23.90001495748629
 30
0.0
  0
VERTEX
  5
3F5
330
3EE
100
AcDbEntity
  8
0
100
AcDbVertex
100
AcDb2dVertex
 10
9.073617628346667
 20
23.84414759821386
 30
0.0
  0
VERTEX
  5
3F6
330
3EE
100
AcDbEntity
  8
0
100
AcDbVertex
100
AcDb2dVertex
 10
9.025223064075408
 20
23.8010021152801
 30
0.0
  0
VERTEX
  5
3F7
330
3EE
100
AcDbEntity
  8
0
100
AcDbVertex
100
AcDb2dVertex
 10
8.832377929379497
 20
23.69713989459389
 30
0.0
  0
VERTEX
  5
3F8
330
3EE
100
AcDbEntity
  8
0
100
AcDbVertex
100
AcDb2dVertex
 10
8.630926299135953
 20
23.52983911627701
 30
0.0
  0
VERTEX
  5
3F9
330
3EE
100
AcDbEntity
  8
0
100
AcDbVertex
100
AcDb2dVertex
 10
8.303846911586244
 20
23.30074072361207
 30
0.0
  0
VERTEX
  5
3FA
330
3EE
100
AcDbEntity
  8
0
100
AcDbVertex
100
AcDb2dVertex
 10
8.141221983034657
 20
23.15742717718015
 30
0.0
  0
VERTEX
  5
3FB
330
3EE
100
AcDbEntity
  8
0
100
AcDbVertex
100
AcDb2dVertex
 10
8.023188682841077
 20
23.09287890832828
 30
0.0
  0
VERTEX
  5
3FC
330
3EE
100
AcDbEntity
  8
0
100
AcDbVertex
100
AcDb2dVertex
 10
7.983069240017912
 20
23.06025855988308
 30
0.0
  0
VERTEX
  5
3FD
330
3EE
100
AcDbEntity
  8
0
100
AcDbVertex
100
AcDb2dVertex
 10
7.887323813333151
 20
22.93341082516883
 30
0.0
  0
VERTEX
  5
3FE
330
3EE
100
AcDbEntity
  8
0
100
AcDbVertex
100
AcDb2dVertex
 10
7.806621192539346
 20
22.87080008431638
 30
0.0
  0
VERTEX
  5
3FF
330
3EE
100
AcDbEntity
  8
0
100
AcDbVertex
100
AcDb2dVertex
 10
7.64690651966712
 20
22.66199809151171
 30
0.0
  0
VERTEX
  5
400
330
3EE
100
AcDbEntity
  8
0
100
AcDbVertex
100
AcDb2dVertex
 10
7.568521780545354
 20
22.55183850779371
 30
0.0
  0
VERTEX
  5
401
330
3EE
100
AcDbEntity
  8
0
100
AcDbVertex
100
AcDb2dVertex
 10
7.428213311915823
 20
22.32107574681465
 30
0.0
  0
VERTEX
  5
402
330
3EE
100
AcDbEntity
  8
0
100
AcDbVertex
100
AcDb2dVertex
 10
7.310773973863526
 20
22.07803985765725
 30
0.0
  0
VERTEX
  5
403
330
3EE
100
AcDbEntity
  8
0
100
AcDbVertex
100
AcDb2dVertex
 10
7.260975647963818
 20
21.95253886371628
 30
0.0
  0
VERTEX
  5
404
330
3EE
100
AcDbEntity
  8
0
100
AcDbVertex
100
AcDb2dVertex
 10
7.142148677769797
 20
21.63144243308475
 30
0.0
  0
VERTEX
  5
405
330
3EE
100
AcDbEntity
  8
0
100
AcDbVertex
100
AcDb2dVertex
 10
7.121622839009273
 20
21.54793100597551
 30
0.0
  0
VERTEX
  5
406
330
3EE
100
AcDbEntity
  8
0
100
AcDbVertex
100
AcDb2dVertex
 10
7.116481651998314
 20
21.39782142127252
 30
0.0
  0
VERTEX
  5
407
330
3EE
100
AcDbEntity
  8
0
100
AcDbVertex
100
AcDb2dVertex
 10
7.077774854428509
 20
21.22137932233004
 30
0.0
  0
VERTEX
  5
408
330
3EE
100
AcDbEntity
  8
0
100
AcDbVertex
100
AcDb2dVertex
 10
7.068428685438878
 20
21.08917003472606
 30
0.0
  0
VERTEX
  5
409
330
3EE
100
AcDbEntity
  8
0
100
AcDbVertex
100
AcDb2dVertex
 10
7.072940971359114
 20
20.51643953740648
 30
0.0
  0
VERTEX
  5
40A
330
3EE
100
AcDbEntity
  8
0
100
AcDbVertex
100
AcDb2dVertex
 10
7.112136517188383
 20
20.23263655041537
 30
0.0
  0
VERTEX
  5
40B
330
3EE
100
AcDbEntity
  8
0
100
AcDbVertex
100
AcDb2dVertex
 10
7.158996000995192
 20
20.04475668372644
 30
0.0
  0
VERTEX
  5
40C
330
3EE
100
AcDbEntity
  8
0
100
AcDbVertex
100
AcDb2dVertex
 10
7.226062257502783
 20
19.86023667123904
 30
0.0
  0
VERTEX
  5
40D
330
3EE
100
AcDbEntity
  8
0
100
AcDbVertex
100
AcDb2dVertex
 10
7.351042701288688
 20
19.65704462598696
 30
0.0
  0
VERTEX
  5
40E
330
3EE
100
AcDbEntity
  8
0
100
AcDbVertex
100
AcDb2dVertex
 10
7.494991173202163
 20
19.44652109191083
 30
0.0
  0
VERTEX
  5
40F
330
3EE
100
AcDbEntity
  8
0
100
AcDbVertex
100
AcDb2dVertex
 10
7.860084137800638
 20
19.0700435202912
 30
0.0
  0
VERTEX
  5
410
330
3EE
100
AcDbEntity
  8
0
100
AcDbVertex
100
AcDb2dVertex
 10
8.26766842345274
 20
18.82805739015622
 30
0.0
  0
VERTEX
  5
411
330
3EE
100
AcDbEntity
  8
0
100
AcDbVertex
100
AcDb2dVertex
 10
8.596876704720401
 20
18.66332780678225
 30
0.0
  0
VERTEX
  5
412
330
3EE
100
AcDbEntity
  8
0
100
AcDbVertex
100
AcDb2dVertex
 10
8.824011639109897
 20
18.57045351383758
 30
0.0
  0
VERTEX
  5
413
330
3EE
100
AcDbEntity
  8
0
100
AcDbVertex
100
AcDb2dVertex
 10
9.055987206138155
 20
18.48642197162998
 30
0.0
  0
VERTEX
  5
414
330
3EE
100
AcDbEntity
  8
0
100
AcDbVertex
100
AcDb2dVertex
 10
9.340580831103423
 20
18.3677055019616
 30
0.0
  0
VERTEX
  5
415
330
3EE
100
AcDbEntity
  8
0
100
AcDbVertex
100
AcDb2dVertex
 10
9.423695827546389
 20
18.35207227143532
 30
0.0
  0
VERTEX
  5
416
330
3EE
100
AcDbEntity
  8
0
100
AcDbVertex
100
AcDb2dVertex
 10
9.543861991793075
 20
18.34432811495489
 30
0.0
  0
VERTEX
  5
417
330
3EE
100
AcDbEntity
  8
0
100
AcDbVertex
100
AcDb2dVertex
 10
9.78779938462074
 20
18.29594708793251
 30
0.0
  0
VERTEX
  5
418
330
3EE
100
AcDbEntity
  8
0
100
AcDbVertex
100
AcDb2dVertex
 10
9.909768081034528
 20
18.29594708793251
 30
0.0
  0
VERTEX
  5
419
330
3EE
100
AcDbEntity
  8
0
100
AcDbVertex
100
AcDb2dVertex
 10
10.09272112565517
 20
18.2435004283873
 30
0.0
  0
VERTEX
  5
41A
330
3EE
100
AcDbEntity
  8
0
100
AcDbVertex
100
AcDb2dVertex
 10
10.39008927813872
 20
18.19616252491293
 30
0.0
  0
VERTEX
  5
41B
330
3EE
100
AcDbEntity
  8
0
100
AcDbVertex
100
AcDb2dVertex
 10
8.955946769584194
 20
15.71215483480221
 30
0.0
 42
-0.2213979179283747
  0
SEQEND
  5
3F1
330
3EE
100
AcDbEntity
  8
0
  0
POLYLINE
  5
41C
330
70
100
AcDbEntity
  8
0
100
AcDb2dPolyline
 66
     1
 10
0.0
 20
0.0
 30
0.0
 70
     1
  0
VERTEX
  5
41D
330
41C
100
AcDbEntity
  8
0
100
AcDbVertex
100
AcDb2dVertex
 10
13.89407883055168
 20
27.74020815698343
 30
0.0
  0
VERTEX
  5
41E
330
41C
100
AcDbEntity
  8
0
100
AcDbVertex
100
AcDb2dVertex
 10
13.89407883055168
 20
23.9388417480799
 30
0.0
  0
VERTEX
  5
420
330
41C
100
AcDbEntity
  8
0
100
AcDbVertex
100
AcDb2dVertex
 10
13.34521969668974
 20
23.9388417480799
 30
0.0
  0
VERTEX
  5
421
330
41C
100
AcDbEntity
  8
0
100
AcDbVertex
100
AcDb2dVertex
 10
13.34521969668974
 20
27.74020815698343
 30
0.0
  0
SEQEND
  5
41F
330
41C
100
AcDbEntity
  8
0
  0
POLYLINE
  5
422
330
70
100
AcDbEntity
  8
0
100
AcDb2dPolyline
 66
     1
 10
0.0
 20
0.0
 30
0.0
 70
     1
  0
VERTEX
  5
423
330
422
100
AcDbEntity
  8
0
100
AcDbVertex
100
AcDb2dVertex
 10
17.65478030331038
 20
27.74020815698343
 30
0.0
  0
VERTEX
  5
424
330
422
100
AcDbEntity
  8
0
100
AcDbVertex
100
AcDb2dVertex
 10
17.65478030331038
 20
23.9388417480799
 30
0.0
  0
VERTEX
  5
426
330
422
100
AcDbEntity
  8
0
100
AcDbVertex
100
AcDb2dVertex
 10
17.10592116944833
 20
23.9388417480799
 30
0.0
  0
VERTEX
  5
427
330
422
100
AcDbEntity
  8
0
100
AcDbVertex
100
AcDb2dVertex
 10
17.10592116944833
 20
27.74020815698343
 30
0.0
  0
SEQEND
  5
425
330
422
100
AcDbEntity
  8
0
  0
POLYLINE
  5
428
330
70
100
AcDbEntity
  8
0
100
AcDb2dPolyline
 66
     1
 10
0.0
 20
0.0
 30
0.0
 70
     1
  0
VERTEX
  5
429
330
428
100
AcDbEntity
  8
0
100
AcDbVertex
100
AcDb2dVertex
 10
5.685045423776364
 20
40.04678751731763
 30
0.0
  0
VERTEX
  5
42A
330
428
100
AcDbEntity
  8
0
100
AcDbVertex
100
AcDb2dVertex
 10
7.150659822667679
 20
37.50826891413334
 30
0.0
 42
0.2324998223916691
  0
VERTEX
  5
42C
330
428
100
AcDbEntity
  8
0
100
AcDbVertex
100
AcDb2dVertex
 10
0.5333704529042272
 20
26.04678751731761
 30
0.0
  0
VERTEX
  5
42D
330
428
100
AcDbEntity
  8
0
100
AcDbVertex
100
AcDb2dVertex
 10
-2.3978583448784
 20
26.04678751731761
 30
0.0
  0
SEQEND
  5
42B
330
428
100
AcDbEntity
  8
0
  0
POLYLINE
  5
42E
330
70
100
AcDbEntity
  8
0
100
AcDb2dPolyline
 66
     1
 10
0.0
 20
0.0
 30
0.0
 70
     1
  0
VERTEX
  5
42F
330
42E
100
AcDbEntity
  8
0
100
AcDbVertex
100
AcDb2dVertex
 10
23.84934017733231
 20
37.50826891413334
 30
0.0
  0
VERTEX
  5
430
330
42E
100
AcDbEntity
  8
0
100
AcDbVertex
100
AcDb2dVertex
 10
24.38271063023656
 20
38.43209363781952
 30
0.0
 42
0.2324998223916688
  0
VERTEX
  5
432
330
42E
100
AcDbEntity
  8
0
100
AcDbVertex
100
AcDb2dVertex
 10
37.61728936976343
 20
38.43209363781951
 30
0.0
  0
VERTEX
  5
433
330
42E
100
AcDbEntity
  8
0
100
AcDbVertex
100
AcDb2dVertex
 10
39.66025403784438
 20
34.89357503463522
 30
0.0
  0
VERTEX
  5
434
330
42E
100
AcDbEntity
  8
0
100
AcDbVertex
100
AcDb2dVertex
 10
34.55255888325765
 20
26.04678751731761
 30
0.0
  0
VERTEX
  5
435
330
42E
100
AcDbEntity
  8
0
100
AcDbVertex
100
AcDb2dVertex
 10
30.46662954709577
 20
26.04678751731761
 30
0.0
 42
0.2324998223916692
  0
SEQEND
  5
431
330
42E
100
AcDbEntity
  8
0
  0
POLYLINE
  5
436
330
70
100
AcDbEntity
  8
0
100
AcDb2dPolyline
 66
     1
 10
0.0
 20
0.0
 30
0.0
 70
     1
  0
VERTEX
  5
437
330
436
100
AcDbEntity
  8
0
100
AcDbVertex
100
AcDb2dVertex
 10
22.11728936976346
 20
38.50826891413333
 30
0.0
 42
0.0319715067515265
  0
VERTEX
  5
438
330
436
100
AcDbEntity
  8
0
100
AcDbVertex
100
AcDb2dVertex
 10
20.34702227284907
 20
39.24208163496467
 30
0.0
 42
-0.2676891355186117
  0
VERTEX
  5
43A
330
436
100
AcDbEntity
  8
0
100
AcDbVertex
100
AcDb2dVertex
 10
19.03140194164717
 20
40.74621608874618
 30
0.0
 42
0.8213654170497797
  0
VERTEX
  5
43B
330
436
100
AcDbEntity
  8
0
100
AcDbVertex
100
AcDb2dVertex
 10
11.96859805835283
 20
40.74621608874618
 30
0.0
 42
-0.2676891355186108
  0
VERTEX
  5
43C
330
436
100
AcDbEntity
  8
0
100
AcDbVertex
100
AcDb2dVertex
 10
10.65297772715094
 20
39.24208163496468
 30
0.0
 42
0.0319715067515265
  0
VERTEX
  5
43D
330
436
100
AcDbEntity
  8
0
100
AcDbVertex
100
AcDb2dVertex
 10
8.882710630236555
 20
38.50826891413334
 30
0.0
  0
VERTEX
  5
43E
330
436
100
AcDbEntity
  8
0
100
AcDbVertex
100
AcDb2dVertex
 10
6.839745962155614
 20
42.04678751731762
 30
0.0
  0
VERTEX
  5
43F
330
436
100
AcDbEntity
  8
0
100
AcDbVertex
100
AcDb2dVertex
 10
11.94744111674234
 20
50.89357503463523
 30
0.0
  0
VERTEX
  5
440
330
436
100
AcDbEntity
  8
0
100
AcDbVertex
100
AcDb2dVertex
 10
16.03337045290426
 20
50.89357503463523
 30
0.0
 42
0.232499822391669
  0
VERTEX
  5
441
330
436
100
AcDbEntity
  8
0
100
AcDbVertex
100
AcDb2dVertex
 10
22.6506598226677
 20
39.43209363781952
 30
0.0
  0
SEQEND
  5
439
330
436
100
AcDbEntity
  8
0
  0
POLYLINE
  5
442
330
70
100
AcDbEntity
  8
0
100
AcDb2dPolyline
 66
     1
 10
0.0
 20
0.0
 30
0.0
 70
     1
  0
VERTEX
  5
443
330
442
100
AcDbEntity
  8
0
100
AcDbVertex
100
AcDb2dVertex
 10
19.91491286011573
 20
30.69364090202726
 30
0.0
  0
VERTEX
  5
444
330
442
100
AcDbEntity
  8
0
100
AcDbVertex
100
AcDb2dVertex
 10
22.0440532304158
 20
34.38142019983302
 30
0.0
 42
-0.2213979179283752
  0
VERTEX
  5
446
330
442
100
AcDbEntity
  8
0
100
AcDbVertex
100
AcDb2dVertex
 10
26.85605565326272
 20
26.04678751731759
 30
0.0
  0
VERTEX
  5
447
330
442
100
AcDbEntity
  8
0
100
AcDbVertex
100
AcDb2dVertex
 10
22.47920361695476
 20
26.04678751731761
 30
0.0
  0
VERTEX
  5
448
330
442
100
AcDbEntity
  8
0
100
AcDbVertex
100
AcDb2dVertex
 10
22.45607803763929
 20
26.17493963567007
 30
0.0
  0
VERTEX
  5
449
330
442
100
AcDbEntity
  8
0
100
AcDbVertex
100
AcDb2dVertex
 10
22.37892330835332
 20
26.33359816563516
 30
0.0
  0
VERTEX
  5
44A
330
442
100
AcDbEntity
  8
0
100
AcDbVertex
100
AcDb2dVertex
 10
22.25306844787521
 20
26.53449316821549
 30
0.0
  0
VERTEX
  5
44B
330
442
100
AcDbEntity
  8
0
100
AcDbVertex
100
AcDb2dVertex
 10
22.20522908534848
 20
26.59918838943373
 30
0.0
  0
VERTEX
  5
44C
330
442
100
AcDbEntity
  8
0
100
AcDbVertex
100
AcDb2dVertex
 10
22.12046084134064
 20
26.69229137420825
 30
0.0
  0
VERTEX
  5
44D
330
442
100
AcDbEntity
  8
0
100
AcDbVertex
100
AcDb2dVertex
 10
22.05480102643775
 20
26.80511267671836
 30
0.0
  0
VERTEX
  5
44E
330
442
100
AcDbEntity
  8
0
100
AcDbVertex
100
AcDb2dVertex
 10
21.98537415752594
 20
26.89257777264263
 30
0.0
  0
VERTEX
  5
44F
330
442
100
AcDbEntity
  8
0
100
AcDbVertex
100
AcDb2dVertex
 10
21.82639558479436
 20
27.04189447959655
 30
0.0
  0
VERTEX
  5
450
330
442
100
AcDbEntity
  8
0
100
AcDbVertex
100
AcDb2dVertex
 10
21.47559265053834
 20
27.33486777072649
 30
0.0
  0
VERTEX
  5
451
330
442
100
AcDbEntity
  8
0
100
AcDbVertex
100
AcDb2dVertex
 10
21.37482554393113
 20
27.39198673139791
 30
0.0
  0
VERTEX
  5
452
330
442
100
AcDbEntity
  8
0
100
AcDbVertex
100
AcDb2dVertex
 10
21.21220061537943
 20
27.43223649337466
 30
0.0
  0
VERTEX
  5
453
330
442
100
AcDbEntity
  8
0
100
AcDbVertex
100
AcDb2dVertex
 10
20.82596641006902
 20
27.56558924012529
 30
0.0
  0
VERTEX
  5
454
330
442
100
AcDbEntity
  8
0
100
AcDbVertex
100
AcDb2dVertex
 10
20.65043094412931
 20
27.59555382529461
 30
0.0
  0
VERTEX
  5
455
330
442
100
AcDbEntity
  8
0
100
AcDbVertex
100
AcDb2dVertex
 10
20.46971538189335
 20
27.65146619834503
 30
0.0
  0
VERTEX
  5
456
330
442
100
AcDbEntity
  8
0
100
AcDbVertex
100
AcDb2dVertex
 10
20.29332530130808
 20
27.67520885702384
 30
0.0
  0
VERTEX
  5
457
330
442
100
AcDbEntity
  8
0
100
AcDbVertex
100
AcDb2dVertex
 10
20.27539923801684
 20
27.68651322120263
 30
0.0
  0
VERTEX
  5
458
330
442
100
AcDbEntity
  8
0
100
AcDbVertex
100
AcDb2dVertex
 10
20.26369071960143
 20
27.70565028053879
 30
0.0
  0
VERTEX
  5
459
330
442
100
AcDbEntity
  8
0
100
AcDbVertex
100
AcDb2dVertex
 10
20.26312216760503
 20
27.7377910113978
 30
0.0
  0
VERTEX
  5
45A
330
442
100
AcDbEntity
  8
0
100
AcDbVertex
100
AcDb2dVertex
 10
20.27819991244561
 20
27.77021760704279
 30
0.0
  0
VERTEX
  5
45B
330
442
100
AcDbEntity
  8
0
100
AcDbVertex
100
AcDb2dVertex
 10
20.53913669233585
 20
28.08578692142936
 30
0.0
  0
VERTEX
  5
45C
330
442
100
AcDbEntity
  8
0
100
AcDbVertex
100
AcDb2dVertex
 10
20.58995261513967
 20
28.18535719996971
 30
0.0
  0
VERTEX
  5
45D
330
442
100
AcDbEntity
  8
0
100
AcDbVertex
100
AcDb2dVertex
 10
20.64016742919852
 20
28.35005303541722
 30
0.0
  0
VERTEX
  5
45E
330
442
100
AcDbEntity
  8
0
100
AcDbVertex
100
AcDb2dVertex
 10
20.77087721552214
 20
28.71595996247727
 30
0.0
  0
VERTEX
  5
45F
330
442
100
AcDbEntity
  8
0
100
AcDbVertex
100
AcDb2dVertex
 10
20.77722339925736
 20
28.75772163154844
 30
0.0
  0
VERTEX
  5
460
330
442
100
AcDbEntity
  8
0
100
AcDbVertex
100
AcDb2dVertex
 10
20.76982666483626
 20
28.85612264370406
 30
0.0
  0
VERTEX
  5
461
330
442
100
AcDbEntity
  8
0
100
AcDbVertex
100
AcDb2dVertex
 10
20.78388720980608
 20
29.04121056430894
 30
0.0
  0
VERTEX
  5
462
330
442
100
AcDbEntity
  8
0
100
AcDbVertex
100
AcDb2dVertex
 10
20.78388720980608
 20
29.16317953999556
 30
0.0
  0
VERTEX
  5
463
330
442
100
AcDbEntity
  8
0
100
AcDbVertex
100
AcDb2dVertex
 10
20.70094849624487
 20
29.61039911751358
 30
0.0
  0
VERTEX
  5
464
330
442
100
AcDbEntity
  8
0
100
AcDbVertex
100
AcDb2dVertex
 10
20.68524145328
 20
29.65328161476949
 30
0.0
  0
VERTEX
  5
465
330
442
100
AcDbEntity
  8
0
100
AcDbVertex
100
AcDb2dVertex
 10
20.6278435088318
 20
29.7770646407489
 30
0.0
  0
VERTEX
  5
466
330
442
100
AcDbEntity
  8
0
100
AcDbVertex
100
AcDb2dVertex
 10
20.47934781204865
 20
30.03878854330667
 30
0.0
  0
VERTEX
  5
467
330
442
100
AcDbEntity
  8
0
100
AcDbVertex
100
AcDb2dVertex
 10
20.28938037628366
 20
30.32343483141899
 30
0.0
  0
VERTEX
  5
468
330
442
100
AcDbEntity
  8
0
100
AcDbVertex
100
AcDb2dVertex
 10
20.14304652700007
 20
30.49591611492731
 30
0.0
  0
VERTEX
  5
469
330
442
100
AcDbEntity
  8
0
100
AcDbVertex
100
AcDb2dVertex
 10
19.97035600472633
 20
30.65770605541047
 30
0.0
  0
SEQEND
  5
445
330
442
100
AcDbEntity
  8
0
  0
POLYLINE
  5
46A
330
70
100
AcDbEntity
  8
0
100
AcDb2dPolyline
 66
     1
 10
0.0
 20
0.0
 30
0.0
 70
     1
  0
VERTEX
  5
46B
330
46A
100
AcDbEntity
  8
0
100
AcDbVertex
100
AcDb2dVertex
 10
20.31200242284692
 20
35.38142019983301
 30
0.0
  0
VERTEX
  5
46C
330
46A
100
AcDbEntity
  8
0
100
AcDbVertex
100
AcDb2dVertex
 10
18.03242416223563
 20
31.43307483262479
 30
0.0
  0
VERTEX
  5
46E
330
46A
100
AcDbEntity
  8
0
100
AcDbVertex
100
AcDb2dVertex
 10
17.89871769613793
 20
31.48689180845416
 30
0.0
  0
VERTEX
  5
46F
330
46A
100
AcDbEntity
  8
0
100
AcDbVertex
100
AcDb2dVertex
 10
17.69543653544845
 20
31.52958094994465
 30
0.0
  0
VERTEX
  5
470
330
46A
100
AcDbEntity
  8
0
100
AcDbVertex
100
AcDb2dVertex
 10
17.24821798193103
 20
31.68814061833707
 30
0.0
  0
VERTEX
  5
471
330
46A
100
AcDbEntity
  8
0
100
AcDbVertex
100
AcDb2dVertex
 10
17.08640617802201
 20
31.73326913934134
 30
0.0
  0
VERTEX
  5
472
330
46A
100
AcDbEntity
  8
0
100
AcDbVertex
100
AcDb2dVertex
 10
16.85246211881663
 20
31.85122052367081
 30
0.0
  0
VERTEX
  5
473
330
46A
100
AcDbEntity
  8
0
100
AcDbVertex
100
AcDb2dVertex
 10
16.56367502584506
 20
32.01790470752406
 30
0.0
  0
VERTEX
  5
474
330
46A
100
AcDbEntity
  8
0
100
AcDbVertex
100
AcDb2dVertex
 10
16.43692286961877
 20
32.10283513567222
 30
0.0
  0
VERTEX
  5
475
330
46A
100
AcDbEntity
  8
0
100
AcDbVertex
100
AcDb2dVertex
 10
16.31129511231241
 20
32.22175488696692
 30
0.0
  0
VERTEX
  5
476
330
46A
100
AcDbEntity
  8
0
100
AcDbVertex
100
AcDb2dVertex
 10
16.13362737786969
 20
32.32949414882362
 30
0.0
  0
VERTEX
  5
477
330
46A
100
AcDbEntity
  8
0
100
AcDbVertex
100
AcDb2dVertex
 10
15.58985027302474
 20
32.88668908608549
 30
0.0
  0
VERTEX
  5
478
330
46A
100
AcDbEntity
  8
0
100
AcDbVertex
100
AcDb2dVertex
 10
15.28492853199036
 20
33.28796701609523
 30
0.0
  0
VERTEX
  5
479
330
46A
100
AcDbEntity
  8
0
100
AcDbVertex
100
AcDb2dVertex
 10
15.19162247923382
 20
33.39489315144712
 30
0.0
  0
VERTEX
  5
47A
330
46A
100
AcDbEntity
  8
0
100
AcDbVertex
100
AcDb2dVertex
 10
15.05672001897123
 20
33.57804989660357
 30
0.0
  0
VERTEX
  5
47B
330
46A
100
AcDbEntity
  8
0
100
AcDbVertex
100
AcDb2dVertex
 10
14.96463479465006
 20
33.67688367628374
 30
0.0
  0
VERTEX
  5
47C
330
46A
100
AcDbEntity
  8
0
100
AcDbVertex
100
AcDb2dVertex
 10
14.88446464543169
 20
33.74474083004215
 30
0.0
  0
VERTEX
  5
47D
330
46A
100
AcDbEntity
  8
0
100
AcDbVertex
100
AcDb2dVertex
 10
14.57008040458731
 20
33.95169581869647
 30
0.0
  0
VERTEX
  5
47E
330
46A
100
AcDbEntity
  8
0
100
AcDbVertex
100
AcDb2dVertex
 10
14.50020369670074
 20
33.97427675464427
 30
0.0
  0
VERTEX
  5
47F
330
46A
100
AcDbEntity
  8
0
100
AcDbVertex
100
AcDb2dVertex
 10
14.40689923207838
 20
33.97181672934045
 30
0.0
  0
VERTEX
  5
480
330
46A
100
AcDbEntity
  8
0
100
AcDbVertex
100
AcDb2dVertex
 10
14.34263429517908
 20
33.94782463378386
 30
0.0
  0
VERTEX
  5
481
330
46A
100
AcDbEntity
  8
0
100
AcDbVertex
100
AcDb2dVertex
 10
14.30713016847429
 20
33.9212747431956
 30
0.0
  0
VERTEX
  5
482
330
46A
100
AcDbEntity
  8
0
100
AcDbVertex
100
AcDb2dVertex
 10
14.28037110201394
 20
33.88627516595213
 30
0.0
  0
VERTEX
  5
483
330
46A
100
AcDbEntity
  8
0
100
AcDbVertex
100
AcDb2dVertex
 10
14.26482029173786
 20
33.84282113763996
 30
0.0
  0
VERTEX
  5
484
330
46A
100
AcDbEntity
  8
0
100
AcDbVertex
100
AcDb2dVertex
 10
14.26216508046419
 20
33.79286671281642
 30
0.0
  0
VERTEX
  5
485
330
46A
100
AcDbEntity
  8
0
100
AcDbVertex
100
AcDb2dVertex
 10
14.27396367585862
 20
33.71733274954204
 30
0.0
  0
VERTEX
  5
486
330
46A
100
AcDbEntity
  8
0
100
AcDbVertex
100
AcDb2dVertex
 10
14.33802900415731
 20
33.52888432955508
 30
0.0
  0
VERTEX
  5
487
330
46A
100
AcDbEntity
  8
0
100
AcDbVertex
100
AcDb2dVertex
 10
14.35329097254957
 20
33.45242185164607
 30
0.0
  0
VERTEX
  5
488
330
46A
100
AcDbEntity
  8
0
100
AcDbVertex
100
AcDb2dVertex
 10
14.27828022425526
 20
32.9645459488992
 30
0.0
  0
VERTEX
  5
489
330
46A
100
AcDbEntity
  8
0
100
AcDbVertex
100
AcDb2dVertex
 10
14.23855185944638
 20
32.60454689409877
 30
0.0
  0
VERTEX
  5
48A
330
46A
100
AcDbEntity
  8
0
100
AcDbVertex
100
AcDb2dVertex
 10
14.16342636846566
 20
32.43601372092314
 30
0.0
  0
VERTEX
  5
48B
330
46A
100
AcDbEntity
  8
0
100
AcDbVertex
100
AcDb2dVertex
 10
14.09792814620403
 20
32.22159686726545
 30
0.0
  0
VERTEX
  5
48C
330
46A
100
AcDbEntity
  8
0
100
AcDbVertex
100
AcDb2dVertex
 10
13.99267019348623
 20
32.04977863124861
 30
0.0
  0
VERTEX
  5
48D
330
46A
100
AcDbEntity
  8
0
100
AcDbVertex
100
AcDb2dVertex
 10
13.9133905408172
 20
31.88755989358515
 30
0.0
  0
VERTEX
  5
48E
330
46A
100
AcDbEntity
  8
0
100
AcDbVertex
100
AcDb2dVertex
 10
13.85215209115952
 20
31.81690999967361
 30
0.0
  0
VERTEX
  5
48F
330
46A
100
AcDbEntity
  8
0
100
AcDbVertex
100
AcDb2dVertex
 10
13.76545267612544
 20
31.74452585938905
 30
0.0
  0
VERTEX
  5
490
330
46A
100
AcDbEntity
  8
0
100
AcDbVertex
100
AcDb2dVertex
 10
13.67166383061223
 20
31.67942174234109
 30
0.0
  0
VERTEX
  5
491
330
46A
100
AcDbEntity
  8
0
100
AcDbVertex
100
AcDb2dVertex
 10
13.55620082614915
 20
31.61381880116575
 30
0.0
  0
VERTEX
  5
492
330
46A
100
AcDbEntity
  8
0
100
AcDbVertex
100
AcDb2dVertex
 10
13.46934190289961
 20
31.57741883387227
 30
0.0
  0
VERTEX
  5
493
330
46A
100
AcDbEntity
  8
0
100
AcDbVertex
100
AcDb2dVertex
 10
13.16226665206909
 20
31.50843966082568
 30
0.0
  0
VERTEX
  5
494
330
46A
100
AcDbEntity
  8
0
100
AcDbVertex
100
AcDb2dVertex
 10
12.96409378532101
 20
31.43910592437129
 30
0.0
  0
VERTEX
  5
495
330
46A
100
AcDbEntity
  8
0
100
AcDbVertex
100
AcDb2dVertex
 10
10.68799757715308
 20
35.38142019983301
 30
0.0
 42
-0.2213979179283747
  0
SEQEND
  5
46D
330
46A
100
AcDbEntity
  8
0
  0
POLYLINE
  5
496
330
70
100
AcDbEntity
  8
0
100
AcDb2dPolyline
 66
     1
 10
0.0
 20
0.0
 30
0.0
 70
     1
  0
VERTEX
  5
497
330
496
100
AcDbEntity
  8
0
100
AcDbVertex
100
AcDb2dVertex
 10
-19.05255888325763
 20
-2.799999999999975
 30
0.0
  0
VERTEX
  5
498
330
496
100
AcDbEntity
  8
0
100
AcDbVertex
100
AcDb2dVertex
 10
-14.96662954709576
 20
-2.799999999999993
 30
0.0
 42
0.2324998223916689
  0
VERTEX
  5
49A
330
496
100
AcDbEntity
  8
0
100
AcDbVertex
100
AcDb2dVertex
 10
-8.349340177332324
 20
-14.26148139681572
 30
0.0
  0
VERTEX
  5
49B
330
496
100
AcDbEntity
  8
0
100
AcDbVertex
100
AcDb2dVertex
 10
-8.849340177332326
 20
-15.12750680060016
 30
0.0
  0
VERTEX
  5
49C
330
496
100
AcDbEntity
  8
0
100
AcDbVertex
100
AcDb2dVertex
 10
-21.8397212340989
 20
-7.627506800600172
 30
0.0
  0
SEQEND
  5
499
330
496
100
AcDbEntity
  8
0
  0
POLYLINE
  5
49D
330
70
100
AcDbEntity
  8
0
100
AcDb2dPolyline
 66
     1
 10
0.0
 20
0.0
 30
0.0
 70
     1
  0
VERTEX
  5
49E
330
49D
100
AcDbEntity
  8
0
100
AcDbVertex
100
AcDb2dVertex
 10
13.25597656720978
 20
-7.380881655490965
 30
0.0
  0
VERTEX
  5
49F
330
49D
100
AcDbEntity
  8
0
100
AcDbVertex
100
AcDb2dVertex
 10
13.1398256604953
 20
-7.64920327198844
 30
0.0
  0
VERTEX
  5
4A1
330
49D
100
AcDbEntity
  8
0
100
AcDbVertex
100
AcDb2dVertex
 10
11.35974079007301
 20
-6.878641159150906
 30
0.0
  0
VERTEX
  5
4A2
330
49D
100
AcDbEntity
  8
0
100
AcDbVertex
100
AcDb2dVertex
 10
11.06653057434255
 20
-7.555989630065269
 30
0.0
  0
VERTEX
  5
4A3
330
49D
100
AcDbEntity
  8
0
100
AcDbVertex
100
AcDb2dVertex
 10
10.82765889136308
 20
-7.452586993599936
 30
0.0
  0
VERTEX
  5
4A4
330
49D
100
AcDbEntity
  8
0
100
AcDbVertex
100
AcDb2dVertex
 10
11.53023022953848
 20
-5.829568435273735
 30
0.0
  0
VERTEX
  5
4A5
330
49D
100
AcDbEntity
  8
0
100
AcDbVertex
100
AcDb2dVertex
 10
11.76910191251795
 20
-5.932971071739068
 30
0.0
  0
VERTEX
  5
4A6
330
49D
100
AcDbEntity
  8
0
100
AcDbVertex
100
AcDb2dVertex
 10
11.47589169678749
 20
-6.610319542653426
 30
0.0
  0
SEQEND
  5
4A0
330
49D
100
AcDbEntity
  8
0
  0
POLYLINE
  5
4A7
330
70
100
AcDbEntity
  8
0
100
AcDb2dPolyline
 66
     1
 10
0.0
 20
0.0
 30
0.0
  0
VERTEX
  5
4A8
330
4A7
100
AcDbEntity
  8
0
100
AcDbVertex
100
AcDb2dVertex
 10
10.05036470044673
 20
-11.92864419891306
 30
0.0
  0
VERTEX
  5
4A9
330
4A7
100
AcDbEntity
  8
0
100
AcDbVertex
100
AcDb2dVertex
 10
9.778712469567336
 20
-11.68148906125654
 30
0.0
  0
VERTEX
  5
4AB
330
4A7
100
AcDbEntity
  8
0
100
AcDbVertex
100
AcDb2dVertex
 10
9.793109856226941
 20
-11.66566465945774
 30
0.0
  0
SEQEND
  5
4AA
330
4A7
100
AcDbEntity
  8
0
  0
POLYLINE
  5
4AC
330
70
100
AcDbEntity
  8
0
100
AcDb2dPolyline
 66
     1
 10
0.0
 20
0.0
 30
0.0
  0
VERTEX
  5
4AD
330
4AC
100
AcDbEntity
  8
0
100
AcDbVertex
100
AcDb2dVertex
 10
9.546184872569106
 20
-9.563392372101979
 30
0.0
  0
VERTEX
  5
4AE
330
4AC
100
AcDbEntity
  8
0
100
AcDbVertex
100
AcDb2dVertex
 10
9.804650101949508
 20
-9.798549687542159
 30
0.0
  0
VERTEX
  5
4B0
330
4AC
100
AcDbEntity
  8
0
100
AcDbVertex
100
AcDb2dVertex
 10
9.790252715289899
 20
-9.81437408934096
 30
0.0
  0
SEQEND
  5
4AF
330
4AC
100
AcDbEntity
  8
0
  0
POLYLINE
  5
4B1
330
70
100
AcDbEntity
  8
0
100
AcDb2dPolyline
 66
     1
 10
0.0
 20
0.0
 30
0.0
  0
VERTEX
  5
4B2
330
4B1
100
AcDbEntity
  8
0
100
AcDbVertex
100
AcDb2dVertex
 10
8.215276795934919
 20
-12.41958360250355
 30
0.0
  0
VERTEX
  5
4B3
330
4B1
100
AcDbEntity
  8
0
100
AcDbVertex
100
AcDb2dVertex
 10
9.415746980716885
 20
-12.71621574209617
 30
0.0
  0
VERTEX
  5
4B5
330
4B1
100
AcDbEntity
  8
0
100
AcDbVertex
100
AcDb2dVertex
 10
9.111892304196583
 20
-12.94397728095306
 30
0.0
  0
VERTEX
  5
4B6
330
4B1
100
AcDbEntity
  8
0
100
AcDbVertex
100
AcDb2dVertex
 10
8.030510898461148
 20
-12.66057049213953
 30
0.0
  0
VERTEX
  5
4B7
330
4B1
100
AcDbEntity
  8
0
100
AcDbVertex
100
AcDb2dVertex
 10
7.762319916368114
 20
-12.86159945601321
 30
0.0
  0
VERTEX
  5
4B8
330
4B1
100
AcDbEntity
  8
0
100
AcDbVertex
100
AcDb2dVertex
 10
8.28734768903821
 20
-13.56203441456469
 30
0.0
  0
VERTEX
  5
4B9
330
4B1
100
AcDbEntity
  8
0
100
AcDbVertex
100
AcDb2dVertex
 10
8.053393853595348
 20
-13.7374001064545
 30
0.0
  0
VERTEX
  5
4BA
330
4B1
100
AcDbEntity
  8
0
100
AcDbVertex
100
AcDb2dVertex
 10
6.73387395242448
 20
-11.97704014952469
 30
0.0
  0
VERTEX
  5
4BB
330
4B1
100
AcDbEntity
  8
0
100
AcDbVertex
100
AcDb2dVertex
 10
7.187516145539296
 20
-11.63700179573835
 30
0.0
  0
SEQEND
  5
4B4
330
4B1
100
AcDbEntity
  8
0
  0
POLYLINE
  5
4BC
330
70
100
AcDbEntity
  8
0
100
AcDb2dPolyline
 66
     1
 10
0.0
 20
0.0
 30
0.0
 70
     1
  0
VERTEX
  5
4BD
330
4BC
100
AcDbEntity
  8
0
100
AcDbVertex
100
AcDb2dVertex
 10
3.777804851760633
 20
-13.39738638313232
 30
0.0
  0
VERTEX
  5
4BE
330
4BC
100
AcDbEntity
  8
0
100
AcDbVertex
100
AcDb2dVertex
 10
4.065122265394403
 20
-13.31933239434471
 30
0.0
  0
VERTEX
  5
4C0
330
4BC
100
AcDbEntity
  8
0
100
AcDbVertex
100
AcDb2dVertex
 10
3.910683471200169
 20
-15.64102481146334
 30
0.0
  0
VERTEX
  5
4C1
330
4BC
100
AcDbEntity
  8
0
100
AcDbVertex
100
AcDb2dVertex
 10
3.606161422019464
 20
-15.72375269179512
 30
0.0
  0
VERTEX
  5
4C2
330
4BC
100
AcDbEntity
  8
0
100
AcDbVertex
100
AcDb2dVertex
 10
2.298206194724439
 20
-13.79934105593082
 30
0.0
  0
VERTEX
  5
4C3
330
4BC
100
AcDbEntity
  8
0
100
AcDbVertex
100
AcDb2dVertex
 10
2.601007780350452
 20
-13.71708056475345
 30
0.0
  0
VERTEX
  5
4C4
330
4BC
100
AcDbEntity
  8
0
100
AcDbVertex
100
AcDb2dVertex
 10
3.668480199332817
 20
-15.32070861750346
 30
0.0
  0
SEQEND
  5
4BF
330
4BC
100
AcDbEntity
  8
0
  0
POLYLINE
  5
4C5
330
70
100
AcDbEntity
  8
0
100
AcDb2dPolyline
 66
     1
 10
0.0
 20
0.0
 30
0.0
 70
     1
  0
VERTEX
  5
4C6
330
4C5
100
AcDbEntity
  8
0
100
AcDbVertex
100
AcDb2dVertex
 10
-0.1668622171460132
 20
-14.00641384363209
 30
0.0
  0
VERTEX
  5
4C7
330
4C5
100
AcDbEntity
  8
0
100
AcDbVertex
100
AcDb2dVertex
 10
-0.3387086313650189
 20
-16.19969192847861
 30
0.0
  0
VERTEX
  5
4C9
330
4C5
100
AcDbEntity
  8
0
100
AcDbVertex
100
AcDb2dVertex
 10
-0.6657452339677384
 20
-16.1740681519662
 30
0.0
  0
VERTEX
  5
4CA
330
4C5
100
AcDbEntity
  8
0
100
AcDbVertex
100
AcDb2dVertex
 10
-1.488018531858479
 20
-14.20690767835172
 30
0.0
  0
VERTEX
  5
4CB
330
4C5
100
AcDbEntity
  8
0
100
AcDbVertex
100
AcDb2dVertex
 10
-1.636190804734509
 20
-16.09803238035876
 30
0.0
  0
VERTEX
  5
4CC
330
4C5
100
AcDbEntity
  8
0
100
AcDbVertex
100
AcDb2dVertex
 10
-1.908128849290033
 20
-16.07672565315009
 30
0.0
  0
VERTEX
  5
4CD
330
4C5
100
AcDbEntity
  8
0
100
AcDbVertex
100
AcDb2dVertex
 10
-1.736282435071028
 20
-13.88344756830357
 30
0.0
  0
VERTEX
  5
4CE
330
4C5
100
AcDbEntity
  8
0
100
AcDbVertex
100
AcDb2dVertex
 10
-1.322154563296931
 20
-13.91589506790895
 30
0.0
  0
VERTEX
  5
4CF
330
4C5
100
AcDbEntity
  8
0
100
AcDbVertex
100
AcDb2dVertex
 10
-0.5748569445961627
 20
-15.72160038133025
 30
0.0
  0
VERTEX
  5
4D0
330
4C5
100
AcDbEntity
  8
0
100
AcDbVertex
100
AcDb2dVertex
 10
-0.4388002617015374
 20
-13.9851071164234
 30
0.0
  0
SEQEND
  5
4C8
330
4C5
100
AcDbEntity
  8
0
  0
POLYLINE
  5
4D1
330
70
100
AcDbEntity
  8
0
100
AcDb2dPolyline
 66
     1
 10
0.0
 20
0.0
 30
0.0
 70
     1
  0
VERTEX
  5
4D2
330
4D1
100
AcDbEntity
  8
0
100
AcDbVertex
100
AcDb2dVertex
 10
-9.790462820445057
 20
-12.33631778964993
 30
0.0
  0
VERTEX
  5
4D3
330
4D1
100
AcDbEntity
  8
0
100
AcDbVertex
100
AcDb2dVertex
 10
-10.00264141252926
 20
-12.13515176848438
 30
0.0
  0
VERTEX
  5
4D5
330
4D1
100
AcDbEntity
  8
0
100
AcDbVertex
100
AcDb2dVertex
 10
-8.668076589187068
 20
-10.72752793807206
 30
0.0
  0
VERTEX
  5
4D6
330
4D1
100
AcDbEntity
  8
0
100
AcDbVertex
100
AcDb2dVertex
 10
-9.203698157009396
 20
-10.21970639683708
 30
0.0
  0
VERTEX
  5
4D7
330
4D1
100
AcDbEntity
  8
0
100
AcDbVertex
100
AcDb2dVertex
 10
-9.024611333288845
 20
-10.03081569900601
 30
0.0
  0
VERTEX
  5
4D8
330
4D1
100
AcDbEntity
  8
0
100
AcDbVertex
100
AcDb2dVertex
 10
-7.741189605559979
 20
-11.24762480264154
 30
0.0
  0
VERTEX
  5
4D9
330
4D1
100
AcDbEntity
  8
0
100
AcDbVertex
100
AcDb2dVertex
 10
-7.92027642928053
 20
-11.43651550047261
 30
0.0
  0
VERTEX
  5
4DA
330
4D1
100
AcDbEntity
  8
0
100
AcDbVertex
100
AcDb2dVertex
 10
-8.455897997102862
 20
-10.92869395923762
 30
0.0
  0
SEQEND
  5
4D4
330
4D1
100
AcDbEntity
  8
0
  0
POLYLINE
  5
4DB
330
70
100
AcDbEntity
  8
0
100
AcDb2dPolyline
 66
     1
 10
0.0
 20
0.0
 30
0.0
 70
     1
  0
VERTEX
  5
4DC
330
4DB
100
AcDbEntity
  8
0
100
AcDbVertex
100
AcDb2dVertex
 10
-12.85397626615392
 20
-4.642481701134455
 30
0.0
  0
VERTEX
  5
4DD
330
4DB
100
AcDbEntity
  8
0
100
AcDbVertex
100
AcDb2dVertex
 10
-13.83221368207603
 20
-5.849143841031922
 30
0.0
  0
VERTEX
  5
4DF
330
4DB
100
AcDbEntity
  8
0
100
AcDbVertex
100
AcDb2dVertex
 10
-13.91496032551715
 20
-5.478528169446192
 30
0.0
  0
VERTEX
  5
4E0
330
4DB
100
AcDbEntity
  8
0
100
AcDbVertex
100
AcDb2dVertex
 10
-13.09141732411683
 20
-4.470808727097068
 30
0.0
  0
VERTEX
  5
4E1
330
4DB
100
AcDbEntity
  8
0
100
AcDbVertex
100
AcDb2dVertex
 10
-13.2603263744746
 20
-4.37699722364429
 30
0.0
  0
VERTEX
  5
4E2
330
4DB
100
AcDbEntity
  8
0
100
AcDbVertex
100
AcDb2dVertex
 10
-14.11813635612608
 20
-4.568518797430529
 30
0.0
  0
VERTEX
  5
4E3
330
4DB
100
AcDbEntity
  8
0
100
AcDbVertex
100
AcDb2dVertex
 10
-14.18184738675679
 20
-4.283162130106301
 30
0.0
  0
VERTEX
  5
4E4
330
4DB
100
AcDbEntity
  8
0
100
AcDbVertex
100
AcDb2dVertex
 10
-12.03471246310989
 20
-3.803775472799575
 30
0.0
  0
VERTEX
  5
4E5
330
4DB
100
AcDbEntity
  8
0
100
AcDbVertex
100
AcDb2dVertex
 10
-11.97100143247918
 20
-4.089132140123794
 30
0.0
  0
VERTEX
  5
4E6
330
4DB
100
AcDbEntity
  8
0
100
AcDbVertex
100
AcDb2dVertex
 10
-12.95756991036231
 20
-4.309401374072674
 30
0.0
  0
VERTEX
  5
4E7
330
4DB
100
AcDbEntity
  8
0
100
AcDbVertex
100
AcDb2dVertex
 10
-11.77442959406977
 20
-4.969561857599753
 30
0.0
  0
VERTEX
  5
4E8
330
4DB
100
AcDbEntity
  8
0
100
AcDbVertex
100
AcDb2dVertex
 10
-11.69673321525182
 20
-5.317557793361
 30
0.0
  0
SEQEND
  5
4DE
330
4DB
100
AcDbEntity
  8
0
  0
POLYLINE
  5
4E9
330
70
100
AcDbEntity
  8
0
100
AcDb2dPolyline
 66
     1
 10
0.0
 20
0.0
 30
0.0
 70
     1
  0
VERTEX
  5
4EA
330
4E9
100
AcDbEntity
  8
0
100
AcDbVertex
100
AcDb2dVertex
 10
-10.95386462138755
 20
-7.160510114779565
 30
0.0
  0
VERTEX
  5
4EB
330
4E9
100
AcDbEntity
  8
0
100
AcDbVertex
100
AcDb2dVertex
 10
-10.83052588331896
 20
-7.445147131228111
 30
0.0
  0
VERTEX
  5
4ED
330
4E9
100
AcDbEntity
  8
0
100
AcDbVertex
100
AcDb2dVertex
 10
-12.25157485510748
 20
-7.25068400440139
 30
0.0
  0
VERTEX
  5
4EE
330
4E9
100
AcDbEntity
  8
0
100
AcDbVertex
100
AcDb2dVertex
 10
-13.14474618258394
 20
-7.637712458340777
 30
0.0
  0
VERTEX
  5
4EF
330
4E9
100
AcDbEntity
  8
0
100
AcDbVertex
100
AcDb2dVertex
 10
-13.26099648743021
 20
-7.369433891113414
 30
0.0
  0
VERTEX
  5
4F0
330
4E9
100
AcDbEntity
  8
0
100
AcDbVertex
100
AcDb2dVertex
 10
-12.39563452362975
 20
-6.99445577365199
 30
0.0
  0
VERTEX
  5
4F1
330
4E9
100
AcDbEntity
  8
0
100
AcDbVertex
100
AcDb2dVertex
 10
-11.5379515189078
 20
-5.812573898954278
 30
0.0
  0
VERTEX
  5
4F2
330
4E9
100
AcDbEntity
  8
0
100
AcDbVertex
100
AcDb2dVertex
 10
-11.40894203426134
 20
-6.110297674779765
 30
0.0
  0
VERTEX
  5
4F3
330
4E9
100
AcDbEntity
  8
0
100
AcDbVertex
100
AcDb2dVertex
 10
-12.07108480717902
 20
-7.017034128908115
 30
0.0
  0
SEQEND
  5
4EC
330
4E9
100
AcDbEntity
  8
0
  0
POLYLINE
  5
4F4
330
70
100
AcDbEntity
  8
0
100
AcDb2dPolyline
 66
     1
 10
0.0
 20
0.0
 30
0.0
  0
VERTEX
  5
4F5
330
4F4
100
AcDbEntity
  8
0
100
AcDbVertex
100
AcDb2dVertex
 10
-4.547498350178558
 20
-14.59413444712344
 30
0.0
  0
VERTEX
  5
4F6
330
4F4
100
AcDbEntity
  8
0
100
AcDbVertex
100
AcDb2dVertex
 10
-4.164365809656085
 20
-13.27591179589566
 30
0.0
  0
VERTEX
  5
4F8
330
4F4
100
AcDbEntity
  8
0
100
AcDbVertex
100
AcDb2dVertex
 10
-3.88360150471926
 20
-13.35751405127967
 30
0.0
  0
VERTEX
  5
4F9
330
4F4
100
AcDbEntity
  8
0
100
AcDbVertex
100
AcDb2dVertex
 10
-4.266734045241733
 20
-14.67573670250745
 30
0.0
  0
SEQEND
  5
4F7
330
4F4
100
AcDbEntity
  8
0
  0
POLYLINE
  5
4FA
330
70
100
AcDbEntity
  8
0
100
AcDb2dPolyline
 66
     1
 10
0.0
 20
0.0
 30
0.0
  0
VERTEX
  5
4FB
330
4FA
100
AcDbEntity
  8
0
100
AcDbVertex
100
AcDb2dVertex
 10
-3.301457074096789
 20
-14.96371433367642
 30
0.0
  0
VERTEX
  5
4FC
330
4FA
100
AcDbEntity
  8
0
100
AcDbVertex
100
AcDb2dVertex
 10
-2.916334234662514
 20
-13.63864377257213
 30
0.0
  0
VERTEX
  5
4FE
330
4FA
100
AcDbEntity
  8
0
100
AcDbVertex
100
AcDb2dVertex
 10
-2.635569929725689
 20
-13.72024602795614
 30
0.0
  0
VERTEX
  5
4FF
330
4FA
100
AcDbEntity
  8
0
100
AcDbVertex
100
AcDb2dVertex
 10
-3.018702470248157
 20
-15.03846867918392
 30
0.0
  0
SEQEND
  5
4FD
330
4FA
100
AcDbEntity
  8
0
  0
POLYLINE
  5
500
330
70
100
AcDbEntity
  8
0
100
AcDb2dPolyline
 66
     1
 10
0.0
 20
0.0
 30
0.0
 70
     1
  0
VERTEX
  5
501
330
500
100
AcDbEntity
  8
0
100
AcDbVertex
100
AcDb2dVertex
 10
1.791602362643107
 20
-15.85013313958078
 30
0.0
  0
VERTEX
  5
502
330
500
100
AcDbEntity
  8
0
100
AcDbVertex
100
AcDb2dVertex
 10
1.813314423378462
 20
-16.07371672209101
 30
0.0
  0
VERTEX
  5
504
330
500
100
AcDbEntity
  8
0
100
AcDbVertex
100
AcDb2dVertex
 10
0.9651163881412362
 20
-16.15608469853149
 30
0.0
  0
VERTEX
  5
505
330
500
100
AcDbEntity
  8
0
100
AcDbVertex
100
AcDb2dVertex
 10
0.943404327405879
 20
-15.93250111602126
 30
0.0
  0
VERTEX
  5
506
330
500
100
AcDbEntity
  8
0
100
AcDbVertex
100
AcDb2dVertex
 10
1.221996569105137
 20
-15.90544719907324
 30
0.0
  0
VERTEX
  5
507
330
500
100
AcDbEntity
  8
0
100
AcDbVertex
100
AcDb2dVertex
 10
1.052780349723245
 20
-14.16291483379508
 30
0.0
  0
VERTEX
  5
508
330
500
100
AcDbEntity
  8
0
100
AcDbVertex
100
AcDb2dVertex
 10
0.7741881080239854
 20
-14.1899687507431
 30
0.0
  0
VERTEX
  5
509
330
500
100
AcDbEntity
  8
0
100
AcDbVertex
100
AcDb2dVertex
 10
0.7524760472886327
 20
-13.96638516823286
 30
0.0
  0
VERTEX
  5
50A
330
500
100
AcDbEntity
  8
0
100
AcDbVertex
100
AcDb2dVertex
 10
1.600674082525861
 20
-13.88401719179239
 30
0.0
  0
VERTEX
  5
50B
330
500
100
AcDbEntity
  8
0
100
AcDbVertex
100
AcDb2dVertex
 10
1.622386143261216
 20
-14.10760077430263
 30
0.0
  0
VERTEX
  5
50C
330
500
100
AcDbEntity
  8
0
100
AcDbVertex
100
AcDb2dVertex
 10
1.343793901561958
 20
-14.13465469125065
 30
0.0
  0
VERTEX
  5
50D
330
500
100
AcDbEntity
  8
0
100
AcDbVertex
100
AcDb2dVertex
 10
1.513010120943851
 20
-15.8771870565288
 30
0.0
  0
SEQEND
  5
503
330
500
100
AcDbEntity
  8
0
  0
POLYLINE
  5
50E
330
70
100
AcDbEntity
  8
0
100
AcDb2dPolyline
 66
     1
 10
0.0
 20
0.0
 30
0.0
 70
     1
  0
VERTEX
  5
50F
330
50E
100
AcDbEntity
  8
0
100
AcDbVertex
100
AcDb2dVertex
 10
6.975011297008277
 20
-14.39995514548595
 30
0.0
  0
VERTEX
  5
510
330
50E
100
AcDbEntity
  8
0
100
AcDbVertex
100
AcDb2dVertex
 10
5.737761145269844
 20
-15.00287793973207
 30
0.0
  0
VERTEX
  5
512
330
50E
100
AcDbEntity
  8
0
100
AcDbVertex
100
AcDb2dVertex
 10
4.774021860166595
 20
-13.02520088371493
 30
0.0
  0
VERTEX
  5
513
330
50E
100
AcDbEntity
  8
0
100
AcDbVertex
100
AcDb2dVertex
 10
6.011272011905028
 20
-12.42227808946881
 30
0.0
  0
VERTEX
  5
514
330
50E
100
AcDbEntity
  8
0
100
AcDbVertex
100
AcDb2dVertex
 10
6.125296270920483
 20
-12.65626581246598
 30
0.0
  0
VERTEX
  5
515
330
50E
100
AcDbEntity
  8
0
100
AcDbVertex
100
AcDb2dVertex
 10
5.150881643644624
 20
-13.13110656233857
 30
0.0
  0
VERTEX
  5
516
330
50E
100
AcDbEntity
  8
0
100
AcDbVertex
100
AcDb2dVertex
 10
5.414855613146163
 20
-13.67280416763338
 30
0.0
  0
VERTEX
  5
517
330
50E
100
AcDbEntity
  8
0
100
AcDbVertex
100
AcDb2dVertex
 10
6.323561359306379
 20
-13.22998392885417
 30
0.0
  0
VERTEX
  5
518
330
50E
100
AcDbEntity
  8
0
100
AcDbVertex
100
AcDb2dVertex
 10
6.437585618321839
 20
-13.46397165185134
 30
0.0
  0
VERTEX
  5
519
330
50E
100
AcDbEntity
  8
0
100
AcDbVertex
100
AcDb2dVertex
 10
5.528879872161618
 20
-13.90679189063054
 30
0.0
  0
VERTEX
  5
51A
330
50E
100
AcDbEntity
  8
0
100
AcDbVertex
100
AcDb2dVertex
 10
5.886572410716959
 20
-14.64080817236137
 30
0.0
  0
VERTEX
  5
51B
330
50E
100
AcDbEntity
  8
0
100
AcDbVertex
100
AcDb2dVertex
 10
6.860987037992818
 20
-14.16596742248879
 30
0.0
  0
SEQEND
  5
511
330
50E
100
AcDbEntity
  8
0
  0
POLYLINE
  5
51C
330
70
100
AcDbEntity
  8
0
100
AcDb2dPolyline
 66
     1
 10
0.0
 20
0.0
 30
0.0
 70
     1
  0
VERTEX
  5
51D
330
51C
100
AcDbEntity
  8
0
100
AcDbVertex
100
AcDb2dVertex
 10
12.113428309989
 20
-9.140363400032143
 30
0.0
  0
VERTEX
  5
51E
330
51C
100
AcDbEntity
  8
0
100
AcDbVertex
100
AcDb2dVertex
 10
12.30196233296056
 20
-9.262494289374876
 30
0.0
  0
VERTEX
  5
520
330
51C
100
AcDbEntity
  8
0
100
AcDbVertex
100
AcDb2dVertex
 10
11.83864038767623
 20
-9.977726535251093
 30
0.0
  0
VERTEX
  5
521
330
51C
100
AcDbEntity
  8
0
100
AcDbVertex
100
AcDb2dVertex
 10
11.65010636470468
 20
-9.855595645908366
 30
0.0
  0
VERTEX
  5
522
330
51C
100
AcDbEntity
  8
0
100
AcDbVertex
100
AcDb2dVertex
 10
11.80228532999681
 20
-9.620676268078725
 30
0.0
  0
VERTEX
  5
523
330
51C
100
AcDbEntity
  8
0
100
AcDbVertex
100
AcDb2dVertex
 10
10.33291699223437
 20
-8.668830765423471
 30
0.0
  0
VERTEX
  5
524
330
51C
100
AcDbEntity
  8
0
100
AcDbVertex
100
AcDb2dVertex
 10
10.18073802694223
 20
-8.903750143253112
 30
0.0
  0
VERTEX
  5
525
330
51C
100
AcDbEntity
  8
0
100
AcDbVertex
100
AcDb2dVertex
 10
9.99220400397068
 20
-8.781619253910379
 30
0.0
  0
VERTEX
  5
526
330
51C
100
AcDbEntity
  8
0
100
AcDbVertex
100
AcDb2dVertex
 10
10.455525949255
 20
-8.066387008034162
 30
0.0
  0
VERTEX
  5
527
330
51C
100
AcDbEntity
  8
0
100
AcDbVertex
100
AcDb2dVertex
 10
10.64405997222656
 20
-8.18851789737689
 30
0.0
  0
VERTEX
  5
528
330
51C
100
AcDbEntity
  8
0
100
AcDbVertex
100
AcDb2dVertex
 10
10.49188100693443
 20
-8.423437275206531
 30
0.0
  0
VERTEX
  5
529
330
51C
100
AcDbEntity
  8
0
100
AcDbVertex
100
AcDb2dVertex
 10
11.96124934469687
 20
-9.375282777861784
 30
0.0
  0
SEQEND
  5
51F
330
51C
100
AcDbEntity
  8
0
  0
POLYLINE
  5
52A
330
70
100
AcDbEntity
  8
0
100
AcDb2dPolyline
 66
     1
 10
0.0
 20
0.0
 30
0.0
 70
     1
  0
VERTEX
  5
52B
330
52A
100
AcDbEntity
  8
0
100
AcDbVertex
100
AcDb2dVertex
 10
12.01218052861942
 20
-3.904694225343989
 30
0.0
  0
VERTEX
  5
52C
330
52A
100
AcDbEntity
  8
0
100
AcDbVertex
100
AcDb2dVertex
 10
12.07977637819103
 20
-3.601937761231699
 30
0.0
  0
VERTEX
  5
52E
330
52A
100
AcDbEntity
  8
0
100
AcDbVertex
100
AcDb2dVertex
 10
13.11488544737431
 20
-4.594784830427638
 30
0.0
  0
VERTEX
  5
52F
330
52A
100
AcDbEntity
  8
0
100
AcDbVertex
100
AcDb2dVertex
 10
14.06491435200251
 20
-4.806895944600624
 30
0.0
  0
VERTEX
  5
530
330
52A
100
AcDbEntity
  8
0
100
AcDbVertex
100
AcDb2dVertex
 10
14.0012033213718
 20
-5.092252611924852
 30
0.0
  0
VERTEX
  5
531
330
52A
100
AcDbEntity
  8
0
100
AcDbVertex
100
AcDb2dVertex
 10
13.0807540712833
 20
-4.886745689951386
 30
0.0
  0
VERTEX
  5
532
330
52A
100
AcDbEntity
  8
0
100
AcDbVertex
100
AcDb2dVertex
 10
11.69207144788948
 20
-5.338437480680333
 30
0.0
  0
VERTEX
  5
533
330
52A
100
AcDbEntity
  8
0
100
AcDbVertex
100
AcDb2dVertex
 10
11.76277515261381
 20
-5.021761179137591
 30
0.0
  0
VERTEX
  5
534
330
52A
100
AcDbEntity
  8
0
100
AcDbVertex
100
AcDb2dVertex
 10
12.83150984242022
 20
-4.677653330089128
 30
0.0
  0
SEQEND
  5
52D
330
52A
100
AcDbEntity
  8
0
  0
POLYLINE
  5
535
330
70
100
AcDbEntity
  8
0
100
AcDb2dPolyline
 66
     1
 10
0.0
 20
0.0
 30
0.0
 70
     1
  0
VERTEX
  5
536
330
535
100
AcDbEntity
  8
0
100
AcDbVertex
100
AcDb2dVertex
 10
6.544053230415789
 20
-11.1346326825154
 30
0.0
  0
VERTEX
  5
537
330
535
100
AcDbEntity
  8
0
100
AcDbVertex
100
AcDb2dVertex
 10
5.180604033340441
 20
-8.773069399641908
 30
0.0
  0
VERTEX
  5
539
330
535
100
AcDbEntity
  8
0
100
AcDbVertex
100
AcDb2dVertex
 10
5.39673366413405
 20
-8.751199882153839
 30
0.0
  0
VERTEX
  5
53A
330
535
100
AcDbEntity
  8
0
100
AcDbVertex
100
AcDb2dVertex
 10
5.793513079655134
 20
-8.690494906546248
 30
0.0
  0
VERTEX
  5
53B
330
535
100
AcDbEntity
  8
0
100
AcDbVertex
100
AcDb2dVertex
 10
5.935809892137928
 20
-8.675858629464041
 30
0.0
  0
VERTEX
  5
53C
330
535
100
AcDbEntity
  8
0
100
AcDbVertex
100
AcDb2dVertex
 10
6.057778588551769
 20
-8.645772948794485
 30
0.0
  0
VERTEX
  5
53D
330
535
100
AcDbEntity
  8
0
100
AcDbVertex
100
AcDb2dVertex
 10
6.220403517103409
 20
-8.631746516590625
 30
0.0
  0
VERTEX
  5
53E
330
535
100
AcDbEntity
  8
0
100
AcDbVertex
100
AcDb2dVertex
 10
6.362700329586132
 20
-8.569745620616533
 30
0.0
  0
VERTEX
  5
53F
330
535
100
AcDbEntity
  8
0
100
AcDbVertex
100
AcDb2dVertex
 10
6.738532256751934
 20
-8.434946477451479
 30
0.0
  0
VERTEX
  5
540
330
535
100
AcDbEntity
  8
0
100
AcDbVertex
100
AcDb2dVertex
 10
6.952215695586243
 20
-8.32621423249523
 30
0.0
  0
VERTEX
  5
541
330
535
100
AcDbEntity
  8
0
100
AcDbVertex
100
AcDb2dVertex
 10
7.274822897600703
 20
-8.105043823249848
 30
0.0
  0
VERTEX
  5
542
330
535
100
AcDbEntity
  8
0
100
AcDbVertex
100
AcDb2dVertex
 10
7.404205003843511
 20
-7.940242773679608
 30
0.0
  0
VERTEX
  5
543
330
535
100
AcDbEntity
  8
0
100
AcDbVertex
100
AcDb2dVertex
 10
7.463874377041932
 20
-7.88001106310789
 30
0.0
  0
VERTEX
  5
544
330
535
100
AcDbEntity
  8
0
100
AcDbVertex
100
AcDb2dVertex
 10
7.663699757999928
 20
-7.736900798302217
 30
0.0
  0
VERTEX
  5
545
330
535
100
AcDbEntity
  8
0
100
AcDbVertex
100
AcDb2dVertex
 10
7.906620745024213
 20
-7.521625556215036
 30
0.0
  0
VERTEX
  5
546
330
535
100
AcDbEntity
  8
0
100
AcDbVertex
100
AcDb2dVertex
 10
7.984937988447988
 20
-7.422017559404228
 30
0.0
  0
VERTEX
  5
547
330
535
100
AcDbEntity
  8
0
100
AcDbVertex
100
AcDb2dVertex
 10
8.090717246173735
 20
-7.267371062314778
 30
0.0
  0
VERTEX
  5
548
330
535
100
AcDbEntity
  8
0
100
AcDbVertex
100
AcDb2dVertex
 10
8.255451216767486
 20
-6.993906454743825
 30
0.0
  0
VERTEX
  5
549
330
535
100
AcDbEntity
  8
0
100
AcDbVertex
100
AcDb2dVertex
 10
8.343195624018377
 20
-6.710423874534203
 30
0.0
  0
VERTEX
  5
54A
330
535
100
AcDbEntity
  8
0
100
AcDbVertex
100
AcDb2dVertex
 10
8.393739975896625
 20
-6.51299850617427
 30
0.0
  0
VERTEX
  5
54B
330
535
100
AcDbEntity
  8
0
100
AcDbVertex
100
AcDb2dVertex
 10
8.419092551122773
 20
-6.323077088466568
 30
0.0
  0
VERTEX
  5
54C
330
535
100
AcDbEntity
  8
0
100
AcDbVertex
100
AcDb2dVertex
 10
8.43555832513859
 20
-5.916717117803678
 30
0.0
  0
VERTEX
  5
54D
330
535
100
AcDbEntity
  8
0
100
AcDbVertex
100
AcDb2dVertex
 10
8.3934791248757
 20
-5.48962242127402
 30
0.0
  0
VERTEX
  5
54E
330
535
100
AcDbEntity
  8
0
100
AcDbVertex
100
AcDb2dVertex
 10
8.324566811401972
 20
-5.205028144671279
 30
0.0
  0
VERTEX
  5
54F
330
535
100
AcDbEntity
  8
0
100
AcDbVertex
100
AcDb2dVertex
 10
8.301392759083316
 20
-5.062731006370251
 30
0.0
  0
VERTEX
  5
550
330
535
100
AcDbEntity
  8
0
100
AcDbVertex
100
AcDb2dVertex
 10
8.195889836685559
 20
-4.81879305499671
 30
0.0
  0
VERTEX
  5
551
330
535
100
AcDbEntity
  8
0
100
AcDbVertex
100
AcDb2dVertex
 10
8.125666518538476
 20
-4.621348430467149
 30
0.0
  0
VERTEX
  5
552
330
535
100
AcDbEntity
  8
0
100
AcDbVertex
100
AcDb2dVertex
 10
8.053593024202765
 20
-4.493275646031085
 30
0.0
  0
VERTEX
  5
553
330
535
100
AcDbEntity
  8
0
100
AcDbVertex
100
AcDb2dVertex
 10
7.92247667555781
 20
-4.292801847347691
 30
0.0
  0
VERTEX
  5
554
330
535
100
AcDbEntity
  8
0
100
AcDbVertex
100
AcDb2dVertex
 10
7.780688065976999
 20
-4.09827403622879
 30
0.0
  0
VERTEX
  5
555
330
535
100
AcDbEntity
  8
0
100
AcDbVertex
100
AcDb2dVertex
 10
7.660243978268326
 20
-3.953219890873116
 30
0.0
  0
VERTEX
  5
556
330
535
100
AcDbEntity
  8
0
100
AcDbVertex
100
AcDb2dVertex
 10
7.257137436620784
 20
-3.578775135514717
 30
0.0
  0
VERTEX
  5
557
330
535
100
AcDbEntity
  8
0
100
AcDbVertex
100
AcDb2dVertex
 10
7.218582702888216
 20
-3.571449453319477
 30
0.0
  0
VERTEX
  5
558
330
535
100
AcDbEntity
  8
0
100
AcDbVertex
100
AcDb2dVertex
 10
7.155909374100044
 20
-3.541237515702775
 30
0.0
  0
VERTEX
  5
559
330
535
100
AcDbEntity
  8
0
100
AcDbVertex
100
AcDb2dVertex
 10
7.021737852542173
 20
-3.418182650860694
 30
0.0
  0
VERTEX
  5
55A
330
535
100
AcDbEntity
  8
0
100
AcDbVertex
100
AcDb2dVertex
 10
6.891841190861391
 20
-3.326502637469221
 30
0.0
  0
VERTEX
  5
55B
330
535
100
AcDbEntity
  8
0
100
AcDbVertex
100
AcDb2dVertex
 10
6.783898894535251
 20
-3.223032289761684
 30
0.0
  0
VERTEX
  5
55C
330
535
100
AcDbEntity
  8
0
100
AcDbVertex
100
AcDb2dVertex
 10
6.671077850352435
 20
-3.155542789881886
 30
0.0
  0
VERTEX
  5
55D
330
535
100
AcDbEntity
  8
0
100
AcDbVertex
100
AcDb2dVertex
 10
6.564151959829729
 20
-3.068538253891928
 30
0.0
  0
VERTEX
  5
55E
330
535
100
AcDbEntity
  8
0
100
AcDbVertex
100
AcDb2dVertex
 10
6.448688260557826
 20
-2.994442101162269
 30
0.0
  0
VERTEX
  5
55F
330
535
100
AcDbEntity
  8
0
100
AcDbVertex
100
AcDb2dVertex
 10
6.400466157720572
 20
-2.946245298113625
 30
0.0
  0
VERTEX
  5
560
330
535
100
AcDbEntity
  8
0
100
AcDbVertex
100
AcDb2dVertex
 10
6.38550027707339
 20
-2.903625538389107
 30
0.0
  0
VERTEX
  5
561
330
535
100
AcDbEntity
  8
0
100
AcDbVertex
100
AcDb2dVertex
 10
6.386280944226285
 20
-2.88802416987564
 30
0.0
  0
VERTEX
  5
562
330
535
100
AcDbEntity
  8
0
100
AcDbVertex
100
AcDb2dVertex
 10
6.443181629242462
 20
-2.799999999999993
 30
0.0
  0
VERTEX
  5
563
330
535
100
AcDbEntity
  8
0
100
AcDbVertex
100
AcDb2dVertex
 10
11.35605565326271
 20
-2.799999999999993
 30
0.0
 42
-0.2213979179283752
  0
SEQEND
  5
538
330
535
100
AcDbEntity
  8
0
  0
POLYLINE
  5
564
330
70
100
AcDbEntity
  8
0
100
AcDb2dPolyline
 66
     1
 10
0.0
 20
0.0
 30
0.0
 70
     1
  0
VERTEX
  5
565
330
564
100
AcDbEntity
  8
0
100
AcDbVertex
100
AcDb2dVertex
 10
-2.919841357958437
 20
-8.857313582024906
 30
0.0
  0
VERTEX
  5
566
330
564
100
AcDbEntity
  8
0
100
AcDbVertex
100
AcDb2dVertex
 10
-2.643328457810358
 20
-8.852507186308153
 30
0.0
  0
VERTEX
  5
568
330
564
100
AcDbEntity
  8
0
100
AcDbVertex
100
AcDb2dVertex
 10
-2.398717696137975
 20
-8.857795684863329
 30
0.0
  0
VERTEX
  5
569
330
564
100
AcDbEntity
  8
0
100
AcDbVertex
100
AcDb2dVertex
 10
-2.073467839034339
 20
-8.887474802280594
 30
0.0
  0
VERTEX
  5
56A
330
564
100
AcDbEntity
  8
0
100
AcDbVertex
100
AcDb2dVertex
 10
-1.942961333871693
 20
-8.887474802280594
 30
0.0
  0
VERTEX
  5
56B
330
564
100
AcDbEntity
  8
0
100
AcDbVertex
100
AcDb2dVertex
 10
-1.829530446206817
 20
-8.903534050746086
 30
0.0
  0
VERTEX
  5
56C
330
564
100
AcDbEntity
  8
0
100
AcDbVertex
100
AcDb2dVertex
 10
-1.68723363372413
 20
-8.890930589925023
 30
0.0
  0
VERTEX
  5
56D
330
564
100
AcDbEntity
  8
0
100
AcDbVertex
100
AcDb2dVertex
 10
-1.240015080207079
 20
-8.913291568800776
 30
0.0
  0
VERTEX
  5
56E
330
564
100
AcDbEntity
  8
0
100
AcDbVertex
100
AcDb2dVertex
 10
-0.6911559463448747
 20
-8.913291568800776
 30
0.0
  0
VERTEX
  5
56F
330
564
100
AcDbEntity
  8
0
100
AcDbVertex
100
AcDb2dVertex
 10
-0.5082029017241752
 20
-8.929350817266277
 30
0.0
  0
VERTEX
  5
570
330
564
100
AcDbEntity
  8
0
100
AcDbVertex
100
AcDb2dVertex
 10
-0.1626249285515335
 20
-8.929350817266277
 30
0.0
  0
VERTEX
  5
571
330
564
100
AcDbEntity
  8
0
100
AcDbVertex
100
AcDb2dVertex
 10
0.0813124642760421
 20
-8.915121103436067
 30
0.0
  0
VERTEX
  5
572
330
564
100
AcDbEntity
  8
0
100
AcDbVertex
100
AcDb2dVertex
 10
0.3659060892412569
 20
-8.94175099646099
 30
0.0
  0
VERTEX
  5
573
330
564
100
AcDbEntity
  8
0
100
AcDbVertex
100
AcDb2dVertex
 10
0.731812178482798
 20
-8.923049086855705
 30
0.0
  0
VERTEX
  5
574
330
564
100
AcDbEntity
  8
0
100
AcDbVertex
100
AcDb2dVertex
 10
1.280671312344896
 20
-8.923049086855705
 30
0.0
  0
VERTEX
  5
575
330
564
100
AcDbEntity
  8
0
100
AcDbVertex
100
AcDb2dVertex
 10
1.463624356965542
 20
-8.941547714834987
 30
0.0
  0
VERTEX
  5
576
330
564
100
AcDbEntity
  8
0
100
AcDbVertex
100
AcDb2dVertex
 10
1.653354366687356
 20
-8.903750037473692
 30
0.0
  0
VERTEX
  5
577
330
564
100
AcDbEntity
  8
0
100
AcDbVertex
100
AcDb2dVertex
 10
1.722697064493488
 20
-8.904479389714285
 30
0.0
  0
VERTEX
  5
578
330
564
100
AcDbEntity
  8
0
100
AcDbVertex
100
AcDb2dVertex
 10
1.880515505288897
 20
-8.937346693572845
 30
0.0
  0
VERTEX
  5
579
330
564
100
AcDbEntity
  8
0
100
AcDbVertex
100
AcDb2dVertex
 10
2.032811606896647
 20
-8.905973430259628
 30
0.0
  0
VERTEX
  5
57A
330
564
100
AcDbEntity
  8
0
100
AcDbVertex
100
AcDb2dVertex
 10
2.459702044344762
 20
-8.905973430259628
 30
0.0
  0
VERTEX
  5
57B
330
564
100
AcDbEntity
  8
0
100
AcDbVertex
100
AcDb2dVertex
 10
2.662983205034414
 20
-8.891337153177065
 30
0.0
  0
VERTEX
  5
57C
330
564
100
AcDbEntity
  8
0
100
AcDbVertex
100
AcDb2dVertex
 10
2.866264365724067
 20
-8.902924205867446
 30
0.0
  0
VERTEX
  5
57D
330
564
100
AcDbEntity
  8
0
100
AcDbVertex
100
AcDb2dVertex
 10
2.941107233294111
 20
-8.894147158573737
 30
0.0
  0
VERTEX
  5
57E
330
564
100
AcDbEntity
  8
0
100
AcDbVertex
100
AcDb2dVertex
 10
4.812002422846908
 20
-12.1346326825154
 30
0.0
 42
-0.2213979179283747
  0
VERTEX
  5
57F
330
564
100
AcDbEntity
  8
0
100
AcDbVertex
100
AcDb2dVertex
 10
-4.81200242284692
 20
-12.13463268251539
 30
0.0
  0
SEQEND
  5
567
330
564
100
AcDbEntity
  8
0
  0
POLYLINE
  5
580
330
70
100
AcDbEntity
  8
0
100
AcDb2dPolyline
 66
     1
 10
0.0
 20
0.0
 30
0.0
 70
     1
  0
VERTEX
  5
581
330
580
100
AcDbEntity
  8
0
100
AcDbVertex
100
AcDb2dVertex
 10
-6.544053230415796
 20
7.5346326825154
 30
0.0
  0
VERTEX
  5
582
330
580
100
AcDbEntity
  8
0
100
AcDbVertex
100
AcDb2dVertex
 10
-4.477949911912091
 20
3.956036761180321
 30
0.0
  0
VERTEX
  5
584
330
580
100
AcDbEntity
  8
0
100
AcDbVertex
100
AcDb2dVertex
 10
-4.807364406468135
 20
3.642544178687812
 30
0.0
  0
VERTEX
  5
585
330
580
100
AcDbEntity
  8
0
100
AcDbVertex
100
AcDb2dVertex
 10
-4.847239276644685
 20
3.596862985762596
 30
0.0
  0
VERTEX
  5
586
330
580
100
AcDbEntity
  8
0
100
AcDbVertex
100
AcDb2dVertex
 10
-4.93361153606088
 20
3.463392716821678
 30
0.0
  0
VERTEX
  5
587
330
580
100
AcDbEntity
  8
0
100
AcDbVertex
100
AcDb2dVertex
 10
-5.000640322530376
 20
3.321899176198721
 30
0.0
  0
VERTEX
  5
588
330
580
100
AcDbEntity
  8
0
100
AcDbVertex
100
AcDb2dVertex
 10
-5.113334315987358
 20
3.027877714184041
 30
0.0
  0
VERTEX
  5
589
330
580
100
AcDbEntity
  8
0
100
AcDbVertex
100
AcDb2dVertex
 10
-5.220544730654275
 20
2.818191922746917
 30
0.0
  0
VERTEX
  5
58A
330
580
100
AcDbEntity
  8
0
100
AcDbVertex
100
AcDb2dVertex
 10
-5.252972195007217
 20
2.656682288568559
 30
0.0
  0
VERTEX
  5
58B
330
580
100
AcDbEntity
  8
0
100
AcDbVertex
100
AcDb2dVertex
 10
-5.287952833019922
 20
2.316392022677957
 30
0.0
  0
VERTEX
  5
58C
330
580
100
AcDbEntity
  8
0
100
AcDbVertex
100
AcDb2dVertex
 10
-5.313619064724406
 20
2.17638378784291
 30
0.0
  0
VERTEX
  5
58D
330
580
100
AcDbEntity
  8
0
100
AcDbVertex
100
AcDb2dVertex
 10
-5.315802352034495
 20
2.072454071304461
 30
0.0
  0
VERTEX
  5
58E
330
580
100
AcDbEntity
  8
0
100
AcDbVertex
100
AcDb2dVertex
 10
-5.190174594728347
 20
1.604906331171855
 30
0.0
  0
VERTEX
  5
58F
330
580
100
AcDbEntity
  8
0
100
AcDbVertex
100
AcDb2dVertex
 10
-5.028937695351736
 20
1.280265574219088
 30
0.0
  0
VERTEX
  5
590
330
580
100
AcDbEntity
  8
0
100
AcDbVertex
100
AcDb2dVertex
 10
-4.8891882499138
 20
1.052945895782899
 30
0.0
  0
VERTEX
  5
591
330
580
100
AcDbEntity
  8
0
100
AcDbVertex
100
AcDb2dVertex
 10
-4.781325360291184
 20
0.9055667168281456
 30
0.0
  0
VERTEX
  5
592
330
580
100
AcDbEntity
  8
0
100
AcDbVertex
100
AcDb2dVertex
 10
-4.764427613808734
 20
0.8645038283470629
 30
0.0
  0
VERTEX
  5
593
330
580
100
AcDbEntity
  8
0
100
AcDbVertex
100
AcDb2dVertex
 10
-4.764788120242293
 20
0.8451206076663542
 30
0.0
  0
VERTEX
  5
594
330
580
100
AcDbEntity
  8
0
100
AcDbVertex
100
AcDb2dVertex
 10
-4.782258389055975
 20
0.8200613828311187
 30
0.0
  0
VERTEX
  5
595
330
580
100
AcDbEntity
  8
0
100
AcDbVertex
100
AcDb2dVertex
 10
-4.822743896781673
 20
0.8074833322132679
 30
0.0
  0
VERTEX
  5
596
330
580
100
AcDbEntity
  8
0
100
AcDbVertex
100
AcDb2dVertex
 10
-5.102357133310189
 20
0.7651499335687451
 30
0.0
  0
VERTEX
  5
597
330
580
100
AcDbEntity
  8
0
100
AcDbVertex
100
AcDb2dVertex
 10
-5.508919454689547
 20
0.6755027364390199
 30
0.0
  0
VERTEX
  5
598
330
580
100
AcDbEntity
  8
0
100
AcDbVertex
100
AcDb2dVertex
 10
-5.651216267172483
 20
0.6092329263159524
 30
0.0
  0
VERTEX
  5
599
330
580
100
AcDbEntity
  8
0
100
AcDbVertex
100
AcDb2dVertex
 10
-5.915481776068691
 20
0.5275137126056695
 30
0.0
  0
VERTEX
  5
59A
330
580
100
AcDbEntity
  8
0
100
AcDbVertex
100
AcDb2dVertex
 10
-6.017008010760971
 20
0.4710617697699693
 30
0.0
  0
VERTEX
  5
59B
330
580
100
AcDbEntity
  8
0
100
AcDbVertex
100
AcDb2dVertex
 10
-6.110834971491652
 20
0.3969814984173769
 30
0.0
  0
VERTEX
  5
59C
330
580
100
AcDbEntity
  8
0
100
AcDbVertex
100
AcDb2dVertex
 10
-6.449258797721828
 20
0.0964562154692761
 30
0.0
  0
VERTEX
  5
59D
330
580
100
AcDbEntity
  8
0
100
AcDbVertex
100
AcDb2dVertex
 10
-6.535286035011598
 20
0.0107718189459139
 30
0.0
  0
VERTEX
  5
59E
330
580
100
AcDbEntity
  8
0
100
AcDbVertex
100
AcDb2dVertex
 10
-6.616801780448184
 20
-0.1172956055249497
 30
0.0
  0
VERTEX
  5
59F
330
580
100
AcDbEntity
  8
0
100
AcDbVertex
100
AcDb2dVertex
 10
-6.720653440448973
 20
-0.2309614002594973
 30
0.0
  0
VERTEX
  5
5A0
330
580
100
AcDbEntity
  8
0
100
AcDbVertex
100
AcDb2dVertex
 10
-6.88855057707256
 20
-0.5429502581913948
 30
0.0
  0
VERTEX
  5
5A1
330
580
100
AcDbEntity
  8
0
100
AcDbVertex
100
AcDb2dVertex
 10
-6.96207483187953
 20
-0.7252855391202751
 30
0.0
  0
VERTEX
  5
5A2
330
580
100
AcDbEntity
  8
0
100
AcDbVertex
100
AcDb2dVertex
 10
-6.980822465779081
 20
-0.8000000000000007
 30
0.0
  0
VERTEX
  5
5A3
330
580
100
AcDbEntity
  8
0
100
AcDbVertex
100
AcDb2dVertex
 10
-11.35605565326271
 20
-0.8000000000000007
 30
0.0
 42
-0.2213979179283749
  0
SEQEND
  5
583
330
580
100
AcDbEntity
  8
0
  0
POLYLINE
  5
5A4
330
70
100
AcDbEntity
  8
0
100
AcDb2dPolyline
 66
     1
 10
0.0
 20
0.0
 30
0.0
 70
     1
  0
VERTEX
  5
5A5
330
5A4
100
AcDbEntity
  8
0
100
AcDbVertex
100
AcDb2dVertex
 10
-11.35605565326271
 20
-2.799999999999993
 30
0.0
  0
VERTEX
  5
5A6
330
5A4
100
AcDbEntity
  8
0
100
AcDbVertex
100
AcDb2dVertex
 10
-6.426859556027655
 20
-2.799999999999993
 30
0.0
  0
VERTEX
  5
5A8
330
5A4
100
AcDbEntity
  8
0
100
AcDbVertex
100
AcDb2dVertex
 10
-6.409454152848468
 20
-2.827765460963016
 30
0.0
  0
VERTEX
  5
5A9
330
5A4
100
AcDbEntity
  8
0
100
AcDbVertex
100
AcDb2dVertex
 10
-6.387743218669115
 20
-2.90056092891298
 30
0.0
  0
VERTEX
  5
5AA
330
5A4
100
AcDbEntity
  8
0
100
AcDbVertex
100
AcDb2dVertex
 10
-6.393802347171586
 20
-2.946772559831316
 30
0.0
  0
VERTEX
  5
5AB
330
5A4
100
AcDbEntity
  8
0
100
AcDbVertex
100
AcDb2dVertex
 10
-6.426382371653325
 20
-3.002639919103744
 30
0.0
  0
VERTEX
  5
5AC
330
5A4
100
AcDbEntity
  8
0
100
AcDbVertex
100
AcDb2dVertex
 10
-6.474776935924584
 20
-3.045785402037504
 30
0.0
  0
VERTEX
  5
5AD
330
5A4
100
AcDbEntity
  8
0
100
AcDbVertex
100
AcDb2dVertex
 10
-6.667622070620495
 20
-3.149647622723712
 30
0.0
  0
VERTEX
  5
5AE
330
5A4
100
AcDbEntity
  8
0
100
AcDbVertex
100
AcDb2dVertex
 10
-6.869073700864039
 20
-3.316948401040589
 30
0.0
  0
VERTEX
  5
5AF
330
5A4
100
AcDbEntity
  8
0
100
AcDbVertex
100
AcDb2dVertex
 10
-7.196153088413748
 20
-3.546046793705528
 30
0.0
  0
VERTEX
  5
5B0
330
5A4
100
AcDbEntity
  8
0
100
AcDbVertex
100
AcDb2dVertex
 10
-7.358778016965334
 20
-3.689360340137453
 30
0.0
  0
VERTEX
  5
5B1
330
5A4
100
AcDbEntity
  8
0
100
AcDbVertex
100
AcDb2dVertex
 10
-7.476811317158915
 20
-3.75390860898932
 30
0.0
  0
VERTEX
  5
5B2
330
5A4
100
AcDbEntity
  8
0
100
AcDbVertex
100
AcDb2dVertex
 10
-7.516930759982081
 20
-3.786528957434525
 30
0.0
  0
VERTEX
  5
5B3
330
5A4
100
AcDbEntity
  8
0
100
AcDbVertex
100
AcDb2dVertex
 10
-7.612676186666842
 20
-3.913376692148773
 30
0.0
  0
VERTEX
  5
5B4
330
5A4
100
AcDbEntity
  8
0
100
AcDbVertex
100
AcDb2dVertex
 10
-7.693378807460646
 20
-3.975987433001222
 30
0.0
  0
VERTEX
  5
5B5
330
5A4
100
AcDbEntity
  8
0
100
AcDbVertex
100
AcDb2dVertex
 10
-7.853093480332873
 20
-4.18478942580589
 30
0.0
  0
VERTEX
  5
5B6
330
5A4
100
AcDbEntity
  8
0
100
AcDbVertex
100
AcDb2dVertex
 10
-7.931478219454639
 20
-4.294949009523891
 30
0.0
  0
VERTEX
  5
5B7
330
5A4
100
AcDbEntity
  8
0
100
AcDbVertex
100
AcDb2dVertex
 10
-8.07178668808417
 20
-4.525711770502951
 30
0.0
  0
VERTEX
  5
5B8
330
5A4
100
AcDbEntity
  8
0
100
AcDbVertex
100
AcDb2dVertex
 10
-8.189226026136466
 20
-4.76874765966035
 30
0.0
  0
VERTEX
  5
5B9
330
5A4
100
AcDbEntity
  8
0
100
AcDbVertex
100
AcDb2dVertex
 10
-8.239024352036175
 20
-4.894248653601325
 30
0.0
  0
VERTEX
  5
5BA
330
5A4
100
AcDbEntity
  8
0
100
AcDbVertex
100
AcDb2dVertex
 10
-8.357851322230196
 20
-5.215345084232856
 30
0.0
  0
VERTEX
  5
5BB
330
5A4
100
AcDbEntity
  8
0
100
AcDbVertex
100
AcDb2dVertex
 10
-8.378377160990719
 20
-5.298856511342098
 30
0.0
  0
VERTEX
  5
5BC
330
5A4
100
AcDbEntity
  8
0
100
AcDbVertex
100
AcDb2dVertex
 10
-8.383518348001679
 20
-5.448966096045078
 30
0.0
  0
VERTEX
  5
5BD
330
5A4
100
AcDbEntity
  8
0
100
AcDbVertex
100
AcDb2dVertex
 10
-8.422225145571484
 20
-5.625408194987562
 30
0.0
  0
VERTEX
  5
5BE
330
5A4
100
AcDbEntity
  8
0
100
AcDbVertex
100
AcDb2dVertex
 10
-8.431571314561114
 20
-5.757617482591541
 30
0.0
  0
VERTEX
  5
5BF
330
5A4
100
AcDbEntity
  8
0
100
AcDbVertex
100
AcDb2dVertex
 10
-8.427059028640879
 20
-6.330347979911126
 30
0.0
  0
VERTEX
  5
5C0
330
5A4
100
AcDbEntity
  8
0
100
AcDbVertex
100
AcDb2dVertex
 10
-8.38786348281161
 20
-6.614150966902228
 30
0.0
  0
VERTEX
  5
5C1
330
5A4
100
AcDbEntity
  8
0
100
AcDbVertex
100
AcDb2dVertex
 10
-8.341003999004801
 20
-6.802030833591166
 30
0.0
  0
VERTEX
  5
5C2
330
5A4
100
AcDbEntity
  8
0
100
AcDbVertex
100
AcDb2dVertex
 10
-8.27393774249721
 20
-6.986550846078563
 30
0.0
  0
VERTEX
  5
5C3
330
5A4
100
AcDbEntity
  8
0
100
AcDbVertex
100
AcDb2dVertex
 10
-8.148957298711305
 20
-7.189742891330643
 30
0.0
  0
VERTEX
  5
5C4
330
5A4
100
AcDbEntity
  8
0
100
AcDbVertex
100
AcDb2dVertex
 10
-8.00500882679783
 20
-7.400266425406769
 30
0.0
  0
VERTEX
  5
5C5
330
5A4
100
AcDbEntity
  8
0
100
AcDbVertex
100
AcDb2dVertex
 10
-7.639915862199355
 20
-7.7767439970264
 30
0.0
  0
VERTEX
  5
5C6
330
5A4
100
AcDbEntity
  8
0
100
AcDbVertex
100
AcDb2dVertex
 10
-7.232331576547252
 20
-8.018730127161379
 30
0.0
  0
VERTEX
  5
5C7
330
5A4
100
AcDbEntity
  8
0
100
AcDbVertex
100
AcDb2dVertex
 10
-6.903123295279591
 20
-8.183459710535352
 30
0.0
  0
VERTEX
  5
5C8
330
5A4
100
AcDbEntity
  8
0
100
AcDbVertex
100
AcDb2dVertex
 10
-6.675988360890094
 20
-8.276334003480023
 30
0.0
  0
VERTEX
  5
5C9
330
5A4
100
AcDbEntity
  8
0
100
AcDbVertex
100
AcDb2dVertex
 10
-6.444012793861837
 20
-8.360365545687624
 30
0.0
  0
VERTEX
  5
5CA
330
5A4
100
AcDbEntity
  8
0
100
AcDbVertex
100
AcDb2dVertex
 10
-6.159419168896569
 20
-8.479082015356
 30
0.0
  0
VERTEX
  5
5CB
330
5A4
100
AcDbEntity
  8
0
100
AcDbVertex
100
AcDb2dVertex
 10
-6.076304172453603
 20
-8.494715245882282
 30
0.0
  0
VERTEX
  5
5CC
330
5A4
100
AcDbEntity
  8
0
100
AcDbVertex
100
AcDb2dVertex
 10
-5.956138008206917
 20
-8.502459402362712
 30
0.0
  0
VERTEX
  5
5CD
330
5A4
100
AcDbEntity
  8
0
100
AcDbVertex
100
AcDb2dVertex
 10
-5.712200615379252
 20
-8.550840429385093
 30
0.0
  0
VERTEX
  5
5CE
330
5A4
100
AcDbEntity
  8
0
100
AcDbVertex
100
AcDb2dVertex
 10
-5.590231918965464
 20
-8.550840429385093
 30
0.0
  0
VERTEX
  5
5CF
330
5A4
100
AcDbEntity
  8
0
100
AcDbVertex
100
AcDb2dVertex
 10
-5.407278874344818
 20
-8.603287088930304
 30
0.0
  0
VERTEX
  5
5D0
330
5A4
100
AcDbEntity
  8
0
100
AcDbVertex
100
AcDb2dVertex
 10
-5.109910721861268
 20
-8.650624992404662
 30
0.0
  0
VERTEX
  5
5D1
330
5A4
100
AcDbEntity
  8
0
100
AcDbVertex
100
AcDb2dVertex
 10
-6.544053230415798
 20
-11.13463268251539
 30
0.0
 42
-0.2213979179283748
  0
SEQEND
  5
5A7
330
5A4
100
AcDbEntity
  8
0
  0
POLYLINE
  5
5D2
330
70
100
AcDbEntity
  8
0
100
AcDb2dPolyline
 66
     1
 10
0.0
 20
0.0
 30
0.0
 70
     1
  0
VERTEX
  5
5D3
330
5D2
100
AcDbEntity
  8
0
100
AcDbVertex
100
AcDb2dVertex
 10
-1.605921169448318
 20
0.893420639665825
 30
0.0
  0
VERTEX
  5
5D4
330
5D2
100
AcDbEntity
  8
0
100
AcDbVertex
100
AcDb2dVertex
 10
-1.605921169448318
 20
-2.907945769237709
 30
0.0
  0
VERTEX
  5
5D6
330
5D2
100
AcDbEntity
  8
0
100
AcDbVertex
100
AcDb2dVertex
 10
-2.154780303310257
 20
-2.907945769237709
 30
0.0
  0
VERTEX
  5
5D7
330
5D2
100
AcDbEntity
  8
0
100
AcDbVertex
100
AcDb2dVertex
 10
-2.154780303310257
 20
0.893420639665825
 30
0.0
  0
SEQEND
  5
5D5
330
5D2
100
AcDbEntity
  8
0
  0
POLYLINE
  5
5D8
330
70
100
AcDbEntity
  8
0
100
AcDb2dPolyline
 66
     1
 10
0.0
 20
0.0
 30
0.0
 70
     1
  0
VERTEX
  5
5D9
330
5D8
100
AcDbEntity
  8
0
100
AcDbVertex
100
AcDb2dVertex
 10
2.154780303310381
 20
0.893420639665825
 30
0.0
  0
VERTEX
  5
5DA
330
5D8
100
AcDbEntity
  8
0
100
AcDbVertex
100
AcDb2dVertex
 10
2.154780303310381
 20
-2.907945769237709
 30
0.0
  0
VERTEX
  5
5DC
330
5D8
100
AcDbEntity
  8
0
100
AcDbVertex
100
AcDb2dVertex
 10
1.605921169448336
 20
-2.907945769237709
 30
0.0
  0
VERTEX
  5
5DD
330
5D8
100
AcDbEntity
  8
0
100
AcDbVertex
100
AcDb2dVertex
 10
1.605921169448336
 20
0.893420639665825
 30
0.0
  0
SEQEND
  5
5DB
330
5D8
100
AcDbEntity
  8
0
  0
POLYLINE
  5
5DE
330
70
100
AcDbEntity
  8
0
100
AcDb2dPolyline
 66
     1
 10
0.0
 20
0.0
 30
0.0
 70
     1
  0
VERTEX
  5
5DF
330
5DE
100
AcDbEntity
  8
0
100
AcDbVertex
100
AcDb2dVertex
 10
-9.814954576223634
 20
13.20000000000001
 30
0.0
  0
VERTEX
  5
5E0
330
5DE
100
AcDbEntity
  8
0
100
AcDbVertex
100
AcDb2dVertex
 10
-8.349340177332319
 20
10.66148139681572
 30
0.0
 42
0.2324998223916689
  0
VERTEX
  5
5E2
330
5DE
100
AcDbEntity
  8
0
100
AcDbVertex
100
AcDb2dVertex
 10
-14.96662954709576
 20
-0.8000000000000017
 30
0.0
  0
VERTEX
  5
5E3
330
5DE
100
AcDbEntity
  8
0
100
AcDbVertex
100
AcDb2dVertex
 10
-17.89785834487839
 20
-0.7999999999999919
 30
0.0
  0
SEQEND
  5
5E1
330
5DE
100
AcDbEntity
  8
0
  0
SPLINE
  5
5E4
330
70
100
AcDbEntity
  8
0
100
AcDbSpline
210
0.0
220
0.0
230
1.0
 70
     8
 71
     2
 72
     7
 73
     4
 74
     0
 42
0.000000001
 43
0.0000000001
 40
0.0
 40
0.0
 40
0.0
 40
1.0
 40
2.0
 40
2.0
 40
2.0
 10
41.90150717317592
 20
42.74282236024561
 30
0.0
 10
41.90192983019414
 20
42.6002308114333
 30
0.0
 10
41.79844710564331
 20
42.33283842009355
 30
0.0
 10
41.66287171459872
 20
42.18382530315486
 30
0.0
  0
SPLINE
  5
5E5
330
70
100
AcDbEntity
  8
0
100
AcDbSpline
210
0.0
220
0.0
230
1.0
 70
     8
 71
     2
 72
     7
 73
     4
 74
     0
 42
0.000000001
 43
0.0000000001
 40
0.0
 40
0.0
 40
0.0
 40
1.0
 40
2.0
 40
2.0
 40
2.0
 10
41.66287171459872
 20
42.18382530315486
 30
0.0
 10
41.50210089689983
 20
42.00711948306826
 30
0.0
 10
41.20269463083831
 20
41.82639165929855
 30
0.0
 10
41.05036470044672
 20
41.76493083572219
 30
0.0
  0
SPLINE
  5
5E6
330
70
100
AcDbEntity
  8
0
100
AcDbSpline
210
0.0
220
0.0
230
1.0
 70
     8
 71
     2
 72
     7
 73
     4
 74
     0
 42
0.000000001
 43
0.0000000001
 40
0.0
 40
0.0
 40
0.0
 40
1.0
 40
2.0
 40
2.0
 40
2.0
 10
40.79310985622694
 20
42.0279103751775
 30
0.0
 10
40.99051342757165
 20
42.04354163847525
 30
0.0
 10
41.34723959559813
 20
42.21309346258752
 30
0.0
 10
41.46121890665333
 20
42.33836997682802
 30
0.0
  0
SPLINE
  5
5E7
330
70
100
AcDbEntity
  8
0
100
AcDbSpline
210
0.0
220
0.0
230
1.0
 70
     8
 71
     2
 72
     7
 73
     4
 74
     0
 42
0.000000001
 43
0.0000000001
 40
0.0
 40
0.0
 40
0.0
 40
1.0
 40
2.0
 40
2.0
 40
2.0
 10
41.46121890665333
 20
42.33836997682802
 30
0.0
 10
41.62438928879549
 20
42.51771319721442
 30
0.0
 10
41.64214590066386
 20
42.83658790909512
 30
0.0
 10
41.51950678672315
 20
42.94816765570703
 30
0.0
  0
SPLINE
  5
5E8
330
70
100
AcDbEntity
  8
0
100
AcDbSpline
210
0.0
220
0.0
230
1.0
 70
     8
 71
     2
 72
     7
 73
     4
 74
     0
 42
0.000000001
 43
0.0000000001
 40
0.0
 40
0.0
 40
0.0
 40
1.0
 40
2.0
 40
2.0
 40
2.0
 10
41.51950678672315
 20
42.94816765570703
 30
0.0
 10
41.42192297563056
 20
43.03695154010791
 30
0.0
 10
41.2130184596605
 20
43.05106639355551
 30
0.0
 10
41.08790556070376
 20
42.97448407281098
 30
0.0
  0
SPLINE
  5
5E9
330
70
100
AcDbEntity
  8
0
100
AcDbSpline
210
0.0
220
0.0
230
1.0
 70
     8
 71
     2
 72
     7
 73
     4
 74
     0
 42
0.000000001
 43
0.0000000001
 40
0.0
 40
0.0
 40
0.0
 40
1.0
 40
2.0
 40
2.0
 40
2.0
 10
41.08790556070376
 20
42.97448407281098
 30
0.0
 10
40.99841877167223
 20
42.91851467981282
 30
0.0
 10
40.85542805731925
 20
42.81963337444826
 30
0.0
 10
40.74650691688507
 20
42.74760174379476
 30
0.0
  0
SPLINE
  5
5EA
330
70
100
AcDbEntity
  8
0
100
AcDbSpline
210
0.0
220
0.0
230
1.0
 70
     8
 71
     2
 72
     7
 73
     4
 74
     0
 42
0.000000001
 43
0.0000000001
 40
0.0
 40
0.0
 40
0.0
 40
1.0
 40
2.0
 40
2.0
 40
2.0
 10
40.74650691688507
 20
42.74760174379476
 30
0.0
 10
40.64730295215222
 20
42.68360123196893
 30
0.0
 10
40.45887124012233
 20
42.61160141013235
 30
0.0
 10
40.35801302733272
 20
42.60936317537322
 30
0.0
  0
SPLINE
  5
5EB
330
70
100
AcDbEntity
  8
0
100
AcDbSpline
210
0.0
220
0.0
230
1.0
 70
     8
 71
     2
 72
     7
 73
     4
 74
     0
 42
0.000000001
 43
0.0000000001
 40
0.0
 40
0.0
 40
0.0
 40
1.0
 40
2.0
 40
2.0
 40
2.0
 10
40.35801302733272
 20
42.60936317537322
 30
0.0
 10
40.25835459676475
 20
42.608443640764
 30
0.0
 10
40.06290672696714
 20
42.68503427884789
 30
0.0
 10
39.96796031617434
 20
42.77141859880551
 30
0.0
  0
SPLINE
  5
5EC
330
70
100
AcDbEntity
  8
0
100
AcDbSpline
210
0.0
220
0.0
230
1.0
 70
     8
 71
     2
 72
     7
 73
     4
 74
     0
 42
0.000000001
 43
0.0000000001
 40
0.0
 40
0.0
 40
0.0
 40
1.0
 40
2.0
 40
2.0
 40
2.0
 10
39.96796031617434
 20
42.77141859880551
 30
0.0
 10
39.77015529368934
 20
42.95138593205055
 30
0.0
 10
39.78320820312191
 20
43.50351755811876
 30
0.0
 10
40.00036878523758
 20
43.74220228525065
 30
0.0
  0
SPLINE
  5
5ED
330
70
100
AcDbEntity
  8
0
100
AcDbSpline
210
0.0
220
0.0
230
1.0
 70
     8
 71
     2
 72
     7
 73
     4
 74
     0
 42
0.000000001
 43
0.0000000001
 40
0.0
 40
0.0
 40
0.0
 40
1.0
 40
2.0
 40
2.0
 40
2.0
 10
40.00036878523758
 20
43.74220228525065
 30
0.0
 10
40.12514613628747
 20
43.87934710084025
 30
0.0
 10
40.39997277121395
 20
44.07279685733487
 30
0.0
 10
40.54618487256909
 20
44.13018266253327
 30
0.0
  0
SPLINE
  5
5EE
330
70
100
AcDbEntity
  8
0
100
AcDbSpline
210
0.0
220
0.0
230
1.0
 70
     8
 71
     2
 72
     7
 73
     4
 74
     0
 42
0.000000001
 43
0.0000000001
 40
0.0
 40
0.0
 40
0.0
 40
1.0
 40
2.0
 40
2.0
 40
2.0
 10
40.7902527152899
 20
43.87920094529428
 30
0.0
 10
40.64825575611891
 20
43.8661858764184
 30
0.0
 10
40.32199981534633
 20
43.71952762656748
 30
0.0
 10
40.20082181096135
 20
43.58633891142758
 30
0.0
  0
SPLINE
  5
5EF
330
70
100
AcDbEntity
  8
0
100
AcDbSpline
210
0.0
220
0.0
230
1.0
 70
     8
 71
     2
 72
     7
 73
     4
 74
     0
 42
0.000000001
 43
0.0000000001
 40
0.0
 40
0.0
 40
0.0
 40
1.0
 40
2.0
 40
2.0
 40
2.0
 10
40.20082181096135
 20
43.58633891142758
 30
0.0
 10
40.06404663769512
 20
43.43600709433899
 30
0.0
 10
40.03597826048409
 20
43.1216936754883
 30
0.0
 10
40.1507051735254
 20
43.01731262220619
 30
0.0
  0
SPLINE
  5
5F0
330
70
100
AcDbEntity
  8
0
100
AcDbSpline
210
0.0
220
0.0
230
1.0
 70
     8
 71
     2
 72
     7
 73
     4
 74
     0
 42
0.000000001
 43
0.0000000001
 40
0.0
 40
0.0
 40
0.0
 40
1.0
 40
2.0
 40
2.0
 40
2.0
 10
40.1507051735254
 20
43.01731262220619
 30
0.0
 10
40.25356378521758
 20
42.92372960891876
 30
0.0
 10
40.47578482355387
 20
42.92160197474854
 30
0.0
 10
40.59706053998919
 20
42.99926515978643
 30
0.0
  0
SPLINE
  5
5F1
330
70
100
AcDbEntity
  8
0
100
AcDbSpline
210
0.0
220
0.0
230
1.0
 70
     8
 71
     2
 72
     7
 73
     4
 74
     0
 42
0.000000001
 43
0.0000000001
 40
0.0
 40
0.0
 40
0.0
 40
1.0
 40
2.0
 40
2.0
 40
2.0
 10
40.59706053998919
 20
42.99926515978643
 30
0.0
 10
40.67791101761272
 20
43.05104061647837
 30
0.0
 10
40.9065513384758
 20
43.20697217913445
 30
0.0
 10
40.98632095180597
 20
43.25491045330495
 30
0.0
  0
SPLINE
  5
5F2
330
70
100
AcDbEntity
  8
0
100
AcDbSpline
210
0.0
220
0.0
230
1.0
 70
     8
 71
     2
 72
     7
 73
     4
 74
     0
 42
0.000000001
 43
0.0000000001
 40
0.0
 40
0.0
 40
0.0
 40
1.0
 40
2.0
 40
2.0
 40
2.0
 10
40.98632095180597
 20
43.25491045330495
 30
0.0
 10
41.19012259979953
 20
43.37559386569854
 30
0.0
 10
41.5387328254866
 20
43.34283467459026
 30
0.0
 10
41.6903833427251
 20
43.2048597191024
 30
0.0
  0
SPLINE
  5
5F3
330
70
100
AcDbEntity
  8
0
100
AcDbSpline
210
0.0
220
0.0
230
1.0
 70
     8
 71
     2
 72
     7
 73
     4
 74
     0
 42
0.000000001
 43
0.0000000001
 40
0.0
 40
0.0
 40
0.0
 40
1.0
 40
2.0
 40
2.0
 40
2.0
 10
41.6903833427251
 20
43.2048597191024
 30
0.0
 10
41.78664845366781
 20
43.11727561692315
 30
0.0
 10
41.90047932357741
 20
42.87150279705035
 30
0.0
 10
41.90150717317592
 20
42.74282236024561
 30
0.0
  0
SPLINE
  5
5F4
330
70
100
AcDbEntity
  8
0
100
AcDbSpline
210
0.0
220
0.0
230
1.0
 70
     8
 71
     2
 72
     7
 73
     4
 74
     0
 42
0.000000001
 43
0.0000000001
 40
0.0
 40
0.0
 40
0.0
 40
1.0
 40
2.0
 40
2.0
 40
2.0
 10
38.1875161455393
 20
42.05657323889688
 30
0.0
 10
38.3387302099109
 20
42.16991935682566
 30
0.0
 10
38.56732051101941
 20
42.29001908685649
 30
0.0
 10
38.70495684250207
 20
42.29960877517502
 30
0.0
  0
SPLINE
  5
5F5
330
70
100
AcDbEntity
  8
0
100
AcDbSpline
210
0.0
220
0.0
230
1.0
 70
     8
 71
     2
 72
     7
 73
     4
 74
     0
 42
0.000000001
 43
0.0000000001
 40
0.0
 40
0.0
 40
0.0
 40
1.0
 40
2.0
 40
2.0
 40
2.0
 10
38.70495684250207
 20
42.29960877517502
 30
0.0
 10
38.84259317398473
 20
42.30919846349354
 30
0.0
 10
39.08966295017851
 20
42.20251842964427
 30
0.0
 10
39.19338534111334
 20
42.06414329526649
 30
0.0
  0
SPLINE
  5
5F6
330
70
100
AcDbEntity
  8
0
100
AcDbSpline
210
0.0
220
0.0
230
1.0
 70
     8
 71
     2
 72
     7
 73
     4
 74
     0
 42
0.000000001
 43
0.0000000001
 40
0.0
 40
0.0
 40
0.0
 40
1.0
 40
2.0
 40
2.0
 40
2.0
 10
39.19338534111334
 20
42.06414329526649
 30
0.0
 10
39.33774124602264
 20
41.87155934535925
 30
0.0
 10
39.33656010166117
 20
41.46293728824439
 30
0.0
 10
39.21527679593491
 20
41.27399143213169
 30
0.0
  0
SPLINE
  5
5F7
330
70
100
AcDbEntity
  8
0
100
AcDbSpline
210
0.0
220
0.0
230
1.0
 70
     8
 71
     2
 72
     7
 73
     4
 74
     0
 42
0.000000001
 43
0.0000000001
 40
0.0
 40
0.0
 40
0.0
 40
1.0
 40
2.0
 40
2.0
 40
2.0
 10
21.05692995006702
 20
44.93563189749256
 30
0.0
 10
21.18573596701772
 20
44.75159374398415
 30
0.0
 10
21.26369991872645
 20
44.366588692394
 30
0.0
 10
21.21986981602316
 20
44.18358594569009
 30
0.0
  0
SPLINE
  5
5F8
330
70
100
AcDbEntity
  8
0
100
AcDbSpline
210
0.0
220
0.0
230
1.0
 70
     8
 71
     2
 72
     7
 73
     4
 74
     0
 42
0.000000001
 43
0.0000000001
 40
0.0
 40
0.0
 40
0.0
 40
1.0
 40
2.0
 40
2.0
 40
2.0
 10
21.21986981602316
 20
44.18358594569009
 30
0.0
 10
21.17165785252205
 20
43.99751638905878
 30
0.0
 10
20.90084604680884
 20
43.63824321412368
 30
0.0
 10
20.67591052585413
 20
43.48081363785062
 30
0.0
  0
SPLINE
  5
5F9
330
70
100
AcDbEntity
  8
0
100
AcDbSpline
210
0.0
220
0.0
230
1.0
 70
     8
 71
     2
 72
     7
 73
     4
 74
     0
 42
0.000000001
 43
0.0000000001
 40
0.0
 40
0.0
 40
0.0
 40
1.0
 40
2.0
 40
2.0
 40
2.0
 10
20.67591052585413
 20
43.48081363785062
 30
0.0
 10
20.45681748596317
 20
43.32747314148074
 30
0.0
 10
20.02419424317908
 20
43.19006867757296
 30
0.0
 10
19.83081994311449
 20
43.21140719870508
 30
0.0
  0
SPLINE
  5
5FA
330
70
100
AcDbEntity
  8
0
100
AcDbSpline
210
0.0
220
0.0
230
1.0
 70
     8
 71
     2
 72
     7
 73
     4
 74
     0
 42
0.000000001
 43
0.0000000001
 40
0.0
 40
0.0
 40
0.0
 40
1.0
 40
2.0
 40
2.0
 40
2.0
 10
19.83081994311449
 20
43.21140719870508
 30
0.0
 10
19.62751408208294
 20
43.23449912099778
 30
0.0
 10
19.30226695514025
 20
43.44425765643613
 30
0.0
 10
19.17857228806855
 20
43.62099270861484
 30
0.0
  0
SPLINE
  5
5FB
330
70
100
AcDbEntity
  8
0
100
AcDbSpline
210
0.0
220
0.0
230
1.0
 70
     8
 71
     2
 72
     7
 73
     4
 74
     0
 42
0.000000001
 43
0.0000000001
 40
0.0
 40
0.0
 40
0.0
 40
1.0
 40
2.0
 40
2.0
 40
2.0
 10
19.17857228806855
 20
43.62099270861484
 30
0.0
 10
19.05078854109365
 20
43.8035702418573
 30
0.0
 10
18.9704872685387
 20
44.18258724298817
 30
0.0
 10
19.01709304237835
 20
44.3740609303931
 30
0.0
  0
SPLINE
  5
5FC
330
70
100
AcDbEntity
  8
0
100
AcDbSpline
210
0.0
220
0.0
230
1.0
 70
     8
 71
     2
 72
     7
 73
     4
 74
     0
 42
0.000000001
 43
0.0000000001
 40
0.0
 40
0.0
 40
0.0
 40
1.0
 40
2.0
 40
2.0
 40
2.0
 10
19.01709304237835
 20
44.3740609303931
 30
0.0
 10
19.06428273590368
 20
44.56159110729036
 30
0.0
 10
19.33859970183441
 20
44.91896531166936
 30
0.0
 10
19.56061398225724
 20
45.07435034799084
 30
0.0
  0
SPLINE
  5
5FD
330
70
100
AcDbEntity
  8
0
100
AcDbSpline
210
0.0
220
0.0
230
1.0
 70
     8
 71
     2
 72
     7
 73
     4
 74
     0
 42
0.000000001
 43
0.0000000001
 40
0.0
 40
0.0
 40
0.0
 40
1.0
 40
2.0
 40
2.0
 40
2.0
 10
19.56061398225724
 20
45.07435034799084
 30
0.0
 10
19.7870101234779
 20
45.23280219423971
 30
0.0
 10
20.21043129437621
 20
45.36159014805095
 30
0.0
 10
20.40716518526282
 20
45.34477905711217
 30
0.0
  0
SPLINE
  5
5FE
330
70
100
AcDbEntity
  8
0
100
AcDbSpline
210
0.0
220
0.0
230
1.0
 70
     8
 71
     2
 72
     7
 73
     4
 74
     0
 42
0.000000001
 43
0.0000000001
 40
0.0
 40
0.0
 40
0.0
 40
1.0
 40
2.0
 40
2.0
 40
2.0
 10
20.40716518526282
 20
45.34477905711217
 30
0.0
 10
20.60053948532742
 20
45.32344053598003
 30
0.0
 10
20.93016847306793
 20
45.11674881046908
 30
0.0
 10
21.05692995006702
 20
44.93563189749256
 30
0.0
  0
SPLINE
  5
5FF
330
70
100
AcDbEntity
  8
0
100
AcDbSpline
210
0.0
220
0.0
230
1.0
 70
     8
 71
     2
 72
     7
 73
     4
 74
     0
 42
0.000000001
 43
0.0000000001
 40
0.0
 40
0.0
 40
0.0
 40
1.0
 40
2.0
 40
2.0
 40
2.0
 10
24.57985721232928
 20
41.59506148638445
 30
0.0
 10
24.77049286374656
 20
41.47623774987445
 30
0.0
 10
24.99312709210693
 20
41.15260019352731
 30
0.0
 10
25.02453519063803
 20
40.96706147910139
 30
0.0
  0
SPLINE
  5
600
330
70
100
AcDbEntity
  8
0
100
AcDbSpline
210
0.0
220
0.0
230
1.0
 70
     8
 71
     2
 72
     7
 73
     4
 74
     0
 42
0.000000001
 43
0.0000000001
 40
0.0
 40
0.0
 40
0.0
 40
1.0
 40
2.0
 40
2.0
 40
2.0
 10
25.02453519063803
 20
40.96706147910139
 30
0.0
 10
25.05311415258555
 20
40.77698382059411
 30
0.0
 10
24.94479577201528
 20
40.34031074291217
 30
0.0
 10
24.79956676072527
 20
40.10731161340218
 30
0.0
  0
SPLINE
  5
601
330
70
100
AcDbEntity
  8
0
100
AcDbSpline
210
0.0
220
0.0
230
1.0
 70
     8
 71
     2
 72
     7
 73
     4
 74
     0
 42
0.000000001
 43
0.0000000001
 40
0.0
 40
0.0
 40
0.0
 40
1.0
 40
2.0
 40
2.0
 40
2.0
 10
24.79956676072527
 20
40.10731161340218
 30
0.0
 10
24.65810993154669
 20
39.880364409334
 30
0.0
 10
24.31396328488285
 20
39.58438139886071
 30
0.0
 10
24.12769889364585
 20
39.52821620530916
 30
0.0
  0
SPLINE
  5
602
330
70
100
AcDbEntity
  8
0
100
AcDbSpline
210
0.0
220
0.0
230
1.0
 70
     8
 71
     2
 72
     7
 73
     4
 74
     0
 42
0.000000001
 43
0.0000000001
 40
0.0
 40
0.0
 40
0.0
 40
1.0
 40
2.0
 40
2.0
 40
2.0
 10
24.12769889364585
 20
39.52821620530916
 30
0.0
 10
23.93161039485558
 20
39.46977126842721
 30
0.0
 10
23.55017140811993
 20
39.53525894796924
 30
0.0
 10
23.36710066350494
 20
39.64936745683996
 30
0.0
  0
SPLINE
  5
603
330
70
100
AcDbEntity
  8
0
100
AcDbSpline
210
0.0
220
0.0
230
1.0
 70
     8
 71
     2
 72
     7
 73
     4
 74
     0
 42
0.000000001
 43
0.0000000001
 40
0.0
 40
0.0
 40
0.0
 40
1.0
 40
2.0
 40
2.0
 40
2.0
 10
23.36710066350494
 20
39.64936745683996
 30
0.0
 10
23.17797799344813
 20
39.7672481478221
 30
0.0
 10
22.95554059122508
 20
40.08446066903218
 30
0.0
 10
22.92336573072405
 20
40.27888044548348
 30
0.0
  0
SPLINE
  5
604
330
70
100
AcDbEntity
  8
0
100
AcDbSpline
210
0.0
220
0.0
230
1.0
 70
     8
 71
     2
 72
     7
 73
     4
 74
     0
 42
0.000000001
 43
0.0000000001
 40
0.0
 40
0.0
 40
0.0
 40
1.0
 40
2.0
 40
2.0
 40
2.0
 10
22.92336573072405
 20
40.27888044548348
 30
0.0
 10
22.89327378741607
 20
40.4699011495186
 30
0.0
 10
23.00556117623511
 20
40.90620111750529
 30
0.0
 10
23.1489040964694
 20
41.13617428429437
 30
0.0
  0
SPLINE
  5
605
330
70
100
AcDbEntity
  8
0
100
AcDbSpline
210
0.0
220
0.0
230
1.0
 70
     8
 71
     2
 72
     7
 73
     4
 74
     0
 42
0.000000001
 43
0.0000000001
 40
0.0
 40
0.0
 40
0.0
 40
1.0
 40
2.0
 40
2.0
 40
2.0
 10
23.1489040964694
 20
41.13617428429437
 30
0.0
 10
23.29507615328727
 20
41.37068639516482
 30
0.0
 10
23.63413446261656
 20
41.65513549058708
 30
0.0
 10
23.8217150090767
 20
41.71678267374786
 30
0.0
  0
SPLINE
  5
606
330
70
100
AcDbEntity
  8
0
100
AcDbSpline
210
0.0
220
0.0
230
1.0
 70
     8
 71
     2
 72
     7
 73
     4
 74
     0
 42
0.000000001
 43
0.0000000001
 40
0.0
 40
0.0
 40
0.0
 40
1.0
 40
2.0
 40
2.0
 40
2.0
 10
23.8217150090767
 20
41.71678267374786
 30
0.0
 10
24.00797940031371
 20
41.77294786729941
 30
0.0
 10
24.39224752363293
 20
41.71199913183875
 30
0.0
 10
24.57985721232928
 20
41.59506148638445
 30
0.0
  0
SPLINE
  5
607
330
70
100
AcDbEntity
  8
0
100
AcDbSpline
210
0.0
220
0.0
230
1.0
 70
     8
 71
     2
 72
     7
 73
     4
 74
     0
 42
0.000000001
 43
0.0000000001
 40
0.0
 40
0.0
 40
0.0
 40
1.0
 40
2.0
 40
2.0
 40
2.0
 10
27.5921960906852
 20
38.07011664495782
 30
0.0
 10
27.46233008578553
 20
38.00017886069758
 30
0.0
 10
27.16739741583645
 20
37.98192977998686
 30
0.0
 10
26.97223198435598
 20
38.03865329897331
 30
0.0
  0
SPLINE
  5
608
330
70
100
AcDbEntity
  8
0
100
AcDbSpline
210
0.0
220
0.0
230
1.0
 70
     8
 71
     2
 72
     7
 73
     4
 74
     0
 42
0.000000001
 43
0.0000000001
 40
0.0
 40
0.0
 40
0.0
 40
1.0
 40
2.0
 40
2.0
 40
2.0
 10
26.97223198435598
 20
38.03865329897331
 30
0.0
 10
26.78562644022113
 20
38.09288894432
 30
0.0
 10
26.53664784971578
 20
38.27107876598834
 30
0.0
 10
26.46742689346877
 20
38.39702324122179
 30
0.0
  0
SPLINE
  5
609
330
70
100
AcDbEntity
  8
0
100
AcDbSpline
210
0.0
220
0.0
230
1.0
 70
     8
 71
     2
 72
     7
 73
     4
 74
     0
 42
0.000000001
 43
0.0000000001
 40
0.0
 40
0.0
 40
0.0
 40
1.0
 40
2.0
 40
2.0
 40
2.0
 10
26.46742689346877
 20
38.39702324122179
 30
0.0
 10
26.3879931405644
 20
38.53893215656275
 30
0.0
 10
26.38682178573189
 20
38.87345956158704
 30
0.0
 10
26.45250164982146
 20
39.09944058751179
 30
0.0
  0
SPLINE
  5
60A
330
70
100
AcDbEntity
  8
0
100
AcDbSpline
210
0.0
220
0.0
230
1.0
 70
     8
 71
     2
 72
     7
 73
     4
 74
     0
 42
0.000000001
 43
0.0000000001
 40
0.0
 40
0.0
 40
0.0
 40
1.0
 40
2.0
 40
2.0
 40
2.0
 10
26.73326595475828
 20
39.01783833212779
 30
0.0
 10
26.69047452815448
 20
38.87060826978287
 30
0.0
 10
26.67041936403292
 20
38.66107223934921
 30
0.0
 10
26.70010465336215
 20
38.56518448173375
 30
0.0
  0
SPLINE
  5
60B
330
70
100
AcDbEntity
  8
0
100
AcDbSpline
210
0.0
220
0.0
230
1.0
 70
     8
 71
     2
 72
     7
 73
     4
 74
     0
 42
0.000000001
 43
0.0000000001
 40
0.0
 40
0.0
 40
0.0
 40
1.0
 40
2.0
 40
2.0
 40
2.0
 10
26.70010465336215
 20
38.56518448173375
 30
0.0
 10
26.73172117344578
 20
38.46316564225501
 30
0.0
 10
26.90151029380074
 20
38.31913127234308
 30
0.0
 10
27.04189244626916
 20
38.27833014465108
 30
0.0
  0
SPLINE
  5
60C
330
70
100
AcDbEntity
  8
0
100
AcDbSpline
210
0.0
220
0.0
230
1.0
 70
     8
 71
     2
 72
     7
 73
     4
 74
     0
 42
0.000000001
 43
0.0000000001
 40
0.0
 40
0.0
 40
0.0
 40
1.0
 40
2.0
 40
2.0
 40
2.0
 10
27.04189244626916
 20
38.27833014465108
 30
0.0
 10
27.17371471139193
 20
38.24001689059884
 30
0.0
 10
27.40452831881269
 20
38.26761877417017
 30
0.0
 10
27.48590231169144
 20
38.33679768160412
 30
0.0
  0
SPLINE
  5
60D
330
70
100
AcDbEntity
  8
0
100
AcDbSpline
210
0.0
220
0.0
230
1.0
 70
     8
 71
     2
 72
     7
 73
     4
 74
     0
 42
0.000000001
 43
0.0000000001
 40
0.0
 40
0.0
 40
0.0
 40
1.0
 40
2.0
 40
2.0
 40
2.0
 10
27.48590231169144
 20
38.33679768160412
 30
0.0
 10
27.56235962544808
 20
38.40183580608659
 30
0.0
 10
27.65724422348327
 20
38.58776657102127
 30
0.0
 10
27.69854292590322
 20
38.72986070095882
 30
0.0
  0
SPLINE
  5
60E
330
70
100
AcDbEntity
  8
0
100
AcDbSpline
210
0.0
220
0.0
230
1.0
 70
     8
 71
     2
 72
     7
 73
     4
 74
     0
 42
0.000000001
 43
0.0000000001
 40
0.0
 40
0.0
 40
0.0
 40
1.0
 40
2.0
 40
2.0
 40
2.0
 10
27.98129752975186
 20
38.65510635545131
 30
0.0
 10
27.91711038984614
 20
38.43426126193394
 30
0.0
 10
27.73653381150851
 20
38.14513129346803
 30
0.0
 10
27.5921960906852
 20
38.07011664495782
 30
0.0
  0
CIRCLE
  5
60F
330
70
100
AcDbEntity
  8
0
100
AcDbCircle
 10
31.0
 20
66.89357503463523
 30
0.0
 40
1.599999999999999
  0
SPLINE
  5
610
330
70
100
AcDbEntity
  8
0
100
AcDbSpline
210
0.0
220
0.0
230
1.0
 70
     8
 71
     2
 72
     7
 73
     4
 74
     0
 42
0.000000001
 43
0.0000000001
 40
0.0
 40
0.0
 40
0.0
 40
1.0
 40
2.0
 40
2.0
 40
2.0
 10
26.40150717317594
 20
15.89603484292796
 30
0.0
 10
26.40192983019416
 20
15.75344329411565
 30
0.0
 10
26.29844710564333
 20
15.48605090277591
 30
0.0
 10
26.16287171459874
 20
15.33703778583721
 30
0.0
  0
SPLINE
  5
611
330
70
100
AcDbEntity
  8
0
100
AcDbSpline
210
0.0
220
0.0
230
1.0
 70
     8
 71
     2
 72
     7
 73
     4
 74
     0
 42
0.000000001
 43
0.0000000001
 40
0.0
 40
0.0
 40
0.0
 40
1.0
 40
2.0
 40
2.0
 40
2.0
 10
26.16287171459874
 20
15.33703778583721
 30
0.0
 10
26.00210089689984
 20
15.16033196575061
 30
0.0
 10
25.70269463083832
 20
14.9796041419809
 30
0.0
 10
25.55036470044673
 20
14.91814331840454
 30
0.0
  0
SPLINE
  5
612
330
70
100
AcDbEntity
  8
0
100
AcDbSpline
210
0.0
220
0.0
230
1.0
 70
     8
 71
     2
 72
     7
 73
     4
 74
     0
 42
0.000000001
 43
0.0000000001
 40
0.0
 40
0.0
 40
0.0
 40
1.0
 40
2.0
 40
2.0
 40
2.0
 10
25.29310985622695
 20
15.18112285785985
 30
0.0
 10
25.49051342757166
 20
15.1967541211576
 30
0.0
 10
25.84723959559815
 20
15.36630594526988
 30
0.0
 10
25.96121890665334
 20
15.49158245951038
 30
0.0
  0
SPLINE
  5
613
330
70
100
AcDbEntity
  8
0
100
AcDbSpline
210
0.0
220
0.0
230
1.0
 70
     8
 71
     2
 72
     7
 73
     4
 74
     0
 42
0.000000001
 43
0.0000000001
 40
0.0
 40
0.0
 40
0.0
 40
1.0
 40
2.0
 40
2.0
 40
2.0
 10
25.96121890665334
 20
15.49158245951038
 30
0.0
 10
26.1243892887955
 20
15.67092567989678
 30
0.0
 10
26.14214590066386
 20
15.98980039177746
 30
0.0
 10
26.01950678672317
 20
16.10138013838939
 30
0.0
  0
SPLINE
  5
614
330
70
100
AcDbEntity
  8
0
100
AcDbSpline
210
0.0
220
0.0
230
1.0
 70
     8
 71
     2
 72
     7
 73
     4
 74
     0
 42
0.000000001
 43
0.0000000001
 40
0.0
 40
0.0
 40
0.0
 40
1.0
 40
2.0
 40
2.0
 40
2.0
 10
26.01950678672317
 20
16.10138013838939
 30
0.0
 10
25.92192297563058
 20
16.19016402279027
 30
0.0
 10
25.71301845966051
 20
16.20427887623786
 30
0.0
 10
25.58790556070377
 20
16.12769655549334
 30
0.0
  0
SPLINE
  5
615
330
70
100
AcDbEntity
  8
0
100
AcDbSpline
210
0.0
220
0.0
230
1.0
 70
     8
 71
     2
 72
     7
 73
     4
 74
     0
 42
0.000000001
 43
0.0000000001
 40
0.0
 40
0.0
 40
0.0
 40
1.0
 40
2.0
 40
2.0
 40
2.0
 10
25.58790556070377
 20
16.12769655549334
 30
0.0
 10
25.49841877167225
 20
16.07172716249517
 30
0.0
 10
25.35542805731927
 20
15.97284585713061
 30
0.0
 10
25.24650691688508
 20
15.90081422647712
 30
0.0
  0
SPLINE
  5
616
330
70
100
AcDbEntity
  8
0
100
AcDbSpline
210
0.0
220
0.0
230
1.0
 70
     8
 71
     2
 72
     7
 73
     4
 74
     0
 42
0.000000001
 43
0.0000000001
 40
0.0
 40
0.0
 40
0.0
 40
1.0
 40
2.0
 40
2.0
 40
2.0
 10
25.24650691688508
 20
15.90081422647712
 30
0.0
 10
25.14730295215223
 20
15.83681371465129
 30
0.0
 10
24.95887124012235
 20
15.7648138928147
 30
0.0
 10
24.85801302733273
 20
15.76257565805558
 30
0.0
  0
SPLINE
  5
617
330
70
100
AcDbEntity
  8
0
100
AcDbSpline
210
0.0
220
0.0
230
1.0
 70
     8
 71
     2
 72
     7
 73
     4
 74
     0
 42
0.000000001
 43
0.0000000001
 40
0.0
 40
0.0
 40
0.0
 40
1.0
 40
2.0
 40
2.0
 40
2.0
 10
24.85801302733273
 20
15.76257565805558
 30
0.0
 10
24.75835459676476
 20
15.76165612344636
 30
0.0
 10
24.56290672696715
 20
15.83824676153025
 30
0.0
 10
24.46796031617435
 20
15.92463108148787
 30
0.0
  0
SPLINE
  5
618
330
70
100
AcDbEntity
  8
0
100
AcDbSpline
210
0.0
220
0.0
230
1.0
 70
     8
 71
     2
 72
     7
 73
     4
 74
     0
 42
0.000000001
 43
0.0000000001
 40
0.0
 40
0.0
 40
0.0
 40
1.0
 40
2.0
 40
2.0
 40
2.0
 10
24.46796031617435
 20
15.92463108148787
 30
0.0
 10
24.27015529368935
 20
16.1045984147329
 30
0.0
 10
24.28320820312191
 20
16.65673004080112
 30
0.0
 10
24.50036878523759
 20
16.89541476793301
 30
0.0
  0
SPLINE
  5
619
330
70
100
AcDbEntity
  8
0
100
AcDbSpline
210
0.0
220
0.0
230
1.0
 70
     8
 71
     2
 72
     7
 73
     4
 74
     0
 42
0.000000001
 43
0.0000000001
 40
0.0
 40
0.0
 40
0.0
 40
1.0
 40
2.0
 40
2.0
 40
2.0
 10
24.50036878523759
 20
16.89541476793301
 30
0.0
 10
24.62514613628748
 20
17.03255958352261
 30
0.0
 10
24.89997277121395
 20
17.22600934001723
 30
0.0
 10
25.04618487256911
 20
17.28339514521562
 30
0.0
  0
SPLINE
  5
61A
330
70
100
AcDbEntity
  8
0
100
AcDbSpline
210
0.0
220
0.0
230
1.0
 70
     8
 71
     2
 72
     7
 73
     4
 74
     0
 42
0.000000001
 43
0.0000000001
 40
0.0
 40
0.0
 40
0.0
 40
1.0
 40
2.0
 40
2.0
 40
2.0
 10
25.2902527152899
 20
17.03241342797664
 30
0.0
 10
25.14825575611892
 20
17.01939835910076
 30
0.0
 10
24.82199981534634
 20
16.87274010924985
 30
0.0
 10
24.70082181096135
 20
16.73955139410995
 30
0.0
  0
SPLINE
  5
61B
330
70
100
AcDbEntity
  8
0
100
AcDbSpline
210
0.0
220
0.0
230
1.0
 70
     8
 71
     2
 72
     7
 73
     4
 74
     0
 42
0.000000001
 43
0.0000000001
 40
0.0
 40
0.0
 40
0.0
 40
1.0
 40
2.0
 40
2.0
 40
2.0
 10
24.70082181096135
 20
16.73955139410995
 30
0.0
 10
24.56404663769513
 20
16.58921957702135
 30
0.0
 10
24.5359782604841
 20
16.27490615817066
 30
0.0
 10
24.65070517352539
 20
16.17052510488854
 30
0.0
  0
SPLINE
  5
61C
330
70
100
AcDbEntity
  8
0
100
AcDbSpline
210
0.0
220
0.0
230
1.0
 70
     8
 71
     2
 72
     7
 73
     4
 74
     0
 42
0.000000001
 43
0.0000000001
 40
0.0
 40
0.0
 40
0.0
 40
1.0
 40
2.0
 40
2.0
 40
2.0
 10
24.65070517352539
 20
16.17052510488854
 30
0.0
 10
24.75356378521759
 20
16.07694209160112
 30
0.0
 10
24.97578482355388
 20
16.07481445743089
 30
0.0
 10
25.09706053998919
 20
16.15247764246879
 30
0.0
  0
SPLINE
  5
61D
330
70
100
AcDbEntity
  8
0
100
AcDbSpline
210
0.0
220
0.0
230
1.0
 70
     8
 71
     2
 72
     7
 73
     4
 74
     0
 42
0.000000001
 43
0.0000000001
 40
0.0
 40
0.0
 40
0.0
 40
1.0
 40
2.0
 40
2.0
 40
2.0
 10
25.09706053998919
 20
16.15247764246879
 30
0.0
 10
25.17791101761274
 20
16.20425309916072
 30
0.0
 10
25.40655133847581
 20
16.36018466181681
 30
0.0
 10
25.48632095180599
 20
16.40812293598731
 30
0.0
  0
SPLINE
  5
61E
330
70
100
AcDbEntity
  8
0
100
AcDbSpline
210
0.0
220
0.0
230
1.0
 70
     8
 71
     2
 72
     7
 73
     4
 74
     0
 42
0.000000001
 43
0.0000000001
 40
0.0
 40
0.0
 40
0.0
 40
1.0
 40
2.0
 40
2.0
 40
2.0
 10
25.48632095180599
 20
16.40812293598731
 30
0.0
 10
25.69012259979955
 20
16.52880634838089
 30
0.0
 10
26.03873282548661
 20
16.49604715727262
 30
0.0
 10
26.19038334272512
 20
16.35807220178476
 30
0.0
  0
SPLINE
  5
61F
330
70
100
AcDbEntity
  8
0
100
AcDbSpline
210
0.0
220
0.0
230
1.0
 70
     8
 71
     2
 72
     7
 73
     4
 74
     0
 42
0.000000001
 43
0.0000000001
 40
0.0
 40
0.0
 40
0.0
 40
1.0
 40
2.0
 40
2.0
 40
2.0
 10
26.19038334272512
 20
16.35807220178476
 30
0.0
 10
26.2866484536678
 20
16.27048809960551
 30
0.0
 10
26.40047932357742
 20
16.02471527973271
 30
0.0
 10
26.40150717317594
 20
15.89603484292796
 30
0.0
  0
SPLINE
  5
620
330
70
100
AcDbEntity
  8
0
100
AcDbSpline
210
0.0
220
0.0
230
1.0
 70
     8
 71
     2
 72
     7
 73
     4
 74
     0
 42
0.000000001
 43
0.0000000001
 40
0.0
 40
0.0
 40
0.0
 40
1.0
 40
2.0
 40
2.0
 40
2.0
 10
22.6875161455393
 20
15.20978572157924
 30
0.0
 10
22.83873020991091
 20
15.32313183950802
 30
0.0
 10
23.06732051101941
 20
15.44323156953885
 30
0.0
 10
23.20495684250207
 20
15.45282125785737
 30
0.0
  0
SPLINE
  5
621
330
70
100
AcDbEntity
  8
0
100
AcDbSpline
210
0.0
220
0.0
230
1.0
 70
     8
 71
     2
 72
     7
 73
     4
 74
     0
 42
0.000000001
 43
0.0000000001
 40
0.0
 40
0.0
 40
0.0
 40
1.0
 40
2.0
 40
2.0
 40
2.0
 10
23.20495684250207
 20
15.45282125785737
 30
0.0
 10
23.34259317398474
 20
15.46241094617589
 30
0.0
 10
23.58966295017852
 20
15.35573091232663
 30
0.0
 10
23.69338534111335
 20
15.21735577794884
 30
0.0
  0
SPLINE
  5
622
330
70
100
AcDbEntity
  8
0
100
AcDbSpline
210
0.0
220
0.0
230
1.0
 70
     8
 71
     2
 72
     7
 73
     4
 74
     0
 42
0.000000001
 43
0.0000000001
 40
0.0
 40
0.0
 40
0.0
 40
1.0
 40
2.0
 40
2.0
 40
2.0
 10
23.69338534111335
 20
15.21735577794884
 30
0.0
 10
23.83774124602264
 20
15.02477182804161
 30
0.0
 10
23.83656010166117
 20
14.61614977092675
 30
0.0
 10
23.71527679593492
 20
14.42720391481405
 30
0.0
  0
SPLINE
  5
623
330
70
100
AcDbEntity
  8
0
100
AcDbSpline
210
0.0
220
0.0
230
1.0
 70
     8
 71
     2
 72
     7
 73
     4
 74
     0
 42
0.000000001
 43
0.0000000001
 40
0.0
 40
0.0
 40
0.0
 40
1.0
 40
2.0
 40
2.0
 40
2.0
 10
5.556929950066993
 20
18.08884438017494
 30
0.0
 10
5.685735967017691
 20
17.90480622666653
 30
0.0
 10
5.763699918726419
 20
17.51980117507638
 30
0.0
 10
5.719869816023126
 20
17.33679842837247
 30
0.0
  0
SPLINE
  5
624
330
70
100
AcDbEntity
  8
0
100
AcDbSpline
210
0.0
220
0.0
230
1.0
 70
     8
 71
     2
 72
     7
 73
     4
 74
     0
 42
0.000000001
 43
0.0000000001
 40
0.0
 40
0.0
 40
0.0
 40
1.0
 40
2.0
 40
2.0
 40
2.0
 10
5.719869816023126
 20
17.33679842837247
 30
0.0
 10
5.671657852522016
 20
17.15072887174116
 30
0.0
 10
5.400846046808811
 20
16.79145569680606
 30
0.0
 10
5.175910525854097
 20
16.63402612053299
 30
0.0
  0
SPLINE
  5
625
330
70
100
AcDbEntity
  8
0
100
AcDbSpline
210
0.0
220
0.0
230
1.0
 70
     8
 71
     2
 72
     7
 73
     4
 74
     0
 42
0.000000001
 43
0.0000000001
 40
0.0
 40
0.0
 40
0.0
 40
1.0
 40
2.0
 40
2.0
 40
2.0
 10
5.175910525854097
 20
16.63402612053299
 30
0.0
 10
4.956817485963145
 20
16.48068562416311
 30
0.0
 10
4.524194243179056
 20
16.34328116025534
 30
0.0
 10
4.330819943114456
 20
16.36461968138746
 30
0.0
  0
SPLINE
  5
626
330
70
100
AcDbEntity
  8
0
100
AcDbSpline
210
0.0
220
0.0
230
1.0
 70
     8
 71
     2
 72
     7
 73
     4
 74
     0
 42
0.000000001
 43
0.0000000001
 40
0.0
 40
0.0
 40
0.0
 40
1.0
 40
2.0
 40
2.0
 40
2.0
 10
4.330819943114456
 20
16.36461968138746
 30
0.0
 10
4.127514082082908
 20
16.38771160368015
 30
0.0
 10
3.802266955140218
 20
16.59747013911851
 30
0.0
 10
3.67857228806852
 20
16.77420519129721
 30
0.0
  0
SPLINE
  5
627
330
70
100
AcDbEntity
  8
0
100
AcDbSpline
210
0.0
220
0.0
230
1.0
 70
     8
 71
     2
 72
     7
 73
     4
 74
     0
 42
0.000000001
 43
0.0000000001
 40
0.0
 40
0.0
 40
0.0
 40
1.0
 40
2.0
 40
2.0
 40
2.0
 10
3.67857228806852
 20
16.77420519129721
 30
0.0
 10
3.550788541093621
 20
16.95678272453968
 30
0.0
 10
3.470487268538664
 20
17.33579972567055
 30
0.0
 10
3.517093042378323
 20
17.52727341307548
 30
0.0
  0
SPLINE
  5
628
330
70
100
AcDbEntity
  8
0
100
AcDbSpline
210
0.0
220
0.0
230
1.0
 70
     8
 71
     2
 72
     7
 73
     4
 74
     0
 42
0.000000001
 43
0.0000000001
 40
0.0
 40
0.0
 40
0.0
 40
1.0
 40
2.0
 40
2.0
 40
2.0
 10
3.517093042378323
 20
17.52727341307548
 30
0.0
 10
3.564282735903643
 20
17.71480358997273
 30
0.0
 10
3.838599701834377
 20
18.07217779435175
 30
0.0
 10
4.060613982257215
 20
18.22756283067322
 30
0.0
  0
SPLINE
  5
629
330
70
100
AcDbEntity
  8
0
100
AcDbSpline
210
0.0
220
0.0
230
1.0
 70
     8
 71
     2
 72
     7
 73
     4
 74
     0
 42
0.000000001
 43
0.0000000001
 40
0.0
 40
0.0
 40
0.0
 40
1.0
 40
2.0
 40
2.0
 40
2.0
 10
4.060613982257215
 20
18.22756283067322
 30
0.0
 10
4.28701012347787
 20
18.38601467692209
 30
0.0
 10
4.710431294376178
 20
18.51480263073333
 30
0.0
 10
4.907165185262791
 20
18.49799153979454
 30
0.0
  0
SPLINE
  5
62A
330
70
100
AcDbEntity
  8
0
100
AcDbSpline
210
0.0
220
0.0
230
1.0
 70
     8
 71
     2
 72
     7
 73
     4
 74
     0
 42
0.000000001
 43
0.0000000001
 40
0.0
 40
0.0
 40
0.0
 40
1.0
 40
2.0
 40
2.0
 40
2.0
 10
4.907165185262791
 20
18.49799153979454
 30
0.0
 10
5.100539485327391
 20
18.47665301866241
 30
0.0
 10
5.430168473067897
 20
18.26996129315146
 30
0.0
 10
5.556929950066993
 20
18.08884438017494
 30
0.0
  0
SPLINE
  5
62B
330
70
100
AcDbEntity
  8
0
100
AcDbSpline
210
0.0
220
0.0
230
1.0
 70
     8
 71
     2
 72
     7
 73
     4
 74
     0
 42
0.000000001
 43
0.0000000001
 40
0.0
 40
0.0
 40
0.0
 40
1.0
 40
2.0
 40
2.0
 40
2.0
 10
9.079857212329262
 20
14.74827396906682
 30
0.0
 10
9.270492863746531
 20
14.62945023255682
 30
0.0
 10
9.493127092106909
 20
14.30581267620967
 30
0.0
 10
9.524535190638005
 20
14.12027396178375
 30
0.0
  0
SPLINE
  5
62C
330
70
100
AcDbEntity
  8
0
100
AcDbSpline
210
0.0
220
0.0
230
1.0
 70
     8
 71
     2
 72
     7
 73
     4
 74
     0
 42
0.000000001
 43
0.0000000001
 40
0.0
 40
0.0
 40
0.0
 40
1.0
 40
2.0
 40
2.0
 40
2.0
 10
9.524535190638005
 20
14.12027396178375
 30
0.0
 10
9.553114152585532
 20
13.93019630327648
 30
0.0
 10
9.444795772015254
 20
13.49352322559454
 30
0.0
 10
9.299566760725248
 20
13.26052409608455
 30
0.0
  0
SPLINE
  5
62D
330
70
100
AcDbEntity
  8
0
100
AcDbSpline
210
0.0
220
0.0
230
1.0
 70
     8
 71
     2
 72
     7
 73
     4
 74
     0
 42
0.000000001
 43
0.0000000001
 40
0.0
 40
0.0
 40
0.0
 40
1.0
 40
2.0
 40
2.0
 40
2.0
 10
9.299566760725248
 20
13.26052409608455
 30
0.0
 10
9.158109931546668
 20
13.03357689201637
 30
0.0
 10
8.813963284882827
 20
12.73759388154307
 30
0.0
 10
8.627698893645817
 20
12.68142868799152
 30
0.0
  0
SPLINE
  5
62E
330
70
100
AcDbEntity
  8
0
100
AcDbSpline
210
0.0
220
0.0
230
1.0
 70
     8
 71
     2
 72
     7
 73
     4
 74
     0
 42
0.000000001
 43
0.0000000001
 40
0.0
 40
0.0
 40
0.0
 40
1.0
 40
2.0
 40
2.0
 40
2.0
 10
8.627698893645817
 20
12.68142868799152
 30
0.0
 10
8.43161039485555
 20
12.62298375110958
 30
0.0
 10
8.050171408119908
 20
12.6884714306516
 30
0.0
 10
7.867100663504911
 20
12.80257993952233
 30
0.0
  0
SPLINE
  5
62F
330
70
100
AcDbEntity
  8
0
100
AcDbSpline
210
0.0
220
0.0
230
1.0
 70
     8
 71
     2
 72
     7
 73
     4
 74
     0
 42
0.000000001
 43
0.0000000001
 40
0.0
 40
0.0
 40
0.0
 40
1.0
 40
2.0
 40
2.0
 40
2.0
 10
7.867100663504911
 20
12.80257993952233
 30
0.0
 10
7.677977993448097
 20
12.92046063050447
 30
0.0
 10
7.455540591225058
 20
13.23767315171455
 30
0.0
 10
7.423365730724027
 20
13.43209292816585
 30
0.0
  0
SPLINE
  5
630
330
70
100
AcDbEntity
  8
0
100
AcDbSpline
210
0.0
220
0.0
230
1.0
 70
     8
 71
     2
 72
     7
 73
     4
 74
     0
 42
0.000000001
 43
0.0000000001
 40
0.0
 40
0.0
 40
0.0
 40
1.0
 40
2.0
 40
2.0
 40
2.0
 10
7.423365730724027
 20
13.43209292816585
 30
0.0
 10
7.393273787416045
 20
13.62311363220098
 30
0.0
 10
7.505561176235087
 20
14.05941360018766
 30
0.0
 10
7.648904096469379
 20
14.28938676697674
 30
0.0
  0
SPLINE
  5
631
330
70
100
AcDbEntity
  8
0
100
AcDbSpline
210
0.0
220
0.0
230
1.0
 70
     8
 71
     2
 72
     7
 73
     4
 74
     0
 42
0.000000001
 43
0.0000000001
 40
0.0
 40
0.0
 40
0.0
 40
1.0
 40
2.0
 40
2.0
 40
2.0
 10
7.648904096469379
 20
14.28938676697674
 30
0.0
 10
7.795076153287245
 20
14.52389887784719
 30
0.0
 10
8.13413446261654
 20
14.80834797326945
 30
0.0
 10
8.321715009076671
 20
14.86999515643022
 30
0.0
  0
SPLINE
  5
632
330
70
100
AcDbEntity
  8
0
100
AcDbSpline
210
0.0
220
0.0
230
1.0
 70
     8
 71
     2
 72
     7
 73
     4
 74
     0
 42
0.000000001
 43
0.0000000001
 40
0.0
 40
0.0
 40
0.0
 40
1.0
 40
2.0
 40
2.0
 40
2.0
 10
8.321715009076671
 20
14.86999515643022
 30
0.0
 10
8.507979400313686
 20
14.92616034998178
 30
0.0
 10
8.892247523632903
 20
14.86521161452112
 30
0.0
 10
9.079857212329262
 20
14.74827396906682
 30
0.0
  0
SPLINE
  5
633
330
70
100
AcDbEntity
  8
0
100
AcDbSpline
210
0.0
220
0.0
230
1.0
 70
     8
 71
     2
 72
     7
 73
     4
 74
     0
 42
0.000000001
 43
0.0000000001
 40
0.0
 40
0.0
 40
0.0
 40
1.0
 40
2.0
 40
2.0
 40
2.0
 10
12.09219609068518
 20
11.22332912764018
 30
0.0
 10
11.96233008578551
 20
11.15339134337994
 30
0.0
 10
11.66739741583642
 20
11.13514226266922
 30
0.0
 10
11.47223198435595
 20
11.19186578165566
 30
0.0
  0
SPLINE
  5
634
330
70
100
AcDbEntity
  8
0
100
AcDbSpline
210
0.0
220
0.0
230
1.0
 70
     8
 71
     2
 72
     7
 73
     4
 74
     0
 42
0.000000001
 43
0.0000000001
 40
0.0
 40
0.0
 40
0.0
 40
1.0
 40
2.0
 40
2.0
 40
2.0
 10
11.47223198435595
 20
11.19186578165566
 30
0.0
 10
11.28562644022111
 20
11.24610142700235
 30
0.0
 10
11.03664784971576
 20
11.4242912486707
 30
0.0
 10
10.96742689346874
 20
11.55023572390415
 30
0.0
  0
SPLINE
  5
635
330
70
100
AcDbEntity
  8
0
100
AcDbSpline
210
0.0
220
0.0
230
1.0
 70
     8
 71
     2
 72
     7
 73
     4
 74
     0
 42
0.000000001
 43
0.0000000001
 40
0.0
 40
0.0
 40
0.0
 40
1.0
 40
2.0
 40
2.0
 40
2.0
 10
10.96742689346874
 20
11.55023572390415
 30
0.0
 10
10.88799314056437
 20
11.69214463924511
 30
0.0
 10
10.88682178573187
 20
12.02667204426939
 30
0.0
 10
10.95250164982143
 20
12.25265307019415
 30
0.0
  0
SPLINE
  5
636
330
70
100
AcDbEntity
  8
0
100
AcDbSpline
210
0.0
220
0.0
230
1.0
 70
     8
 71
     2
 72
     7
 73
     4
 74
     0
 42
0.000000001
 43
0.0000000001
 40
0.0
 40
0.0
 40
0.0
 40
1.0
 40
2.0
 40
2.0
 40
2.0
 10
11.23326595475826
 20
12.17105081481015
 30
0.0
 10
11.19047452815445
 20
12.02382075246523
 30
0.0
 10
11.1704193640329
 20
11.81428472203156
 30
0.0
 10
11.20010465336212
 20
11.71839696441611
 30
0.0
  0
SPLINE
  5
637
330
70
100
AcDbEntity
  8
0
100
AcDbSpline
210
0.0
220
0.0
230
1.0
 70
     8
 71
     2
 72
     7
 73
     4
 74
     0
 42
0.000000001
 43
0.0000000001
 40
0.0
 40
0.0
 40
0.0
 40
1.0
 40
2.0
 40
2.0
 40
2.0
 10
11.20010465336212
 20
11.71839696441611
 30
0.0
 10
11.23172117344575
 20
11.61637812493737
 30
0.0
 10
11.40151029380071
 20
11.47234375502544
 30
0.0
 10
11.54189244626913
 20
11.43154262733344
 30
0.0
  0
SPLINE
  5
638
330
70
100
AcDbEntity
  8
0
100
AcDbSpline
210
0.0
220
0.0
230
1.0
 70
     8
 71
     2
 72
     7
 73
     4
 74
     0
 42
0.000000001
 43
0.0000000001
 40
0.0
 40
0.0
 40
0.0
 40
1.0
 40
2.0
 40
2.0
 40
2.0
 10
11.54189244626913
 20
11.43154262733344
 30
0.0
 10
11.6737147113919
 20
11.39322937328119
 30
0.0
 10
11.90452831881266
 20
11.42083125685252
 30
0.0
 10
11.98590231169141
 20
11.49001016428648
 30
0.0
  0
SPLINE
  5
639
330
70
100
AcDbEntity
  8
0
100
AcDbSpline
210
0.0
220
0.0
230
1.0
 70
     8
 71
     2
 72
     7
 73
     4
 74
     0
 42
0.000000001
 43
0.0000000001
 40
0.0
 40
0.0
 40
0.0
 40
1.0
 40
2.0
 40
2.0
 40
2.0
 10
11.98590231169141
 20
11.49001016428648
 30
0.0
 10
12.06235962544806
 20
11.55504828876896
 30
0.0
 10
12.15724422348325
 20
11.74097905370363
 30
0.0
 10
12.1985429259032
 20
11.88307318364117
 30
0.0
  0
SPLINE
  5
63A
330
70
100
AcDbEntity
  8
0
100
AcDbSpline
210
0.0
220
0.0
230
1.0
 70
     8
 71
     2
 72
     7
 73
     4
 74
     0
 42
0.000000001
 43
0.0000000001
 40
0.0
 40
0.0
 40
0.0
 40
1.0
 40
2.0
 40
2.0
 40
2.0
 10
12.48129752975183
 20
11.80831883813368
 30
0.0
 10
12.41711038984612
 20
11.5874737446163
 30
0.0
 10
12.23653381150848
 20
11.29834377615039
 30
0.0
 10
12.09219609068518
 20
11.22332912764018
 30
0.0
  0
CIRCLE
  5
63B
330
70
100
AcDbEntity
  8
0
100
AcDbCircle
 10
15.5
 20
40.04678751731761
 30
0.0
 40
1.600000000000001
  0
SPLINE
  5
63C
330
70
100
AcDbEntity
  8
0
100
AcDbSpline
210
0.0
220
0.0
230
1.0
 70
     8
 71
     2
 72
     7
 73
     4
 74
     0
 42
0.000000001
 43
0.0000000001
 40
0.0
 40
0.0
 40
0.0
 40
1.0
 40
2.0
 40
2.0
 40
2.0
 10
10.90150717317593
 20
-10.95075267438963
 30
0.0
 10
10.90192983019415
 20
-11.09334422320194
 30
0.0
 10
10.79844710564332
 20
-11.36073661454169
 30
0.0
 10
10.66287171459872
 20
-11.50974973148038
 30
0.0
  0
SPLINE
  5
63D
330
70
100
AcDbEntity
  8
0
100
AcDbSpline
210
0.0
220
0.0
230
1.0
 70
     8
 71
     2
 72
     7
 73
     4
 74
     0
 42
0.000000001
 43
0.0000000001
 40
0.0
 40
0.0
 40
0.0
 40
1.0
 40
2.0
 40
2.0
 40
2.0
 10
10.66287171459872
 20
-11.50974973148038
 30
0.0
 10
10.50210089689983
 20
-11.68645555156698
 30
0.0
 10
10.20269463083832
 20
-11.8671833753367
 30
0.0
 10
10.05036470044673
 20
-11.92864419891306
 30
0.0
  0
SPLINE
  5
63E
330
70
100
AcDbEntity
  8
0
100
AcDbSpline
210
0.0
220
0.0
230
1.0
 70
     8
 71
     2
 72
     7
 73
     4
 74
     0
 42
0.000000001
 43
0.0000000001
 40
0.0
 40
0.0
 40
0.0
 40
1.0
 40
2.0
 40
2.0
 40
2.0
 10
9.793109856226941
 20
-11.66566465945774
 30
0.0
 10
9.990513427571659
 20
-11.65003339615999
 30
0.0
 10
10.34723959559814
 20
-11.48048157204772
 30
0.0
 10
10.46121890665332
 20
-11.35520505780722
 30
0.0
  0
SPLINE
  5
63F
330
70
100
AcDbEntity
  8
0
100
AcDbSpline
210
0.0
220
0.0
230
1.0
 70
     8
 71
     2
 72
     7
 73
     4
 74
     0
 42
0.000000001
 43
0.0000000001
 40
0.0
 40
0.0
 40
0.0
 40
1.0
 40
2.0
 40
2.0
 40
2.0
 10
10.46121890665332
 20
-11.35520505780722
 30
0.0
 10
10.62438928879549
 20
-11.17586183742082
 30
0.0
 10
10.64214590066386
 20
-10.85698712554013
 30
0.0
 10
10.51950678672316
 20
-10.74540737892821
 30
0.0
  0
SPLINE
  5
640
330
70
100
AcDbEntity
  8
0
100
AcDbSpline
210
0.0
220
0.0
230
1.0
 70
     8
 71
     2
 72
     7
 73
     4
 74
     0
 42
0.000000001
 43
0.0000000001
 40
0.0
 40
0.0
 40
0.0
 40
1.0
 40
2.0
 40
2.0
 40
2.0
 10
10.51950678672316
 20
-10.74540737892821
 30
0.0
 10
10.42192297563056
 20
-10.65662349452733
 30
0.0
 10
10.21301845966051
 20
-10.64250864107974
 30
0.0
 10
10.08790556070376
 20
-10.71909096182426
 30
0.0
  0
SPLINE
  5
641
330
70
100
AcDbEntity
  8
0
100
AcDbSpline
210
0.0
220
0.0
230
1.0
 70
     8
 71
     2
 72
     7
 73
     4
 74
     0
 42
0.000000001
 43
0.0000000001
 40
0.0
 40
0.0
 40
0.0
 40
1.0
 40
2.0
 40
2.0
 40
2.0
 10
10.08790556070376
 20
-10.71909096182426
 30
0.0
 10
9.99841877167225
 20
-10.77506035482242
 30
0.0
 10
9.855428057319262
 20
-10.87394166018698
 30
0.0
 10
9.746506916885074
 20
-10.94597329084048
 30
0.0
  0
SPLINE
  5
642
330
70
100
AcDbEntity
  8
0
100
AcDbSpline
210
0.0
220
0.0
230
1.0
 70
     8
 71
     2
 72
     7
 73
     4
 74
     0
 42
0.000000001
 43
0.0000000001
 40
0.0
 40
0.0
 40
0.0
 40
1.0
 40
2.0
 40
2.0
 40
2.0
 10
9.746506916885074
 20
-10.94597329084048
 30
0.0
 10
9.647302952152227
 20
-11.00997380266631
 30
0.0
 10
9.458871240122338
 20
-11.08197362450289
 30
0.0
 10
9.358013027332731
 20
-11.08421185926201
 30
0.0
  0
SPLINE
  5
643
330
70
100
AcDbEntity
  8
0
100
AcDbSpline
210
0.0
220
0.0
230
1.0
 70
     8
 71
     2
 72
     7
 73
     4
 74
     0
 42
0.000000001
 43
0.0000000001
 40
0.0
 40
0.0
 40
0.0
 40
1.0
 40
2.0
 40
2.0
 40
2.0
 10
9.358013027332731
 20
-11.08421185926201
 30
0.0
 10
9.258354596764757
 20
-11.08513139387124
 30
0.0
 10
9.062906726967145
 20
-11.00854075578734
 30
0.0
 10
8.967960316174345
 20
-10.92215643582973
 30
0.0
  0
SPLINE
  5
644
330
70
100
AcDbEntity
  8
0
100
AcDbSpline
210
0.0
220
0.0
230
1.0
 70
     8
 71
     2
 72
     7
 73
     4
 74
     0
 42
0.000000001
 43
0.0000000001
 40
0.0
 40
0.0
 40
0.0
 40
1.0
 40
2.0
 40
2.0
 40
2.0
 10
8.967960316174345
 20
-10.92215643582973
 30
0.0
 10
8.770155293689349
 20
-10.74218910258469
 30
0.0
 10
8.78320820312191
 20
-10.19005747651648
 30
0.0
 10
9.000368785237586
 20
-9.951372749384583
 30
0.0
  0
SPLINE
  5
645
330
70
100
AcDbEntity
  8
0
100
AcDbSpline
210
0.0
220
0.0
230
1.0
 70
     8
 71
     2
 72
     7
 73
     4
 74
     0
 42
0.000000001
 43
0.0000000001
 40
0.0
 40
0.0
 40
0.0
 40
1.0
 40
2.0
 40
2.0
 40
2.0
 10
9.000368785237586
 20
-9.951372749384583
 30
0.0
 10
9.125146136287476
 20
-9.814227933794988
 30
0.0
 10
9.399972771213956
 20
-9.620778177300369
 30
0.0
 10
9.546184872569106
 20
-9.563392372101979
 30
0.0
  0
SPLINE
  5
646
330
70
100
AcDbEntity
  8
0
100
AcDbSpline
210
0.0
220
0.0
230
1.0
 70
     8
 71
     2
 72
     7
 73
     4
 74
     0
 42
0.000000001
 43
0.0000000001
 40
0.0
 40
0.0
 40
0.0
 40
1.0
 40
2.0
 40
2.0
 40
2.0
 10
9.790252715289899
 20
-9.81437408934096
 30
0.0
 10
9.648255756118921
 20
-9.827389158216845
 30
0.0
 10
9.321999815346341
 20
-9.974047408067754
 30
0.0
 10
9.200821810961352
 20
-10.10723612320765
 30
0.0
  0
SPLINE
  5
647
330
70
100
AcDbEntity
  8
0
100
AcDbSpline
210
0.0
220
0.0
230
1.0
 70
     8
 71
     2
 72
     7
 73
     4
 74
     0
 42
0.000000001
 43
0.0000000001
 40
0.0
 40
0.0
 40
0.0
 40
1.0
 40
2.0
 40
2.0
 40
2.0
 10
9.200821810961352
 20
-10.10723612320765
 30
0.0
 10
9.064046637695128
 20
-10.25756794029625
 30
0.0
 10
9.035978260484093
 20
-10.57188135914694
 30
0.0
 10
9.150705173525391
 20
-10.67626241242906
 30
0.0
  0
SPLINE
  5
648
330
70
100
AcDbEntity
  8
0
100
AcDbSpline
210
0.0
220
0.0
230
1.0
 70
     8
 71
     2
 72
     7
 73
     4
 74
     0
 42
0.000000001
 43
0.0000000001
 40
0.0
 40
0.0
 40
0.0
 40
1.0
 40
2.0
 40
2.0
 40
2.0
 10
9.150705173525391
 20
-10.67626241242906
 30
0.0
 10
9.253563785217586
 20
-10.76984542571648
 30
0.0
 10
9.475784823553873
 20
-10.7719730598867
 30
0.0
 10
9.597060539989193
 20
-10.69430987484881
 30
0.0
  0
SPLINE
  5
649
330
70
100
AcDbEntity
  8
0
100
AcDbSpline
210
0.0
220
0.0
230
1.0
 70
     8
 71
     2
 72
     7
 73
     4
 74
     0
 42
0.000000001
 43
0.0000000001
 40
0.0
 40
0.0
 40
0.0
 40
1.0
 40
2.0
 40
2.0
 40
2.0
 10
9.597060539989193
 20
-10.69430987484881
 30
0.0
 10
9.677911017612736
 20
-10.64253441815688
 30
0.0
 10
9.906551338475804
 20
-10.48660285550079
 30
0.0
 10
9.986320951805982
 20
-10.43866458133029
 30
0.0
  0
SPLINE
  5
64A
330
70
100
AcDbEntity
  8
0
100
AcDbSpline
210
0.0
220
0.0
230
1.0
 70
     8
 71
     2
 72
     7
 73
     4
 74
     0
 42
0.000000001
 43
0.0000000001
 40
0.0
 40
0.0
 40
0.0
 40
1.0
 40
2.0
 40
2.0
 40
2.0
 10
9.986320951805982
 20
-10.43866458133029
 30
0.0
 10
10.19012259979954
 20
-10.31798116893671
 30
0.0
 10
10.53873282548661
 20
-10.35074036004498
 30
0.0
 10
10.6903833427251
 20
-10.48871531553284
 30
0.0
  0
SPLINE
  5
64B
330
70
100
AcDbEntity
  8
0
100
AcDbSpline
210
0.0
220
0.0
230
1.0
 70
     8
 71
     2
 72
     7
 73
     4
 74
     0
 42
0.000000001
 43
0.0000000001
 40
0.0
 40
0.0
 40
0.0
 40
1.0
 40
2.0
 40
2.0
 40
2.0
 10
10.6903833427251
 20
-10.48871531553284
 30
0.0
 10
10.7866484536678
 20
-10.57629941771209
 30
0.0
 10
10.90047932357742
 20
-10.82207223758489
 30
0.0
 10
10.90150717317593
 20
-10.95075267438963
 30
0.0
  0
SPLINE
  5
64C
330
70
100
AcDbEntity
  8
0
100
AcDbSpline
210
0.0
220
0.0
230
1.0
 70
     8
 71
     2
 72
     7
 73
     4
 74
     0
 42
0.000000001
 43
0.0000000001
 40
0.0
 40
0.0
 40
0.0
 40
1.0
 40
2.0
 40
2.0
 40
2.0
 10
7.187516145539301
 20
-11.63700179573835
 30
0.0
 10
7.338730209910901
 20
-11.52365567780958
 30
0.0
 10
7.567320511019404
 20
-11.40355594777874
 30
0.0
 10
7.704956842502075
 20
-11.39396625946022
 30
0.0
  0
SPLINE
  5
64D
330
70
100
AcDbEntity
  8
0
100
AcDbSpline
210
0.0
220
0.0
230
1.0
 70
     8
 71
     2
 72
     7
 73
     4
 74
     0
 42
0.000000001
 43
0.0000000001
 40
0.0
 40
0.0
 40
0.0
 40
1.0
 40
2.0
 40
2.0
 40
2.0
 10
7.704956842502075
 20
-11.39396625946022
 30
0.0
 10
7.842593173984746
 20
-11.3843765711417
 30
0.0
 10
8.089662950178521
 20
-11.49105660499097
 30
0.0
 10
8.193385341113344
 20
-11.62943173936876
 30
0.0
  0
SPLINE
  5
64E
330
70
100
AcDbEntity
  8
0
100
AcDbSpline
210
0.0
220
0.0
230
1.0
 70
     8
 71
     2
 72
     7
 73
     4
 74
     0
 42
0.000000001
 43
0.0000000001
 40
0.0
 40
0.0
 40
0.0
 40
1.0
 40
2.0
 40
2.0
 40
2.0
 10
8.193385341113344
 20
-11.62943173936876
 30
0.0
 10
8.337741246022641
 20
-11.82201568927599
 30
0.0
 10
8.336560101661177
 20
-12.23063774639085
 30
0.0
 10
8.215276795934919
 20
-12.41958360250355
 30
0.0
  0
SPLINE
  5
64F
330
70
100
AcDbEntity
  8
0
100
AcDbSpline
210
0.0
220
0.0
230
1.0
 70
     8
 71
     2
 72
     7
 73
     4
 74
     0
 42
0.000000001
 43
0.0000000001
 40
0.0
 40
0.0
 40
0.0
 40
1.0
 40
2.0
 40
2.0
 40
2.0
 10
-9.943070049932998
 20
-8.757943137142669
 30
0.0
 10
-9.814264032982302
 20
-8.941981290651073
 30
0.0
 10
-9.736300081273569
 20
-9.326986342241223
 30
0.0
 10
-9.780130183976861
 20
-9.509989088945136
 30
0.0
  0
SPLINE
  5
650
330
70
100
AcDbEntity
  8
0
100
AcDbSpline
210
0.0
220
0.0
230
1.0
 70
     8
 71
     2
 72
     7
 73
     4
 74
     0
 42
0.000000001
 43
0.0000000001
 40
0.0
 40
0.0
 40
0.0
 40
1.0
 40
2.0
 40
2.0
 40
2.0
 10
-9.780130183976861
 20
-9.509989088945136
 30
0.0
 10
-9.828342147477977
 20
-9.696058645576446
 30
0.0
 10
-10.09915395319118
 20
-10.05533182051154
 30
0.0
 10
-10.32408947414589
 20
-10.21276139678461
 30
0.0
  0
SPLINE
  5
651
330
70
100
AcDbEntity
  8
0
100
AcDbSpline
210
0.0
220
0.0
230
1.0
 70
     8
 71
     2
 72
     7
 73
     4
 74
     0
 42
0.000000001
 43
0.0000000001
 40
0.0
 40
0.0
 40
0.0
 40
1.0
 40
2.0
 40
2.0
 40
2.0
 10
-10.32408947414589
 20
-10.21276139678461
 30
0.0
 10
-10.54318251403685
 20
-10.36610189315449
 30
0.0
 10
-10.97580575682093
 20
-10.50350635706227
 30
0.0
 10
-11.16918005688553
 20
-10.48216783593014
 30
0.0
  0
SPLINE
  5
652
330
70
100
AcDbEntity
  8
0
100
AcDbSpline
210
0.0
220
0.0
230
1.0
 70
     8
 71
     2
 72
     7
 73
     4
 74
     0
 42
0.000000001
 43
0.0000000001
 40
0.0
 40
0.0
 40
0.0
 40
1.0
 40
2.0
 40
2.0
 40
2.0
 10
-11.16918005688553
 20
-10.48216783593014
 30
0.0
 10
-11.37248591791708
 20
-10.45907591363745
 30
0.0
 10
-11.69773304485977
 20
-10.24931737819909
 30
0.0
 10
-11.82142771193147
 20
-10.07258232602039
 30
0.0
  0
SPLINE
  5
653
330
70
100
AcDbEntity
  8
0
100
AcDbSpline
210
0.0
220
0.0
230
1.0
 70
     8
 71
     2
 72
     7
 73
     4
 74
     0
 42
0.000000001
 43
0.0000000001
 40
0.0
 40
0.0
 40
0.0
 40
1.0
 40
2.0
 40
2.0
 40
2.0
 10
-11.82142771193147
 20
-10.07258232602039
 30
0.0
 10
-11.94921145890637
 20
-9.890004792777924
 30
0.0
 10
-12.02951273146132
 20
-9.510987791647057
 30
0.0
 10
-11.98290695762166
 20
-9.319514104242125
 30
0.0
  0
SPLINE
  5
654
330
70
100
AcDbEntity
  8
0
100
AcDbSpline
210
0.0
220
0.0
230
1.0
 70
     8
 71
     2
 72
     7
 73
     4
 74
     0
 42
0.000000001
 43
0.0000000001
 40
0.0
 40
0.0
 40
0.0
 40
1.0
 40
2.0
 40
2.0
 40
2.0
 10
-11.98290695762166
 20
-9.319514104242125
 30
0.0
 10
-11.93571726409635
 20
-9.131983927344871
 30
0.0
 10
-11.66140029816561
 20
-8.774609722965855
 30
0.0
 10
-11.43938601774278
 20
-8.619224686644386
 30
0.0
  0
SPLINE
  5
655
330
70
100
AcDbEntity
  8
0
100
AcDbSpline
210
0.0
220
0.0
230
1.0
 70
     8
 71
     2
 72
     7
 73
     4
 74
     0
 42
0.000000001
 43
0.0000000001
 40
0.0
 40
0.0
 40
0.0
 40
1.0
 40
2.0
 40
2.0
 40
2.0
 10
-11.43938601774278
 20
-8.619224686644386
 30
0.0
 10
-11.21298987652212
 20
-8.460772840395517
 30
0.0
 10
-10.78956870562381
 20
-8.331984886584272
 30
0.0
 10
-10.5928348147372
 20
-8.348795977523062
 30
0.0
  0
SPLINE
  5
656
330
70
100
AcDbEntity
  8
0
100
AcDbSpline
210
0.0
220
0.0
230
1.0
 70
     8
 71
     2
 72
     7
 73
     4
 74
     0
 42
0.000000001
 43
0.0000000001
 40
0.0
 40
0.0
 40
0.0
 40
1.0
 40
2.0
 40
2.0
 40
2.0
 10
-10.5928348147372
 20
-8.348795977523062
 30
0.0
 10
-10.3994605146726
 20
-8.370134498655193
 30
0.0
 10
-10.06983152693209
 20
-8.576826224166143
 30
0.0
 10
-9.943070049932998
 20
-8.757943137142669
 30
0.0
  0
SPLINE
  5
657
330
70
100
AcDbEntity
  8
0
100
AcDbSpline
210
0.0
220
0.0
230
1.0
 70
     8
 71
     2
 72
     7
 73
     4
 74
     0
 42
0.000000001
 43
0.0000000001
 40
0.0
 40
0.0
 40
0.0
 40
1.0
 40
2.0
 40
2.0
 40
2.0
 10
-6.42014278767073
 20
-12.09851354825078
 30
0.0
 10
-6.229507136253462
 20
-12.21733728476079
 30
0.0
 10
-6.006872907893083
 20
-12.54097484110794
 30
0.0
 10
-5.975464809361987
 20
-12.72651355553384
 30
0.0
  0
SPLINE
  5
658
330
70
100
AcDbEntity
  8
0
100
AcDbSpline
210
0.0
220
0.0
230
1.0
 70
     8
 71
     2
 72
     7
 73
     4
 74
     0
 42
0.000000001
 43
0.0000000001
 40
0.0
 40
0.0
 40
0.0
 40
1.0
 40
2.0
 40
2.0
 40
2.0
 10
-5.975464809361987
 20
-12.72651355553384
 30
0.0
 10
-5.94688584741446
 20
-12.91659121404111
 30
0.0
 10
-6.055204227984738
 20
-13.35326429172306
 30
0.0
 10
-6.200433239274745
 20
-13.58626342123306
 30
0.0
  0
SPLINE
  5
659
330
70
100
AcDbEntity
  8
0
100
AcDbSpline
210
0.0
220
0.0
230
1.0
 70
     8
 71
     2
 72
     7
 73
     4
 74
     0
 42
0.000000001
 43
0.0000000001
 40
0.0
 40
0.0
 40
0.0
 40
1.0
 40
2.0
 40
2.0
 40
2.0
 10
-6.200433239274745
 20
-13.58626342123306
 30
0.0
 10
-6.341890068453324
 20
-13.81321062530123
 30
0.0
 10
-6.686036715117165
 20
-14.10919363577453
 30
0.0
 10
-6.872301106354177
 20
-14.16535882932608
 30
0.0
  0
SPLINE
  5
65A
330
70
100
AcDbEntity
  8
0
100
AcDbSpline
210
0.0
220
0.0
230
1.0
 70
     8
 71
     2
 72
     7
 73
     4
 74
     0
 42
0.000000001
 43
0.0000000001
 40
0.0
 40
0.0
 40
0.0
 40
1.0
 40
2.0
 40
2.0
 40
2.0
 10
-6.872301106354177
 20
-14.16535882932608
 30
0.0
 10
-7.068389605144441
 20
-14.22380376620802
 30
0.0
 10
-7.449828591880085
 20
-14.15831608666599
 30
0.0
 10
-7.632899336495082
 20
-14.04420757779528
 30
0.0
  0
SPLINE
  5
65B
330
70
100
AcDbEntity
  8
0
100
AcDbSpline
210
0.0
220
0.0
230
1.0
 70
     8
 71
     2
 72
     7
 73
     4
 74
     0
 42
0.000000001
 43
0.0000000001
 40
0.0
 40
0.0
 40
0.0
 40
1.0
 40
2.0
 40
2.0
 40
2.0
 10
-7.632899336495082
 20
-14.04420757779528
 30
0.0
 10
-7.822022006551893
 20
-13.92632688681312
 30
0.0
 10
-8.044459408774935
 20
-13.60911436560306
 30
0.0
 10
-8.076634269275967
 20
-13.41469458915176
 30
0.0
  0
SPLINE
  5
65C
330
70
100
AcDbEntity
  8
0
100
AcDbSpline
210
0.0
220
0.0
230
1.0
 70
     8
 71
     2
 72
     7
 73
     4
 74
     0
 42
0.000000001
 43
0.0000000001
 40
0.0
 40
0.0
 40
0.0
 40
1.0
 40
2.0
 40
2.0
 40
2.0
 10
-8.076634269275967
 20
-13.41469458915176
 30
0.0
 10
-8.106726212583946
 20
-13.22367388511662
 30
0.0
 10
-7.994438823764906
 20
-12.78737391712994
 30
0.0
 10
-7.851095903530611
 20
-12.55740075034086
 30
0.0
  0
SPLINE
  5
65D
330
70
100
AcDbEntity
  8
0
100
AcDbSpline
210
0.0
220
0.0
230
1.0
 70
     8
 71
     2
 72
     7
 73
     4
 74
     0
 42
0.000000001
 43
0.0000000001
 40
0.0
 40
0.0
 40
0.0
 40
1.0
 40
2.0
 40
2.0
 40
2.0
 10
-7.851095903530611
 20
-12.55740075034086
 30
0.0
 10
-7.704923846712745
 20
-12.3228886394704
 30
0.0
 10
-7.365865537383453
 20
-12.03843954404814
 30
0.0
 10
-7.178284990923319
 20
-11.97679236088738
 30
0.0
  0
SPLINE
  5
65E
330
70
100
AcDbEntity
  8
0
100
AcDbSpline
210
0.0
220
0.0
230
1.0
 70
     8
 71
     2
 72
     7
 73
     4
 74
     0
 42
0.000000001
 43
0.0000000001
 40
0.0
 40
0.0
 40
0.0
 40
1.0
 40
2.0
 40
2.0
 40
2.0
 10
-7.178284990923319
 20
-11.97679236088738
 30
0.0
 10
-6.992020599686306
 20
-11.92062716733582
 30
0.0
 10
-6.607752476367087
 20
-11.98157590279649
 30
0.0
 10
-6.42014278767073
 20
-12.09851354825078
 30
0.0
  0
SPLINE
  5
65F
330
70
100
AcDbEntity
  8
0
100
AcDbSpline
210
0.0
220
0.0
230
1.0
 70
     8
 71
     2
 72
     7
 73
     4
 74
     0
 42
0.000000001
 43
0.0000000001
 40
0.0
 40
0.0
 40
0.0
 40
1.0
 40
2.0
 40
2.0
 40
2.0
 10
-3.407803909314817
 20
-15.62345838967742
 30
0.0
 10
-3.537669914214482
 20
-15.69339617393766
 30
0.0
 10
-3.832602584163564
 20
-15.71164525464837
 30
0.0
 10
-4.027768015644039
 20
-15.65492173566193
 30
0.0
  0
SPLINE
  5
660
330
70
100
AcDbEntity
  8
0
100
AcDbSpline
210
0.0
220
0.0
230
1.0
 70
     8
 71
     2
 72
     7
 73
     4
 74
     0
 42
0.000000001
 43
0.0000000001
 40
0.0
 40
0.0
 40
0.0
 40
1.0
 40
2.0
 40
2.0
 40
2.0
 10
-4.027768015644039
 20
-15.65492173566193
 30
0.0
 10
-4.214373559778882
 20
-15.60068609031524
 30
0.0
 10
-4.463352150284231
 20
-15.4224962686469
 30
0.0
 10
-4.532573106531248
 20
-15.29655179341344
 30
0.0
  0
SPLINE
  5
661
330
70
100
AcDbEntity
  8
0
100
AcDbSpline
210
0.0
220
0.0
230
1.0
 70
     8
 71
     2
 72
     7
 73
     4
 74
     0
 42
0.000000001
 43
0.0000000001
 40
0.0
 40
0.0
 40
0.0
 40
1.0
 40
2.0
 40
2.0
 40
2.0
 10
-4.532573106531248
 20
-15.29655179341344
 30
0.0
 10
-4.612006859435622
 20
-15.15464287807248
 30
0.0
 10
-4.613178214268125
 20
-14.82011547304821
 30
0.0
 10
-4.547498350178558
 20
-14.59413444712344
 30
0.0
  0
SPLINE
  5
662
330
70
100
AcDbEntity
  8
0
100
AcDbSpline
210
0.0
220
0.0
230
1.0
 70
     8
 71
     2
 72
     7
 73
     4
 74
     0
 42
0.000000001
 43
0.0000000001
 40
0.0
 40
0.0
 40
0.0
 40
1.0
 40
2.0
 40
2.0
 40
2.0
 10
-4.266734045241733
 20
-14.67573670250745
 30
0.0
 10
-4.309525471845541
 20
-14.82296676485237
 30
0.0
 10
-4.329580635967094
 20
-15.03250279528603
 30
0.0
 10
-4.299895346637867
 20
-15.12839055290149
 30
0.0
  0
SPLINE
  5
663
330
70
100
AcDbEntity
  8
0
100
AcDbSpline
210
0.0
220
0.0
230
1.0
 70
     8
 71
     2
 72
     7
 73
     4
 74
     0
 42
0.000000001
 43
0.0000000001
 40
0.0
 40
0.0
 40
0.0
 40
1.0
 40
2.0
 40
2.0
 40
2.0
 10
-4.299895346637867
 20
-15.12839055290149
 30
0.0
 10
-4.268278826554238
 20
-15.23040939238023
 30
0.0
 10
-4.098489706199277
 20
-15.37444376229215
 30
0.0
 10
-3.958107553730862
 20
-15.41524488998416
 30
0.0
  0
SPLINE
  5
664
330
70
100
AcDbEntity
  8
0
100
AcDbSpline
210
0.0
220
0.0
230
1.0
 70
     8
 71
     2
 72
     7
 73
     4
 74
     0
 42
0.000000001
 43
0.0000000001
 40
0.0
 40
0.0
 40
0.0
 40
1.0
 40
2.0
 40
2.0
 40
2.0
 10
-3.958107553730862
 20
-15.41524488998416
 30
0.0
 10
-3.826285288608086
 20
-15.4535581440364
 30
0.0
 10
-3.595471681187332
 20
-15.42595626046507
 30
0.0
 10
-3.514097688308579
 20
-15.35677735303112
 30
0.0
  0
SPLINE
  5
665
330
70
100
AcDbEntity
  8
0
100
AcDbSpline
210
0.0
220
0.0
230
1.0
 70
     8
 71
     2
 72
     7
 73
     4
 74
     0
 42
0.000000001
 43
0.0000000001
 40
0.0
 40
0.0
 40
0.0
 40
1.0
 40
2.0
 40
2.0
 40
2.0
 10
-3.514097688308579
 20
-15.35677735303112
 30
0.0
 10
-3.437640374551933
 20
-15.29173922854863
 30
0.0
 10
-3.342755776516743
 20
-15.10580846361396
 30
0.0
 10
-3.301457074096789
 20
-14.96371433367642
 30
0.0
  0
SPLINE
  5
666
330
70
100
AcDbEntity
  8
0
100
AcDbSpline
210
0.0
220
0.0
230
1.0
 70
     8
 71
     2
 72
     7
 73
     4
 74
     0
 42
0.000000001
 43
0.0000000001
 40
0.0
 40
0.0
 40
0.0
 40
1.0
 40
2.0
 40
2.0
 40
2.0
 10
-3.018702470248157
 20
-15.03846867918392
 30
0.0
 10
-3.082889610153871
 20
-15.2593137727013
 30
0.0
 10
-3.263466188491506
 20
-15.54844374116721
 30
0.0
 10
-3.407803909314817
 20
-15.62345838967742
 30
0.0
  0
CIRCLE
  5
667
330
70
100
AcDbEntity
  8
0
100
AcDbCircle
 10
0.0
 20
13.2
 30
0.0
 40
1.6
  0
ENDSEC
  0
SECTION
  2
OBJECTS
  0
DICTIONARY
  5
C
330
0
100
AcDbDictionary
281
     1
  3
ACAD_CIP_PREVIOUS_PRODUCT_INFO
350
668
  3
ACAD_COLOR
350
63
  3
ACAD_DETAILVIEWSTYLE
350
6A
  3
ACAD_GROUP
350
D
  3
ACAD_LAYOUT
350
62
  3
ACAD_MATERIAL
350
10
  3
ACAD_MLEADERSTYLE
350
66
  3
ACAD_MLINESTYLE
350
5F
  3
ACAD_PLOTSETTINGS
350
61
  3
ACAD_PLOTSTYLENAME
350
E
  3
ACAD_SCALELIST
350
42
  3
ACAD_SECTIONVIEWSTYLE
350
68
  3
ACAD_TABLESTYLE
350
64
  3
ACAD_VISUALSTYLE
350
29
  3
ACDB_RECOMPOSE_DATA
350
671
  3
AcDbVariableDictionary
350
669
  0
XRECORD
  5
668
102
{ACAD_REACTORS
330
C
102
}
330
C
100
AcDbXrecord
280
     1
300

300

300

  0
DICTIONARY
  5
63
102
{ACAD_REACTORS
330
C
102
}
330
C
100
AcDbDictionary
281
     1
  0
DICTIONARY
  5
6A
102
{ACAD_REACTORS
330
C
102
}
330
C
100
AcDbDictionary
281
     1
  3
Imperial24
350
6B
  0
DICTIONARY
  5
D
102
{ACAD_REACTORS
330
C
102
}
330
C
100
AcDbDictionary
281
     1
  0
DICTIONARY
  5
62
102
{ACAD_REACTORS
330
C
102
}
330
C
100
AcDbDictionary
281
     1
  3
Model
350
73
  3
レイアウト1
350
6F
  3
レイアウト2
350
77
  0
DICTIONARY
  5
10
102
{ACAD_REACTORS
330
C
102
}
330
C
100
AcDbDictionary
281
     1
  3
ByBlock
350
19
  3
ByLayer
350
11
  3
Global
350
21
  0
DICTIONARY
  5
66
102
{ACAD_REACTORS
330
C
102
}
330
C
100
AcDbDictionary
281
     1
  3
Standard
350
67
  0
DICTIONARY
  5
5F
102
{ACAD_REACTORS
330
C
102
}
330
C
100
AcDbDictionary
281
     1
  3
Standard
350
60
  0
DICTIONARY
  5
61
102
{ACAD_REACTORS
330
C
102
}
330
C
100
AcDbDictionary
281
     1
  0
ACDBDICTIONARYWDFLT
  5
E
102
{ACAD_REACTORS
330
C
102
}
330
C
100
AcDbDictionary
281
     1
  3
Normal
350
F
100
AcDbDictionaryWithDefault
340
F
  0
DICTIONARY
  5
42
102
{ACAD_REACTORS
330
C
102
}
330
C
100
AcDbDictionary
281
     1
  3
A0
350
43
  3
A1
350
44
  3
A2
350
45
  3
A3
350
46
  3
A4
350
47
  3
A5
350
48
  3
A6
350
49
  3
A7
350
4A
  3
A8
350
4B
  3
A9
350
4C
  3
B0
350
4D
  3
B1
350
4E
  3
B2
350
4F
  3
B3
350
50
  3
B4
350
51
  3
B5
350
52
  3
B6
350
53
  0
DICTIONARY
  5
68
102
{ACAD_REACTORS
330
C
102
}
330
C
100
AcDbDictionary
281
     1
  3
Imperial24
350
69
  0
DICTIONARY
  5
64
102
{ACAD_REACTORS
330
C
102
}
330
C
100
AcDbDictionary
281
     1
  3
Standard
350
65
  0
DICTIONARY
  5
29
102
{ACAD_REACTORS
330
C
102
}
330
C
100
AcDbDictionary
281
     1
  3
2dWireframe
350
2F
  3
Basic
350
2E
  3
Brighten
350
35
  3
ColorChange
350
39
  3
Conceptual
350
32
  3
Dim
350
34
  3
EdgeColorOff
350
41
  3
Facepattern
350
38
  3
Flat
350
2A
  3
FlatWithEdges
350
2B
  3
Gouraud
350
2C
  3
GouraudWithEdges
350
2D
  3
Hidden
350
31
  3
JitterOff
350
3F
  3
Linepattern
350
37
  3
OverhangOff
350
40
  3
Realistic
350
33
  3
Shaded
350
3E
  3
Shaded with edges
350
3D
  3
Shades of Gray
350
3A
  3
Sketchy
350
3B
  3
Thicken
350
36
  3
Wireframe
350
30
  3
X-Ray
350
3C
  0
XRECORD
  5
671
102
{ACAD_REACTORS
330
C
102
}
330
C
100
AcDbXrecord
280
     1
 90
        1
330
65
  0
DICTIONARY
  5
669
102
{ACAD_REACTORS
330
C
102
}
330
C
100
AcDbDictionary
281
     1
  3
CANNOSCALE
350
66E
  3
CMLEADERSTYLE
350
66B
  3
CTABLESTYLE
350
66A
  3
CVIEWDETAILSTYLE
350
66C
  3
CVIEWSECTIONSTYLE
350
66D
  0
ACDBDETAILVIEWSTYLE
  5
6B
102
{ACAD_REACTORS
330
6A
102
}
330
6A
100
AcDbModelDocViewStyle
 70
     0
  3
Imperial24
290
     1
300
Imperial24
 90
        0
100
AcDbDetailViewStyle
 70
     0
 71
     0
 90
        3
 71
     1
340
55
 62
   256
 40
0.24
340
0
 62
   256
 40
0.24
300

 40
0.36
280
     3
 71
     2
340
5D
 90
       25
 62
   256
 71
     3
340
55
 62
   256
 40
0.24
 90
        1
 40
0.75
 90
        1
300
%<\AcVar ViewType \f "%tc1">% %<\AcVar ViewDetailId>%\PSCALE %<\AcVar ViewScale \f "%sn">%
 71
     4
340
5D
 90
       25
 62
   256
340
5D
 90
       25
 62
   256
280
     0
  0
LAYOUT
  5
73
102
{ACAD_REACTORS
330
62
102
}
330
62
100
AcDbPlotSettings
  1

  2

  4

  6

 40
0.0
 41
0.0
 42
0.0
 43
0.0
 44
0.0
 45
0.0
 46
0.0
 47
0.0
 48
0.0
 49
0.0
140
0.0
141
0.0
142
1.0
143
1.0
 70
  1712
 72
     0
 73
     0
 74
     0
  7

 75
     0
147
1.0
 76
     0
 77
     2
 78
   300
148
0.0
149
0.0
100
AcDbLayout
  1
Model
 70
     1
 71
     0
 10
0.0
 20
0.0
 11
12.0
 21
9.0
 12
0.0
 22
0.0
 32
0.0
 14
0.0
 24
0.0
 34
0.0
 15
0.0
 25
0.0
 35
0.0
146
0.0
 13
0.0
 23
0.0
 33
0.0
 16
1.0
 26
0.0
 36
0.0
 17
0.0
 27
1.0
 37
0.0
 76
     0
330
70
  0
LAYOUT
  5
6F
102
{ACAD_REACTORS
330
62
102
}
330
62
100
AcDbPlotSettings
  1

  2

  4

  6

 40
0.0
 41
0.0
 42
0.0
 43
0.0
 44
0.0
 45
0.0
 46
0.0
 47
0.0
 48
0.0
 49
0.0
140
0.0
141
0.0
142
1.0
143
1.0
 70
   688
 72
     0
 73
     0
 74
     5
  7

 75
    16
147
1.0
 76
     0
 77
     2
 78
   300
148
0.0
149
0.0
100
AcDbLayout
  1
レイアウト1
 70
     1
 71
     1
 10
0.0
 20
0.0
 11
12.0
 21
9.0
 12
0.0
 22
0.0
 32
0.0
 14
0.0
 24
0.0
 34
0.0
 15
0.0
 25
0.0
 35
0.0
146
0.0
 13
0.0
 23
0.0
 33
0.0
 16
1.0
 26
0.0
 36
0.0
 17
0.0
 27
1.0
 37
0.0
 76
     0
330
6C
  0
LAYOUT
  5
77
102
{ACAD_REACTORS
330
62
102
}
330
62
100
AcDbPlotSettings
  1

  2

  4

  6

 40
0.0
 41
0.0
 42
0.0
 43
0.0
 44
0.0
 45
0.0
 46
0.0
 47
0.0
 48
0.0
 49
0.0
140
0.0
141
0.0
142
1.0
143
1.0
 70
   688
 72
     0
 73
     0
 74
     5
  7

 75
    16
147
1.0
 76
     0
 77
     2
 78
   300
148
0.0
149
0.0
100
AcDbLayout
  1
レイアウト2
 70
     1
 71
     2
 10
0.0
 20
0.0
 11
12.0
 21
9.0
 12
0.0
 22
0.0
 32
0.0
 14
0.0
 24
0.0
 34
0.0
 15
0.0
 25
0.0
 35
0.0
146
0.0
 13
0.0
 23
0.0
 33
0.0
 16
1.0
 26
0.0
 36
0.0
 17
0.0
 27
1.0
 37
0.0
 76
     0
330
74
  0
MATERIAL
  5
19
102
{ACAD_XDICTIONARY
360
1A
102
}
102
{ACAD_REACTORS
330
10
102
}
330
10
100
AcDbMaterial
  1
ByBlock
 72
     0
 43
0.0208333333333333
 43
0.0
 43
0.0
 43
0.0
 43
0.0
 43
0.0208333333333333
 43
0.0
 43
0.0
 43
0.0
 43
0.0
 43
1.0
 43
0.0
 43
0.0
 43
0.0
 43
0.0
 43
1.0
 77
     0
 47
0.0208333333333333
 47
0.0
 47
0.0
 47
0.0
 47
0.0
 47
0.0208333333333333
 47
0.0
 47
0.0
 47
0.0
 47
0.0
 47
1.0
 47
0.0
 47
0.0
 47
0.0
 47
0.0
 47
1.0
171
     0
 49
0.0208333333333333
 49
0.0
 49
0.0
 49
0.0
 49
0.0
 49
0.0208333333333333
 49
0.0
 49
0.0
 49
0.0
 49
0.0
 49
1.0
 49
0.0
 49
0.0
 49
0.0
 49
0.0
 49
1.0
175
     0
142
0.0208333333333333
142
0.0
142
0.0
142
0.0
142
0.0
142
0.0208333333333333
142
0.0
142
0.0
142
0.0
142
0.0
142
1.0
142
0.0
142
0.0
142
0.0
142
0.0
142
1.0
179
     0
144
0.0208333333333333
144
0.0
144
0.0
144
0.0
144
0.0
144
0.0208333333333333
144
0.0
144
0.0
144
0.0
144
0.0
144
1.0
144
0.0
144
0.0
144
0.0
144
0.0
144
1.0
147
0.0208333333333333
147
0.0
147
0.0
147
0.0
147
0.0
147
0.0208333333333333
147
0.0
147
0.0
147
0.0
147
0.0
147
1.0
147
0.0
147
0.0
147
0.0
147
0.0
147
1.0
  0
MATERIAL
  5
11
102
{ACAD_XDICTIONARY
360
12
102
}
102
{ACAD_REACTORS
330
10
102
}
330
10
100
AcDbMaterial
  1
ByLayer
 72
     0
 43
0.0208333333333333
 43
0.0
 43
0.0
 43
0.0
 43
0.0
 43
0.0208333333333333
 43
0.0
 43
0.0
 43
0.0
 43
0.0
 43
1.0
 43
0.0
 43
0.0
 43
0.0
 43
0.0
 43
1.0
 77
     0
 47
0.0208333333333333
 47
0.0
 47
0.0
 47
0.0
 47
0.0
 47
0.0208333333333333
 47
0.0
 47
0.0
 47
0.0
 47
0.0
 47
1.0
 47
0.0
 47
0.0
 47
0.0
 47
0.0
 47
1.0
171
     0
 49
0.0208333333333333
 49
0.0
 49
0.0
 49
0.0
 49
0.0
 49
0.0208333333333333
 49
0.0
 49
0.0
 49
0.0
 49
0.0
 49
1.0
 49
0.0
 49
0.0
 49
0.0
 49
0.0
 49
1.0
175
     0
142
0.0208333333333333
142
0.0
142
0.0
142
0.0
142
0.0
142
0.0208333333333333
142
0.0
142
0.0
142
0.0
142
0.0
142
1.0
142
0.0
142
0.0
142
0.0
142
0.0
142
1.0
179
     0
144
0.0208333333333333
144
0.0
144
0.0
144
0.0
144
0.0
144
0.0208333333333333
144
0.0
144
0.0
144
0.0
144
0.0
144
1.0
144
0.0
144
0.0
144
0.0
144
0.0
144
1.0
147
0.0208333333333333
147
0.0
147
0.0
147
0.0
147
0.0
147
0.0208333333333333
147
0.0
147
0.0
147
0.0
147
0.0
147
1.0
147
0.0
147
0.0
147
0.0
147
0.0
147
1.0
  0
MATERIAL
  5
21
102
{ACAD_XDICTIONARY
360
22
102
}
102
{ACAD_REACTORS
330
10
102
}
330
10
100
AcDbMaterial
  1
Global
 72
     0
 43
0.0208333333333333
 43
0.0
 43
0.0
 43
0.0
 43
0.0
 43
0.0208333333333333
 43
0.0
 43
0.0
 43
0.0
 43
0.0
 43
1.0
 43
0.0
 43
0.0
 43
0.0
 43
0.0
 43
1.0
 77
     0
 47
0.0208333333333333
 47
0.0
 47
0.0
 47
0.0
 47
0.0
 47
0.0208333333333333
 47
0.0
 47
0.0
 47
0.0
 47
0.0
 47
1.0
 47
0.0
 47
0.0
 47
0.0
 47
0.0
 47
1.0
171
     0
 49
0.0208333333333333
 49
0.0
 49
0.0
 49
0.0
 49
0.0
 49
0.0208333333333333
 49
0.0
 49
0.0
 49
0.0
 49
0.0
 49
1.0
 49
0.0
 49
0.0
 49
0.0
 49
0.0
 49
1.0
175
     0
142
0.0208333333333333
142
0.0
142
0.0
142
0.0
142
0.0
142
0.0208333333333333
142
0.0
142
0.0
142
0.0
142
0.0
142
1.0
142
0.0
142
0.0
142
0.0
142
0.0
142
1.0
179
     0
144
0.0208333333333333
144
0.0
144
0.0
144
0.0
144
0.0
144
0.0208333333333333
144
0.0
144
0.0
144
0.0
144
0.0
144
1.0
144
0.0
144
0.0
144
0.0
144
0.0
144
1.0
147
0.0208333333333333
147
0.0
147
0.0
147
0.0
147
0.0
147
0.0208333333333333
147
0.0
147
0.0
147
0.0
147
0.0
147
1.0
147
0.0
147
0.0
147
0.0
147
0.0
147
1.0
  0
MLEADERSTYLE
  5
67
102
{ACAD_REACTORS
330
66
102
}
330
66
100
AcDbMLeaderStyle
179
     2
170
     2
171
     1
172
     0
 90
        2
 40
0.0
 41
0.0
173
     1
 91
-1056964608
340
5B
 92
       -2
290
     1
 42
0.09
291
     1
 43
0.36
  3
Standard
 44
0.18
300

342
55
174
     1
178
     6
175
     1
176
     0
 93
-1056964608
 45
0.18
292
     0
297
     0
 46
0.18
 94
-1056964608
 47
1.0
 49
1.0
140
1.0
293
     1
141
0.0
294
     1
177
     0
142
1.0
295
     1
296
     0
143
0.125
271
     0
272
     9
273
     9
298
     1
  0
MLINESTYLE
  5
60
102
{ACAD_REACTORS
330
5F
102
}
330
5F
100
AcDbMlineStyle
  2
STANDARD
 70
     0
  3

 62
   256
 51
90.0
 52
90.0
 71
     2
 49
0.5
 62
   256
  6
BYLAYER
 49
-0.5
 62
   256
  6
BYLAYER
  0
ACDBPLACEHOLDER
  5
F
102
{ACAD_REACTORS
330
E
102
}
330
E
  0
SCALE
  5
43
102
{ACAD_REACTORS
330
42
102
}
330
42
100
AcDbScale
 70
     0
300
1:1
140
1.0
141
1.0
290
     1
  0
SCALE
  5
44
102
{ACAD_REACTORS
330
42
102
}
330
42
100
AcDbScale
 70
     0
300
1/128" = 1'-0"
140
0.0078125
141
12.0
290
     0
  0
SCALE
  5
45
102
{ACAD_REACTORS
330
42
102
}
330
42
100
AcDbScale
 70
     0
300
1/64" = 1'-0"
140
0.015625
141
12.0
290
     0
  0
SCALE
  5
46
102
{ACAD_REACTORS
330
42
102
}
330
42
100
AcDbScale
 70
     0
300
1/32" = 1'-0"
140
0.03125
141
12.0
290
     0
  0
SCALE
  5
47
102
{ACAD_REACTORS
330
42
102
}
330
42
100
AcDbScale
 70
     0
300
1/16" = 1'-0"
140
0.0625
141
12.0
290
     0
  0
SCALE
  5
48
102
{ACAD_REACTORS
330
42
102
}
330
42
100
AcDbScale
 70
     0
300
3/32" = 1'-0"
140
0.09375
141
12.0
290
     0
  0
SCALE
  5
49
102
{ACAD_REACTORS
330
42
102
}
330
42
100
AcDbScale
 70
     0
300
1/8" = 1'-0"
140
0.125
141
12.0
290
     0
  0
SCALE
  5
4A
102
{ACAD_REACTORS
330
42
102
}
330
42
100
AcDbScale
 70
     0
300
3/16" = 1'-0"
140
0.1875
141
12.0
290
     0
  0
SCALE
  5
4B
102
{ACAD_REACTORS
330
42
102
}
330
42
100
AcDbScale
 70
     0
300
1/4" = 1'-0"
140
0.25
141
12.0
290
     0
  0
SCALE
  5
4C
102
{ACAD_REACTORS
330
42
102
}
330
42
100
AcDbScale
 70
     0
300
3/8" = 1'-0"
140
0.375
141
12.0
290
     0
  0
SCALE
  5
4D
102
{ACAD_REACTORS
330
42
102
}
330
42
100
AcDbScale
 70
     0
300
1/2" = 1'-0"
140
0.5
141
12.0
290
     0
  0
SCALE
  5
4E
102
{ACAD_REACTORS
330
42
102
}
330
42
100
AcDbScale
 70
     0
300
3/4" = 1'-0"
140
0.75
141
12.0
290
     0
  0
SCALE
  5
4F
102
{ACAD_REACTORS
330
42
102
}
330
42
100
AcDbScale
 70
     0
300
1" = 1'-0"
140
1.0
141
12.0
290
     0
  0
SCALE
  5
50
102
{ACAD_REACTORS
330
42
102
}
330
42
100
AcDbScale
 70
     0
300
1-1/2" = 1'-0"
140
1.5
141
12.0
290
     0
  0
SCALE
  5
51
102
{ACAD_REACTORS
330
42
102
}
330
42
100
AcDbScale
 70
     0
300
3" = 1'-0"
140
3.0
141
12.0
290
     0
  0
SCALE
  5
52
102
{ACAD_REACTORS
330
42
102
}
330
42
100
AcDbScale
 70
     0
300
6" = 1'-0"
140
6.0
141
12.0
290
     0
  0
SCALE
  5
53
102
{ACAD_REACTORS
330
42
102
}
330
42
100
AcDbScale
 70
     0
300
1'-0" = 1'-0"
140
12.0
141
12.0
290
     0
  0
ACDBSECTIONVIEWSTYLE
  5
69
102
{ACAD_REACTORS
330
68
102
}
330
68
100
AcDbModelDocViewStyle
 70
     0
  3
Imperial24
290
     1
300
Imperial24
 90
        0
100
AcDbSectionViewStyle
 70
     0
 71
     0
 90
       78
 71
     1
340
55
 62
   256
 40
0.24
340
0
340
0
 62
   256
 40
0.24
300
I, O, Q, S, X, Z
 40
0.48
 90
        3
 40
0.18
 90
        1
 71
     2
340
5D
 90
       25
 62
   256
340
5D
 90
       50
 62
   256
 40
0.24
 40
0.0
 40
0.24
 71
     3
340
55
 62
   256
 40
0.24
 90
        1
 40
0.75
 90
        1
300
%<\AcVar ViewType \f "%tc1">% %<\AcVar ViewSectionStartId>%-%<\AcVar ViewSectionEndId>%\PSCALE %<\AcVar ViewScale \f "%sn">%
 71
     4
 62
   256
 62
   257
300
ANSI31
 40
1.0
 90
        0
290
     0
290
     0
 90
        6
 40
0.0
 40
1.570796326794896
 40
0.2617993877991494
 40
1.308996938995747
 40
-0.2617993877991494
 40
1.832595714594046
  0
TABLESTYLE
  5
65
102
{ACAD_XDICTIONARY
360
66F
102
}
102
{ACAD_REACTORS
330
64
102
}
330
64
100
AcDbTableStyle
280
     0
  3
Standard
 70
     0
 71
     0
 40
0.06
 41
0.06
280
     0
281
     0
  7
Standard
140
0.18
170
     2
 62
     0
 63
     7
283
     0
 90
      512
 91
        0
  1

274
    -2
284
     1
 64
     0
275
    -2
285
     1
 65
     0
276
    -2
286
     1
 66
     0
277
    -2
287
     1
 67
     0
278
    -2
288
     1
 68
     0
279
    -2
289
     1
 69
     0
  7
Standard
140
0.25
170
     5
 62
     0
 63
     7
283
     0
 90
      512
 91
        0
  1

274
    -2
284
     1
 64
     0
275
    -2
285
     1
 65
     0
276
    -2
286
     1
 66
     0
277
    -2
287
     1
 67
     0
278
    -2
288
     1
 68
     0
279
    -2
289
     1
 69
     0
  7
Standard
140
0.18
170
     5
 62
     0
 63
     7
283
     0
 90
      512
 91
        0
  1

274
    -2
284
     1
 64
     0
275
    -2
285
     1
 65
     0
276
    -2
286
     1
 66
     0
277
    -2
287
     1
 67
     0
278
    -2
288
     1
 68
     0
279
    -2
289
     1
 69
     0
  0
VISUALSTYLE
  5
2F
102
{ACAD_REACTORS
330
29
102
}
330
29
100
AcDbVisualStyle
  2
2dWireframe
 70
     4
177
     3
291
     0
 70
    58
 90
        0
176
     1
 90
        2
176
     1
 90
        0
176
     1
 90
        0
176
     1
 40
0.6
176
     1
 40
30.0
176
     1
 62
     7
420
 16777215
176
     1
 90
        1
176
     1
 90
        4
176
     1
 62
     7
176
     1
 62
   257
176
     1
 90
        1
176
     1
 90
        1
176
     1
 40
1.0
176
     1
 90
        0
176
     1
 62
   257
176
     1
 40
1.0
176
     1
 90
        1
176
     1
 90
        6
176
     1
 90
        2
176
     1
 62
     7
176
     1
 90
        5
176
     1
 90
        0
176
     1
 90
        0
176
     1
290
     0
176
     1
 90
        1
176
     1
 40
0.0
176
     1
 90
        0
176
     1
290
     1
176
     1
290
     1
176
     1
290
     0
176
     1
290
     0
176
     1
290
     0
176
     1
290
     0
176
     1
290
     0
176
     1
290
     0
176
     1
290
     0
176
     1
 90
       50
176
     1
 40
0.0
176
     1
 40
1.0
176
     1
 90
        0
176
     1
 62
    18
420
        0
176
     1
 90
       50
176
     1
 90
        3
176
     1
 62
     5
420
      255
176
     1
290
     0
176
     1
 90
       50
176
     1
 90
       50
176
     1
 90
       50
176
     1
290
     0
176
     1
 90
       50
176
     1
 62
   256
176
     0
 40
1.0
176
     0
 90
        2
176
     1
  1
strokes_ogs.tif
176
     1
290
     0
176
     1
 40
1.0
176
     1
 40
1.0
176
     1
  0
VISUALSTYLE
  5
2E
102
{ACAD_REACTORS
330
29
102
}
330
29
100
AcDbVisualStyle
  2
Basic
 70
     7
177
     3
291
     1
 70
    58
 90
        1
176
     1
 90
        0
176
     1
 90
        1
176
     1
 90
        0
176
     1
 40
0.6
176
     1
 40
30.0
176
     1
 62
     7
420
 16777215
176
     1
 90
        0
176
     1
 90
        4
176
     1
 62
     7
176
     1
 62
   257
176
     1
 90
        1
176
     1
 90
        1
176
     1
 40
1.0
176
     1
 90
        8
176
     1
 62
     7
176
     1
 40
1.0
176
     1
 90
        1
176
     1
 90
        6
176
     1
 90
        2
176
     1
 62
     7
176
     1
 90
        5
176
     1
 90
        0
176
     1
 90
        0
176
     1
290
     0
176
     1
 90
        1
176
     1
 40
0.0
176
     1
 90
        0
176
     1
290
     0
176
     1
290
     1
176
     1
290
     1
176
     1
290
     0
176
     1
290
     0
176
     1
290
     0
176
     1
290
     0
176
     1
290
     0
176
     1
290
     0
176
     1
 90
       50
176
     1
 40
0.0
176
     1
 40
1.0
176
     1
 90
        0
176
     1
 62
    18
420
        0
176
     1
 90
       50
176
     1
 90
        3
176
     1
 62
     5
420
      255
176
     1
290
     0
176
     1
 90
       50
176
     1
 90
       50
176
     1
 90
       50
176
     1
290
     0
176
     1
 90
       50
176
     1
 62
   256
176
     0
 40
1.0
176
     0
 90
        2
176
     1
  1
strokes_ogs.tif
176
     1
290
     0
176
     1
 40
1.0
176
     1
 40
1.0
176
     1
  0
VISUALSTYLE
  5
35
102
{ACAD_REACTORS
330
29
102
}
330
29
100
AcDbVisualStyle
  2
Brighten
 70
    12
177
     3
291
     1
 70
    58
 90
        2
176
     1
 90
        2
176
     1
 90
        0
176
     1
 90
        0
176
     1
 40
0.6
176
     1
 40
30.0
176
     1
 62
     7
420
 16777215
176
     1
 90
        1
176
     1
 90
        4
176
     1
 62
     7
176
     1
 62
   257
176
     1
 90
        1
176
     1
 90
        1
176
     1
 40
1.0
176
     1
 90
        8
176
     1
 62
     7
176
     1
 40
1.0
176
     1
 90
        1
176
     1
 90
        6
176
     1
 90
        2
176
     1
 62
     7
176
     1
 90
        5
176
     1
 90
        0
176
     1
 90
        0
176
     1
290
     0
176
     1
 90
        1
176
     1
 40
50.0
176
     1
 90
        0
176
     1
290
     0
176
     1
290
     1
176
     1
290
     1
176
     1
290
     0
176
     1
290
     0
176
     1
290
     0
176
     1
290
     0
176
     1
290
     0
176
     1
290
     0
176
     1
 90
       50
176
     1
 40
0.0
176
     1
 40
1.0
176
     1
 90
        0
176
     1
 62
    18
420
        0
176
     1
 90
       50
176
     1
 90
        3
176
     1
 62
     5
420
      255
176
     1
290
     0
176
     1
 90
       50
176
     1
 90
       50
176
     1
 90
       50
176
     1
290
     0
176
     1
 90
       50
176
     1
 62
   256
176
     0
 40
1.0
176
     0
 90
        2
176
     1
  1
strokes_ogs.tif
176
     1
290
     0
176
     1
 40
1.0
176
     1
 40
1.0
176
     1
  0
VISUALSTYLE
  5
39
102
{ACAD_REACTORS
330
29
102
}
330
29
100
AcDbVisualStyle
  2
ColorChange
 70
    16
177
     3
291
     1
 70
    58
 90
        2
176
     1
 90
        2
176
     1
 90
        3
176
     1
 90
        0
176
     1
 40
0.6
176
     1
 40
30.0
176
     1
 62
     8
420
  8421504
176
     1
 90
        1
176
     1
 90
        4
176
     1
 62
     7
176
     1
 62
   257
176
     1
 90
        1
176
     1
 90
        1
176
     1
 40
1.0
176
     1
 90
        8
176
     1
 62
     8
420
  8421504
176
     1
 40
1.0
176
     1
 90
        1
176
     1
 90
        6
176
     1
 90
        2
176
     1
 62
     7
176
     1
 90
        5
176
     1
 90
        0
176
     1
 90
        0
176
     1
290
     0
176
     1
 90
        1
176
     1
 40
0.0
176
     1
 90
        0
176
     1
290
     0
176
     1
290
     1
176
     1
290
     1
176
     1
290
     0
176
     1
290
     0
176
     1
290
     0
176
     1
290
     0
176
     1
290
     0
176
     1
290
     0
176
     1
 90
       50
176
     1
 40
0.0
176
     1
 40
1.0
176
     1
 90
        0
176
     1
 62
    18
420
        0
176
     1
 90
       50
176
     1
 90
        3
176
     1
 62
     5
420
      255
176
     1
290
     0
176
     1
 90
       50
176
     1
 90
       50
176
     1
 90
       50
176
     1
290
     0
176
     1
 90
       50
176
     1
 62
   256
176
     0
 40
1.0
176
     0
 90
        2
176
     1
  1
strokes_ogs.tif
176
     1
290
     0
176
     1
 40
1.0
176
     1
 40
1.0
176
     1
  0
VISUALSTYLE
  5
32
102
{ACAD_REACTORS
330
29
102
}
330
29
100
AcDbVisualStyle
  2
Conceptual
 70
     9
177
     3
291
     0
 70
    58
 90
        3
176
     1
 90
        2
176
     1
 90
        0
176
     1
 90
        0
176
     1
 40
0.6
176
     1
 40
30.0
176
     1
 62
     7
420
 16777215
176
     1
 90
        2
176
     1
 90
        2
176
     1
 62
     7
176
     1
 62
   257
176
     1
 90
        1
176
     1
 90
        1
176
     1
 40
179.0
176
     1
 90
        8
176
     1
 62
     7
176
     1
 40
1.0
176
     1
 90
        1
176
     1
 90
        6
176
     1
 90
        2
176
     1
 62
     7
176
     1
 90
        3
176
     1
 90
        0
176
     1
 90
        0
176
     1
290
     0
176
     1
 90
        1
176
     1
 40
0.0
176
     1
 90
        0
176
     1
290
     0
176
     1
290
     1
176
     1
290
     1
176
     1
290
     0
176
     1
290
     0
176
     1
290
     0
176
     1
290
     0
176
     1
290
     0
176
     1
290
     0
176
     1
 90
       50
176
     1
 40
0.0
176
     1
 40
1.0
176
     1
 90
        0
176
     1
 62
    18
420
        0
176
     1
 90
       50
176
     1
 90
        3
176
     1
 62
     5
420
      255
176
     1
290
     0
176
     1
 90
       50
176
     1
 90
       50
176
     1
 90
       50
176
     1
290
     0
176
     1
 90
       50
176
     1
 62
   256
176
     0
 40
1.0
176
     0
 90
        2
176
     1
  1
strokes_ogs.tif
176
     1
290
     0
176
     1
 40
1.0
176
     1
 40
1.0
176
     1
  0
VISUALSTYLE
  5
34
102
{ACAD_REACTORS
330
29
102
}
330
29
100
AcDbVisualStyle
  2
Dim
 70
    11
177
     3
291
     1
 70
    58
 90
        2
176
     1
 90
        2
176
     1
 90
        0
176
     1
 90
        0
176
     1
 40
0.6
176
     1
 40
30.0
176
     1
 62
     7
420
 16777215
176
     1
 90
        1
176
     1
 90
        4
176
     1
 62
     7
176
     1
 62
   257
176
     1
 90
        1
176
     1
 90
        1
176
     1
 40
1.0
176
     1
 90
        8
176
     1
 62
     7
176
     1
 40
1.0
176
     1
 90
        1
176
     1
 90
        6
176
     1
 90
        2
176
     1
 62
     7
176
     1
 90
        5
176
     1
 90
        0
176
     1
 90
        0
176
     1
290
     0
176
     1
 90
        1
176
     1
 40
-50.0
176
     1
 90
        0
176
     1
290
     0
176
     1
290
     1
176
     1
290
     1
176
     1
290
     0
176
     1
290
     0
176
     1
290
     0
176
     1
290
     0
176
     1
290
     0
176
     1
290
     0
176
     1
 90
       50
176
     1
 40
0.0
176
     1
 40
1.0
176
     1
 90
        0
176
     1
 62
    18
420
        0
176
     1
 90
       50
176
     1
 90
        3
176
     1
 62
     5
420
      255
176
     1
290
     0
176
     1
 90
       50
176
     1
 90
       50
176
     1
 90
       50
176
     1
290
     0
176
     1
 90
       50
176
     1
 62
   256
176
     0
 40
1.0
176
     0
 90
        2
176
     1
  1
strokes_ogs.tif
176
     1
290
     0
176
     1
 40
1.0
176
     1
 40
1.0
176
     1
  0
VISUALSTYLE
  5
41
102
{ACAD_REACTORS
330
29
102
}
330
29
100
AcDbVisualStyle
  2
EdgeColorOff
 70
    22
177
     3
291
     1
 70
    58
 90
        2
176
     0
 90
        2
176
     0
 90
        0
176
     0
 90
        0
176
     0
 40
0.6
176
     0
 40
30.0
176
     0
 62
     7
420
 16777215
176
     0
 90
        1
176
     0
 90
        4
176
     0
 62
     7
176
     0
 62
   257
176
     0
 90
        1
176
     0
 90
        1
176
     0
 40
1.0
176
     0
 90
        8
176
     2
 62
     7
176
     0
 40
1.0
176
     0
 90
        1
176
     0
 90
        6
176
     0
 90
        2
176
     0
 62
     7
176
     0
 90
        5
176
     0
 90
        0
176
     0
 90
        0
176
     0
290
     0
176
     0
 90
        1
176
     0
 40
0.0
176
     0
 90
        0
176
     0
290
     0
176
     0
290
     1
176
     0
290
     1
176
     0
290
     0
176
     0
290
     0
176
     0
290
     0
176
     0
290
     0
176
     0
290
     0
176
     0
290
     0
176
     0
 90
       50
176
     0
 40
0.0
176
     0
 40
1.0
176
     0
 90
        0
176
     0
 62
    18
420
        0
176
     0
 90
       50
176
     0
 90
        3
176
     0
 62
     5
420
      255
176
     0
290
     0
176
     0
 90
       50
176
     0
 90
       50
176
     0
 90
       50
176
     0
290
     0
176
     0
 90
       50
176
     0
 62
   256
176
     0
 40
1.0
176
     0
 90
        2
176
     0
  1
strokes_ogs.tif
176
     0
290
     0
176
     0
 40
1.0
176
     0
 40
1.0
176
     0
  0
VISUALSTYLE
  5
38
102
{ACAD_REACTORS
330
29
102
}
330
29
100
AcDbVisualStyle
  2
Facepattern
 70
    15
177
     3
291
     1
 70
    58
 90
        2
176
     1
 90
        2
176
     1
 90
        0
176
     1
 90
        0
176
     1
 40
0.6
176
     1
 40
30.0
176
     1
 62
     7
420
 16777215
176
     1
 90
        1
176
     1
 90
        4
176
     1
 62
     7
176
     1
 62
   257
176
     1
 90
        1
176
     1
 90
        1
176
     1
 40
1.0
176
     1
 90
        8
176
     1
 62
     7
176
     1
 40
1.0
176
     1
 90
        1
176
     1
 90
        6
176
     1
 90
        2
176
     1
 62
     7
176
     1
 90
        5
176
     1
 90
        0
176
     1
 90
        0
176
     1
290
     0
176
     1
 90
        1
176
     1
 40
0.0
176
     1
 90
        0
176
     1
290
     0
176
     1
290
     1
176
     1
290
     1
176
     1
290
     0
176
     1
290
     0
176
     1
290
     0
176
     1
290
     0
176
     1
290
     0
176
     1
290
     0
176
     1
 90
       50
176
     1
 40
0.0
176
     1
 40
1.0
176
     1
 90
        0
176
     1
 62
    18
420
        0
176
     1
 90
       50
176
     1
 90
        3
176
     1
 62
     5
420
      255
176
     1
290
     0
176
     1
 90
       50
176
     1
 90
       50
176
     1
 90
       50
176
     1
290
     0
176
     1
 90
       50
176
     1
 62
   256
176
     0
 40
1.0
176
     0
 90
        2
176
     1
  1
strokes_ogs.tif
176
     1
290
     0
176
     1
 40
1.0
176
     1
 40
1.0
176
     1
  0
VISUALSTYLE
  5
2A
102
{ACAD_REACTORS
330
29
102
}
330
29
100
AcDbVisualStyle
  2
Flat
 70
     0
177
     3
291
     1
 70
    58
 90
        2
176
     1
 90
        1
176
     1
 90
        1
176
     1
 90
        2
176
     1
 40
0.6
176
     1
 40
30.0
176
     1
 62
     7
420
 16777215
176
     1
 90
        0
176
     1
 90
        0
176
     1
 62
     7
176
     1
 62
   257
176
     1
 90
        1
176
     1
 90
        1
176
     1
 40
1.0
176
     1
 90
        8
176
     1
 62
     7
176
     1
 40
1.0
176
     1
 90
        1
176
     1
 90
        6
176
     1
 90
        2
176
     1
 62
     7
176
     1
 90
        5
176
     1
 90
        0
176
     1
 90
        0
176
     1
290
     0
176
     1
 90
       13
176
     1
 40
0.0
176
     1
 90
        0
176
     1
290
     0
176
     1
290
     1
176
     1
290
     1
176
     1
290
     0
176
     1
290
     0
176
     1
290
     0
176
     1
290
     0
176
     1
290
     0
176
     1
290
     0
176
     1
 90
       50
176
     1
 40
0.0
176
     1
 40
1.0
176
     1
 90
        0
176
     1
 62
    18
420
        0
176
     1
 90
       50
176
     1
 90
        3
176
     1
 62
     5
420
      255
176
     1
290
     0
176
     1
 90
       50
176
     1
 90
       50
176
     1
 90
       50
176
     1
290
     0
176
     1
 90
       50
176
     1
 62
   256
176
     0
 40
1.0
176
     0
 90
        2
176
     1
  1
strokes_ogs.tif
176
     1
290
     0
176
     1
 40
1.0
176
     1
 40
1.0
176
     1
  0
VISUALSTYLE
  5
2B
102
{ACAD_REACTORS
330
29
102
}
330
29
100
AcDbVisualStyle
  2
FlatWithEdges
 70
     1
177
     3
291
     1
 70
    58
 90
        2
176
     1
 90
        1
176
     1
 90
        1
176
     1
 90
        2
176
     1
 40
0.6
176
     1
 40
30.0
176
     1
 62
     7
420
 16777215
176
     1
 90
        1
176
     1
 90
        0
176
     1
 62
     7
176
     1
 62
   257
176
     1
 90
        1
176
     1
 90
        1
176
     1
 40
1.0
176
     1
 90
        0
176
     1
 62
   257
176
     1
 40
1.0
176
     1
 90
        1
176
     1
 90
        6
176
     1
 90
        2
176
     1
 62
     7
176
     1
 90
        5
176
     1
 90
        0
176
     1
 90
        0
176
     1
290
     0
176
     1
 90
       13
176
     1
 40
0.0
176
     1
 90
        0
176
     1
290
     0
176
     1
290
     1
176
     1
290
     1
176
     1
290
     0
176
     1
290
     0
176
     1
290
     0
176
     1
290
     0
176
     1
290
     0
176
     1
290
     0
176
     1
 90
       50
176
     1
 40
0.0
176
     1
 40
1.0
176
     1
 90
        0
176
     1
 62
    18
420
        0
176
     1
 90
       50
176
     1
 90
        3
176
     1
 62
     5
420
      255
176
     1
290
     0
176
     1
 90
       50
176
     1
 90
       50
176
     1
 90
       50
176
     1
290
     0
176
     1
 90
       50
176
     1
 62
   256
176
     0
 40
1.0
176
     0
 90
        2
176
     1
  1
strokes_ogs.tif
176
     1
290
     0
176
     1
 40
1.0
176
     1
 40
1.0
176
     1
  0
VISUALSTYLE
  5
2C
102
{ACAD_REACTORS
330
29
102
}
330
29
100
AcDbVisualStyle
  2
Gouraud
 70
     2
177
     3
291
     1
 70
    58
 90
        2
176
     1
 90
        2
176
     1
 90
        1
176
     1
 90
        2
176
     1
 40
0.6
176
     1
 40
30.0
176
     1
 62
     7
420
 16777215
176
     1
 90
        0
176
     1
 90
        0
176
     1
 62
     7
176
     1
 62
   257
176
     1
 90
        1
176
     1
 90
        1
176
     1
 40
1.0
176
     1
 90
        0
176
     1
 62
     7
176
     1
 40
1.0
176
     1
 90
        1
176
     1
 90
        6
176
     1
 90
        2
176
     1
 62
     7
176
     1
 90
        5
176
     1
 90
        0
176
     1
 90
        0
176
     1
290
     0
176
     1
 90
       13
176
     1
 40
0.0
176
     1
 90
        0
176
     1
290
     0
176
     1
290
     1
176
     1
290
     1
176
     1
290
     0
176
     1
290
     0
176
     1
290
     0
176
     1
290
     0
176
     1
290
     0
176
     1
290
     0
176
     1
 90
       50
176
     1
 40
0.0
176
     1
 40
1.0
176
     1
 90
        0
176
     1
 62
    18
420
        0
176
     1
 90
       50
176
     1
 90
        3
176
     1
 62
     5
420
      255
176
     1
290
     0
176
     1
 90
       50
176
     1
 90
       50
176
     1
 90
       50
176
     1
290
     0
176
     1
 90
       50
176
     1
 62
   256
176
     0
 40
1.0
176
     0
 90
        2
176
     1
  1
strokes_ogs.tif
176
     1
290
     0
176
     1
 40
1.0
176
     1
 40
1.0
176
     1
  0
VISUALSTYLE
  5
2D
102
{ACAD_REACTORS
330
29
102
}
330
29
100
AcDbVisualStyle
  2
GouraudWithEdges
 70
     3
177
     3
291
     1
 70
    58
 90
        2
176
     1
 90
        2
176
     1
 90
        1
176
     1
 90
        2
176
     1
 40
0.6
176
     1
 40
30.0
176
     1
 62
     7
420
 16777215
176
     1
 90
        1
176
     1
 90
        0
176
     1
 62
     7
176
     1
 62
   257
176
     1
 90
        1
176
     1
 90
        1
176
     1
 40
1.0
176
     1
 90
        0
176
     1
 62
   257
176
     1
 40
1.0
176
     1
 90
        1
176
     1
 90
        6
176
     1
 90
        2
176
     1
 62
     7
176
     1
 90
        5
176
     1
 90
        0
176
     1
 90
        0
176
     1
290
     0
176
     1
 90
       13
176
     1
 40
0.0
176
     1
 90
        0
176
     1
290
     0
176
     1
290
     1
176
     1
290
     1
176
     1
290
     0
176
     1
290
     0
176
     1
290
     0
176
     1
290
     0
176
     1
290
     0
176
     1
290
     0
176
     1
 90
       50
176
     1
 40
0.0
176
     1
 40
1.0
176
     1
 90
        0
176
     1
 62
    18
420
        0
176
     1
 90
       50
176
     1
 90
        3
176
     1
 62
     5
420
      255
176
     1
290
     0
176
     1
 90
       50
176
     1
 90
       50
176
     1
 90
       50
176
     1
290
     0
176
     1
 90
       50
176
     1
 62
   256
176
     0
 40
1.0
176
     0
 90
        2
176
     1
  1
strokes_ogs.tif
176
     1
290
     0
176
     1
 40
1.0
176
     1
 40
1.0
176
     1
  0
VISUALSTYLE
  5
31
102
{ACAD_REACTORS
330
29
102
}
330
29
100
AcDbVisualStyle
  2
Hidden
 70
     6
177
     3
291
     0
 70
    58
 90
        1
176
     1
 90
        2
176
     1
 90
        2
176
     1
 90
        0
176
     1
 40
0.6
176
     1
 40
30.0
176
     1
 62
     7
420
 16777215
176
     1
 90
        2
176
     1
 90
        2
176
     1
 62
     7
176
     1
 62
   257
176
     1
 90
        2
176
     1
 90
        1
176
     1
 40
40.0
176
     1
 90
        0
176
     1
 62
   257
176
     1
 40
1.0
176
     1
 90
        1
176
     1
 90
        6
176
     1
 90
        2
176
     1
 62
     7
176
     1
 90
        3
176
     1
 90
        0
176
     1
 90
        0
176
     1
290
     0
176
     1
 90
        1
176
     1
 40
0.0
176
     1
 90
        0
176
     1
290
     0
176
     1
290
     1
176
     1
290
     1
176
     1
290
     0
176
     1
290
     0
176
     1
290
     0
176
     1
290
     0
176
     1
290
     0
176
     1
290
     0
176
     1
 90
       50
176
     1
 40
0.0
176
     1
 40
1.0
176
     1
 90
        0
176
     1
 62
    18
420
        0
176
     1
 90
       50
176
     1
 90
        3
176
     1
 62
     5
420
      255
176
     1
290
     0
176
     1
 90
       50
176
     1
 90
       50
176
     1
 90
       50
176
     1
290
     0
176
     1
 90
       50
176
     1
 62
   256
176
     0
 40
1.0
176
     0
 90
        2
176
     1
  1
strokes_ogs.tif
176
     1
290
     0
176
     1
 40
1.0
176
     1
 40
1.0
176
     1
  0
VISUALSTYLE
  5
3F
102
{ACAD_REACTORS
330
29
102
}
330
29
100
AcDbVisualStyle
  2
JitterOff
 70
    20
177
     3
291
     1
 70
    58
 90
        2
176
     0
 90
        2
176
     0
 90
        0
176
     0
 90
        0
176
     0
 40
0.6
176
     0
 40
30.0
176
     0
 62
     7
420
 16777215
176
     0
 90
        1
176
     0
 90
        4
176
     0
 62
     7
176
     0
 62
   257
176
     0
 90
        1
176
     0
 90
        1
176
     0
 40
1.0
176
     0
 90
       10
176
     2
 62
     7
176
     0
 40
1.0
176
     0
 90
        1
176
     0
 90
        6
176
     0
 90
        2
176
     0
 62
     7
176
     0
 90
        5
176
     0
 90
        0
176
     0
 90
        0
176
     0
290
     0
176
     0
 90
        1
176
     0
 40
0.0
176
     0
 90
        0
176
     0
290
     0
176
     0
290
     1
176
     0
290
     1
176
     0
290
     0
176
     0
290
     0
176
     0
290
     0
176
     0
290
     0
176
     0
290
     0
176
     0
290
     0
176
     0
 90
       50
176
     0
 40
0.0
176
     0
 40
1.0
176
     0
 90
        0
176
     0
 62
    18
420
        0
176
     0
 90
       50
176
     0
 90
        3
176
     0
 62
     5
420
      255
176
     0
290
     0
176
     0
 90
       50
176
     0
 90
       50
176
     0
 90
       50
176
     0
290
     0
176
     0
 90
       50
176
     0
 62
   256
176
     0
 40
1.0
176
     0
 90
        2
176
     0
  1
strokes_ogs.tif
176
     0
290
     0
176
     0
 40
1.0
176
     0
 40
1.0
176
     0
  0
VISUALSTYLE
  5
37
102
{ACAD_REACTORS
330
29
102
}
330
29
100
AcDbVisualStyle
  2
Linepattern
 70
    14
177
     3
291
     1
 70
    58
 90
        2
176
     1
 90
        2
176
     1
 90
        0
176
     1
 90
        0
176
     1
 40
0.6
176
     1
 40
30.0
176
     1
 62
     7
420
 16777215
176
     1
 90
        1
176
     1
 90
        4
176
     1
 62
     7
176
     1
 62
   257
176
     1
 90
        7
176
     1
 90
        7
176
     1
 40
1.0
176
     1
 90
        8
176
     1
 62
     7
176
     1
 40
1.0
176
     1
 90
        1
176
     1
 90
        6
176
     1
 90
        2
176
     1
 62
     7
176
     1
 90
        5
176
     1
 90
        0
176
     1
 90
        0
176
     1
290
     0
176
     1
 90
        1
176
     1
 40
0.0
176
     1
 90
        0
176
     1
290
     0
176
     1
290
     1
176
     1
290
     1
176
     1
290
     0
176
     1
290
     0
176
     1
290
     0
176
     1
290
     0
176
     1
290
     0
176
     1
290
     0
176
     1
 90
       50
176
     1
 40
0.0
176
     1
 40
1.0
176
     1
 90
        0
176
     1
 62
    18
420
        0
176
     1
 90
       50
176
     1
 90
        3
176
     1
 62
     5
420
      255
176
     1
290
     0
176
     1
 90
       50
176
     1
 90
       50
176
     1
 90
       50
176
     1
290
     0
176
     1
 90
       50
176
     1
 62
   256
176
     0
 40
1.0
176
     0
 90
        2
176
     1
  1
strokes_ogs.tif
176
     1
290
     0
176
     1
 40
1.0
176
     1
 40
1.0
176
     1
  0
VISUALSTYLE
  5
40
102
{ACAD_REACTORS
330
29
102
}
330
29
100
AcDbVisualStyle
  2
OverhangOff
 70
    21
177
     3
291
     1
 70
    58
 90
        2
176
     0
 90
        2
176
     0
 90
        0
176
     0
 90
        0
176
     0
 40
0.6
176
     0
 40
30.0
176
     0
 62
     7
420
 16777215
176
     0
 90
        1
176
     0
 90
        4
176
     0
 62
     7
176
     0
 62
   257
176
     0
 90
        1
176
     0
 90
        1
176
     0
 40
1.0
176
     0
 90
        9
176
     2
 62
     7
176
     0
 40
1.0
176
     0
 90
        1
176
     0
 90
        6
176
     0
 90
        2
176
     0
 62
     7
176
     0
 90
        5
176
     0
 90
        0
176
     0
 90
        0
176
     0
290
     0
176
     0
 90
        1
176
     0
 40
0.0
176
     0
 90
        0
176
     0
290
     0
176
     0
290
     1
176
     0
290
     1
176
     0
290
     0
176
     0
290
     0
176
     0
290
     0
176
     0
290
     0
176
     0
290
     0
176
     0
290
     0
176
     0
 90
       50
176
     0
 40
0.0
176
     0
 40
1.0
176
     0
 90
        0
176
     0
 62
    18
420
        0
176
     0
 90
       50
176
     0
 90
        3
176
     0
 62
     5
420
      255
176
     0
290
     0
176
     0
 90
       50
176
     0
 90
       50
176
     0
 90
       50
176
     0
290
     0
176
     0
 90
       50
176
     0
 62
   256
176
     0
 40
1.0
176
     0
 90
        2
176
     0
  1
strokes_ogs.tif
176
     0
290
     0
176
     0
 40
1.0
176
     0
 40
1.0
176
     0
  0
VISUALSTYLE
  5
33
102
{ACAD_REACTORS
330
29
102
}
330
29
100
AcDbVisualStyle
  2
Realistic
 70
     8
177
     3
291
     0
 70
    58
 90
        2
176
     1
 90
        3
176
     1
 90
        0
176
     1
 90
        2
176
     1
 40
0.6
176
     1
 40
30.0
176
     1
 62
     7
420
 16777215
176
     1
 90
        0
176
     1
 90
        0
176
     1
 62
     7
176
     1
 62
   257
176
     1
 90
        1
176
     1
 90
        1
176
     1
 40
1.0
176
     1
 90
        8
176
     1
 62
   257
176
     1
 40
1.0
176
     1
 90
        1
176
     1
 90
        6
176
     1
 90
        2
176
     1
 62
     7
176
     1
 90
        3
176
     1
 90
        0
176
     1
 90
        0
176
     1
290
     0
176
     1
 90
       13
176
     1
 40
0.0
176
     1
 90
        0
176
     1
290
     0
176
     1
290
     1
176
     1
290
     1
176
     1
290
     0
176
     1
290
     0
176
     1
290
     0
176
     1
290
     0
176
     1
290
     0
176
     1
290
     0
176
     1
 90
       50
176
     1
 40
0.0
176
     1
 40
1.0
176
     1
 90
        0
176
     1
 62
    18
420
        0
176
     1
 90
       50
176
     1
 90
        3
176
     1
 62
     5
420
      255
176
     1
290
     0
176
     1
 90
       50
176
     1
 90
       50
176
     1
 90
       50
176
     1
290
     0
176
     1
 90
       50
176
     1
 62
   256
176
     0
 40
1.0
176
     0
 90
        2
176
     1
  1
strokes_ogs.tif
176
     1
290
     0
176
     1
 40
1.0
176
     1
 40
1.0
176
     1
  0
VISUALSTYLE
  5
3E
102
{ACAD_REACTORS
330
29
102
}
330
29
100
AcDbVisualStyle
  2
Shaded
 70
    27
177
     3
291
     0
 70
    58
 90
        2
176
     1
 90
        2
176
     1
 90
        1
176
     1
 90
        2
176
     1
 40
0.6
176
     1
 40
30.0
176
     1
 62
     7
420
 16777215
176
     1
 90
        0
176
     1
 90
        4
176
     1
 62
     7
176
     1
 62
   257
176
     1
 90
        1
176
     1
 90
        1
176
     1
 40
1.0
176
     1
 90
        8
176
     1
 62
   257
176
     1
 40
1.0
176
     1
 90
        1
176
     1
 90
        6
176
     1
 90
        2
176
     1
 62
     8
420
  7895160
176
     1
 90
        3
176
     1
 90
        0
176
     1
 90
        0
176
     1
290
     0
176
     1
 90
        5
176
     1
 40
0.0
176
     1
 90
        0
176
     1
290
     0
176
     1
290
     1
176
     1
290
     1
176
     1
290
     0
176
     1
290
     0
176
     1
290
     0
176
     1
290
     0
176
     1
290
     0
176
     1
290
     0
176
     1
 90
       50
176
     1
 40
0.0
176
     1
 40
1.0
176
     1
 90
        0
176
     1
 62
    18
420
        0
176
     1
 90
       50
176
     1
 90
        3
176
     1
 62
     5
420
      255
176
     1
290
     0
176
     1
 90
       50
176
     1
 90
       50
176
     1
 90
       50
176
     1
290
     0
176
     1
 90
       50
176
     1
 62
   256
176
     0
 40
1.0
176
     0
 90
        2
176
     1
  1
strokes_ogs.tif
176
     1
290
     0
176
     1
 40
1.0
176
     1
 40
1.0
176
     1
  0
VISUALSTYLE
  5
3D
102
{ACAD_REACTORS
330
29
102
}
330
29
100
AcDbVisualStyle
  2
Shaded with edges
 70
    26
177
     3
291
     0
 70
    58
 90
        2
176
     1
 90
        2
176
     1
 90
        1
176
     1
 90
        2
176
     1
 40
0.6
176
     1
 40
30.0
176
     1
 62
     7
420
 16777215
176
     1
 90
        1
176
     1
 90
        2
176
     1
 62
     7
176
     1
 62
   257
176
     1
 90
        2
176
     1
 90
        1
176
     1
 40
1.0
176
     1
 90
        8
176
     1
 62
   257
176
     1
 40
1.0
176
     1
 90
        1
176
     1
 90
        6
176
     1
 90
        2
176
     1
 62
     7
176
     1
 90
        3
176
     1
 90
        0
176
     1
 90
        0
176
     1
290
     0
176
     1
 90
        5
176
     1
 40
0.0
176
     1
 90
        0
176
     1
290
     0
176
     1
290
     1
176
     1
290
     1
176
     1
290
     0
176
     1
290
     0
176
     1
290
     0
176
     1
290
     0
176
     1
290
     0
176
     1
290
     0
176
     1
 90
       50
176
     1
 40
0.0
176
     1
 40
1.0
176
     1
 90
        0
176
     1
 62
    18
420
        0
176
     1
 90
       50
176
     1
 90
        3
176
     1
 62
     5
420
      255
176
     1
290
     0
176
     1
 90
       50
176
     1
 90
       50
176
     1
 90
       50
176
     1
290
     0
176
     1
 90
       50
176
     1
 62
   256
176
     0
 40
1.0
176
     0
 90
        2
176
     1
  1
strokes_ogs.tif
176
     1
290
     0
176
     1
 40
1.0
176
     1
 40
1.0
176
     1
  0
VISUALSTYLE
  5
3A
102
{ACAD_REACTORS
330
29
102
}
330
29
100
AcDbVisualStyle
  2
Shades of Gray
 70
    23
177
     3
291
     0
 70
    58
 90
        2
176
     1
 90
        2
176
     1
 90
        3
176
     1
 90
        0
176
     1
 40
0.6
176
     1
 40
30.0
176
     1
 62
     7
420
 16777215
176
     1
 90
        2
176
     1
 90
        2
176
     1
 62
     7
176
     1
 62
     7
176
     1
 90
        1
176
     1
 90
        1
176
     1
 40
40.0
176
     1
 90
        8
176
     1
 62
     7
176
     1
 40
1.0
176
     1
 90
        1
176
     1
 90
        6
176
     1
 90
        2
176
     1
 62
     7
176
     1
 90
        3
176
     1
 90
        0
176
     1
 90
        0
176
     1
290
     0
176
     1
 90
        1
176
     1
 40
0.0
176
     1
 90
        0
176
     1
290
     0
176
     1
290
     1
176
     1
290
     1
176
     1
290
     0
176
     1
290
     0
176
     1
290
     0
176
     1
290
     0
176
     1
290
     0
176
     1
290
     0
176
     1
 90
       50
176
     1
 40
0.0
176
     1
 40
1.0
176
     1
 90
        0
176
     1
 62
    18
420
        0
176
     1
 90
       50
176
     1
 90
        3
176
     1
 62
     5
420
      255
176
     1
290
     0
176
     1
 90
       50
176
     1
 90
       50
176
     1
 90
       50
176
     1
290
     0
176
     1
 90
       50
176
     1
 62
   256
176
     0
 40
1.0
176
     0
 90
        2
176
     1
  1
strokes_ogs.tif
176
     1
290
     0
176
     1
 40
1.0
176
     1
 40
1.0
176
     1
  0
VISUALSTYLE
  5
3B
102
{ACAD_REACTORS
330
29
102
}
330
29
100
AcDbVisualStyle
  2
Sketchy
 70
    24
177
     3
291
     0
 70
    58
 90
        1
176
     1
 90
        2
176
     1
 90
        2
176
     1
 90
        0
176
     1
 40
0.6
176
     1
 40
30.0
176
     1
 62
     7
420
 16777215
176
     1
 90
        2
176
     1
 90
        2
176
     1
 62
     7
176
     1
 62
     7
176
     1
 90
        1
176
     1
 90
        1
176
     1
 40
40.0
176
     1
 90
       11
176
     1
 62
     7
176
     1
 40
1.0
176
     1
 90
        1
176
     1
 90
        6
176
     1
 90
        2
176
     1
 62
     7
176
     1
 90
        6
176
     1
 90
        0
176
     1
 90
        0
176
     1
290
     0
176
     1
 90
        1
176
     1
 40
0.0
176
     1
 90
        0
176
     1
290
     0
176
     1
290
     1
176
     1
290
     1
176
     1
290
     0
176
     1
290
     0
176
     1
290
     0
176
     1
290
     0
176
     1
290
     0
176
     1
290
     0
176
     1
 90
       50
176
     1
 40
0.0
176
     1
 40
1.0
176
     1
 90
        0
176
     1
 62
    18
420
        0
176
     1
 90
       50
176
     1
 90
        3
176
     1
 62
     5
420
      255
176
     1
290
     0
176
     1
 90
       50
176
     1
 90
       50
176
     1
 90
       50
176
     1
290
     0
176
     1
 90
       50
176
     1
 62
   256
176
     0
 40
1.0
176
     0
 90
        2
176
     1
  1
strokes_ogs.tif
176
     1
290
     0
176
     1
 40
1.0
176
     1
 40
1.0
176
     1
  0
VISUALSTYLE
  5
36
102
{ACAD_REACTORS
330
29
102
}
330
29
100
AcDbVisualStyle
  2
Thicken
 70
    13
177
     3
291
     1
 70
    58
 90
        2
176
     1
 90
        2
176
     1
 90
        0
176
     1
 90
        0
176
     1
 40
0.6
176
     1
 40
30.0
176
     1
 62
     7
420
 16777215
176
     1
 90
        1
176
     1
 90
        4
176
     1
 62
     7
176
     1
 62
   257
176
     1
 90
        1
176
     1
 90
        1
176
     1
 40
1.0
176
     1
 90
       12
176
     1
 62
     7
176
     1
 40
1.0
176
     1
 90
        1
176
     1
 90
        6
176
     1
 90
        2
176
     1
 62
     7
176
     1
 90
        5
176
     1
 90
        0
176
     1
 90
        0
176
     1
290
     0
176
     1
 90
        1
176
     1
 40
0.0
176
     1
 90
        0
176
     1
290
     0
176
     1
290
     1
176
     1
290
     1
176
     1
290
     0
176
     1
290
     0
176
     1
290
     0
176
     1
290
     0
176
     1
290
     0
176
     1
290
     0
176
     1
 90
       50
176
     1
 40
0.0
176
     1
 40
1.0
176
     1
 90
        0
176
     1
 62
    18
420
        0
176
     1
 90
       50
176
     1
 90
        3
176
     1
 62
     5
420
      255
176
     1
290
     0
176
     1
 90
       50
176
     1
 90
       50
176
     1
 90
       50
176
     1
290
     0
176
     1
 90
       50
176
     1
 62
   256
176
     0
 40
1.0
176
     0
 90
        2
176
     1
  1
strokes_ogs.tif
176
     1
290
     0
176
     1
 40
1.0
176
     1
 40
1.0
176
     1
  0
VISUALSTYLE
  5
30
102
{ACAD_REACTORS
330
29
102
}
330
29
100
AcDbVisualStyle
  2
Wireframe
 70
     5
177
     3
291
     0
 70
    58
 90
        0
176
     1
 90
        2
176
     1
 90
        0
176
     1
 90
        0
176
     1
 40
0.6
176
     1
 40
30.0
176
     1
 62
     7
420
 16777215
176
     1
 90
        1
176
     1
 90
        4
176
     1
 62
     7
176
     1
 62
   257
176
     1
 90
        1
176
     1
 90
        1
176
     1
 40
1.0
176
     1
 90
        0
176
     1
 62
   257
176
     1
 40
1.0
176
     1
 90
        1
176
     1
 90
        6
176
     1
 90
        2
176
     1
 62
     7
176
     1
 90
        3
176
     1
 90
        0
176
     1
 90
        0
176
     1
290
     0
176
     1
 90
        1
176
     1
 40
0.0
176
     1
 90
        0
176
     1
290
     0
176
     1
290
     1
176
     1
290
     1
176
     1
290
     0
176
     1
290
     0
176
     1
290
     0
176
     1
290
     0
176
     1
290
     0
176
     1
290
     0
176
     1
 90
       50
176
     1
 40
0.0
176
     1
 40
1.0
176
     1
 90
        0
176
     1
 62
    18
420
        0
176
     1
 90
       50
176
     1
 90
        3
176
     1
 62
     5
420
      255
176
     1
290
     0
176
     1
 90
       50
176
     1
 90
       50
176
     1
 90
       50
176
     1
290
     0
176
     1
 90
       50
176
     1
 62
   256
176
     0
 40
1.0
176
     0
 90
        2
176
     1
  1
strokes_ogs.tif
176
     1
290
     0
176
     1
 40
1.0
176
     1
 40
1.0
176
     1
  0
VISUALSTYLE
  5
3C
102
{ACAD_REACTORS
330
29
102
}
330
29
100
AcDbVisualStyle
  2
X-Ray
 70
    25
177
     3
291
     0
 70
    58
 90
        2
176
     1
 90
        2
176
     1
 90
        1
176
     1
 90
        1
176
     1
 40
0.5
176
     1
 40
30.0
176
     1
 62
     7
420
 16777215
176
     1
 90
        1
176
     1
 90
        0
176
     1
 62
     7
176
     1
 62
   257
176
     1
 90
        1
176
     1
 90
        1
176
     1
 40
1.0
176
     1
 90
        8
176
     1
 62
     7
176
     1
 40
1.0
176
     1
 90
        1
176
     1
 90
        6
176
     1
 90
        2
176
     1
 62
     7
176
     1
 90
        3
176
     1
 90
        0
176
     1
 90
        0
176
     1
290
     0
176
     1
 90
       13
176
     1
 40
0.0
176
     1
 90
        0
176
     1
290
     0
176
     1
290
     1
176
     1
290
     1
176
     1
290
     0
176
     1
290
     0
176
     1
290
     0
176
     1
290
     0
176
     1
290
     0
176
     1
290
     0
176
     1
 90
       50
176
     1
 40
0.0
176
     1
 40
1.0
176
     1
 90
        0
176
     1
 62
    18
420
        0
176
     1
 90
       50
176
     1
 90
        3
176
     1
 62
     5
420
      255
176
     1
290
     0
176
     1
 90
       50
176
     1
 90
       50
176
     1
 90
       50
176
     1
290
     0
176
     1
 90
       50
176
     1
 62
   256
176
     0
 40
1.0
176
     0
 90
        2
176
     1
  1
strokes_ogs.tif
176
     1
290
     0
176
     1
 40
1.0
176
     1
 40
1.0
176
     1
  0
DICTIONARYVAR
  5
66E
102
{ACAD_REACTORS
330
669
102
}
330
669
100
DictionaryVariables
280
     0
  1
1:1
  0
DICTIONARYVAR
  5
66B
102
{ACAD_REACTORS
330
669
102
}
330
669
100
DictionaryVariables
280
     0
  1
STANDARD
  0
DICTIONARYVAR
  5
66A
102
{ACAD_REACTORS
330
669
102
}
330
669
100
DictionaryVariables
280
     0
  1
STANDARD
  0
DICTIONARYVAR
  5
66C
102
{ACAD_REACTORS
330
669
102
}
330
669
100
DictionaryVariables
280
     0
  1
Imperial24
  0
DICTIONARYVAR
  5
66D
102
{ACAD_REACTORS
330
669
102
}
330
669
100
DictionaryVariables
280
     0
  1
Imperial24
  0
DICTIONARY
  5
1A
330
19
100
AcDbDictionary
280
     1
281
     1
  3
BUMPTILE
360
1C
  3
DIFFUSETILE
360
1B
  3
OPACITYTILE
360
1F
  3
REFLECTIONTILE
360
1E
  3
REFRACTIONTILE
360
20
  3
SPECULARTILE
360
1D
  0
DICTIONARY
  5
12
330
11
100
AcDbDictionary
280
     1
281
     1
  3
BUMPTILE
360
14
  3
DIFFUSETILE
360
13
  3
FBXASSET
360
BE
  3
OPACITYTILE
360
17
  3
REFLECTIONTILE
360
16
  3
REFRACTIONTILE
360
18
  3
SPECULARTILE
360
15
  0
DICTIONARY
  5
22
330
21
100
AcDbDictionary
280
     1
281
     1
  3
BUMPTILE
360
24
  3
DIFFUSETILE
360
23
  3
OPACITYTILE
360
27
  3
REFLECTIONTILE
360
26
  3
REFRACTIONTILE
360
28
  3
SPECULARTILE
360
25
  0
DICTIONARY
  5
66F
330
65
100
AcDbDictionary
280
     1
281
     1
  3
ACAD_ROUNDTRIP_2008_TABLESTYLE_CELLSTYLEMAP
360
670
  0
XRECORD
  5
1C
102
{ACAD_REACTORS
330
1A
102
}
330
1A
100
AcDbXrecord
280
     1
270
     1
271
     1
  0
XRECORD
  5
1B
102
{ACAD_REACTORS
330
1A
102
}
330
1A
100
AcDbXrecord
280
     1
270
     1
271
     1
  0
XRECORD
  5
1F
102
{ACAD_REACTORS
330
1A
102
}
330
1A
100
AcDbXrecord
280
     1
270
     1
271
     1
  0
XRECORD
  5
1E
102
{ACAD_REACTORS
330
1A
102
}
330
1A
100
AcDbXrecord
280
     1
270
     1
271
     1
  0
XRECORD
  5
20
102
{ACAD_REACTORS
330
1A
102
}
330
1A
100
AcDbXrecord
280
     1
270
     1
271
     1
  0
XRECORD
  5
1D
102
{ACAD_REACTORS
330
1A
102
}
330
1A
100
AcDbXrecord
280
     1
270
     1
271
     1
  0
XRECORD
  5
14
102
{ACAD_REACTORS
330
12
102
}
330
12
100
AcDbXrecord
280
     1
270
     1
271
     1
  0
XRECORD
  5
13
102
{ACAD_REACTORS
330
12
102
}
330
12
100
AcDbXrecord
280
     1
270
     1
271
     1
  0
XRECORD
  5
BE
102
{ACAD_REACTORS
330
12
102
}
330
12
100
AcDbXrecord
280
     1
 70
     1
 90
1959938040
 71
     1
  1
33278352-7ACD-4D1B-AFC4-E7EF34B429AF
311
504B030414000608080057233D5D3ED2F1313C010000A80100004F00000032354538303346342D363745342D344345382D413331362D4146393538373735323035312F4173736574446174612F446566696E6974696F6E4974657261746F7250726F706572746965732E62696E55503D4FC33010352C88818181BD8A588D1D
311
DB899D2A0DCA270B2CC0C482DCC4B49112A78A13A16E1DFBAFC156CB80A5773EDDBDBBF7EC2300E0E77C6C0A2E2C0E36DED8FB496935B6F55BBD55BD0457B692ED9FE55E8DF7368DFCA8287891C254E401647E46611A5421141513D88F44C829BDB43C3756A82F397793DBF9D29A5A759DD46A98CDAD2D9C4516BD9CAC98EC
311
1EDCD03570F16001C05FC3B84D9B9325E7F2DB4236BBE5A334464D2B448252605A3118F29241969702A6D40F615A4581E03C2038F0D1AB32C33CD6CA204A0917342090A7790159E16796993358F2B2A22C63244A2B346DDDD7DC59A5B95F6BD97608A3B385CF9DDE0CBADB7B098ED17A18BA249EDA5E2DB4ECD5CA9B778D7D
311
4FE325049310E20892E81DB32509978C7FC4C83193786EF544C9BF09E3257E8C4E8D24467A682C0F6DC6E117504B030414000608080057233D5D1DEBD76BF4000000300200004500000032354538303346342D363745342D344345382D413331362D4146393538373735323035312F4173736574446174612F496E7374616E
311
636550726F706572746965732E62696EEB606060F80F0540260323103700495E20ED9E9A975A94991C9C9C919A9BA8021430363632B7303635D235777476D135713174D275747336D1753577753336713231B27474634768046B313471713532B5D435353131D635313332D475727372D13534373670367376B67474B504EA
311
00DBCBA019D37FE8ABC6157B20CD04146B0062181F4C03F940F0C11E2409D1C1C020E0C02000E242808A038C8583FE600F9580337028045AC300B4871928DD805002D3F5006A0C0F420A89050A4F840C4C0F9202283365A703A620B208C40D2011909126C85248EC0FF62C401E28E6F88038B83CB1243943D7A928312F2535
311
0524434D0000504B030414000608080057233D5DB5A795FFE3790000DE7900006B00000032354538303346342D363745342D344345382D413331362D4146393538373735323035312F5265736F75726365732F33333237383335322D374143442D344431422D414643342D4537454633344234323941462F7468756D626E61
311
696C2F302F67656E657269635F706E6701DE79218689504E470D0A1A0A0000000D49484452000001000000010008030000006BAC58540000000467414D410000B18F0BFC6105000000017352474200AECE1CE900000192504C5445818181B3B3B35A5A5A4848486060605C5C5C6464648383835E5E5E6262624E4E4EAFAFAF
311
4A4A4AB5B5B54C4C4CB1B1B1858585B7B7B7585858ADADAD7C7C7C464646787878ABABAB747474A7A7A7686868707070B9B9B96E6E6E6A6A6A8B8B8B666666545454565656A5A5A5505050A1A1A1BBBBBB8F8F8F9F9F9F4242425252527676764040403E3E3E9B9B9B7A7A7A8989897E7E7E9393939797974444448787873C
311
3C3C727272BDBDBD3A3A3A6C6C6CA9A9A9A3A3A32020209D9D9DBFBFBF8D8D8D9595959191912626269999992222222424241E1E1EC1C1C1282828C3C3C32C2C2C2A2A2A2E2E2E303030C5C5C53232321C1C1C363636383838343434C7C7C71A1A1A0E0E0E121212484A484C4E4C1616160A0A0A4A4C4A787A781414147C7E
311
7C9193915E605E464846838583878987B1B3B18587856668665A5C5A626462818381A7A7A5A3A3A1B1B1AFADAFAD7072705C5E5C9D9D9BABADAB7E817EB7B9B7585A58BBBDBB4C4C4A8D8F8D747674B5B5B3B7B7B59FA19F606260ABABA9A5A5A39B9B99A9A9A78F8F8D6C6C6AC7C7C5451AD12700002000494441547801DC
311
BD89771BD7B5A70B8EE04C702641712605CE034890E220088028C93245451215B713AF388E7DFD9EEDB8DDCE6ABFF4B57D97137BE50FEFEFDBA74049B6AEED74869B7E87404D2814EBB7F76F0F67A8835CEEBFA0E42B854AA5B2BB5B6BCC951A8D52A93657A914FE0BEEE39FFE2FF395B9B9C6CAD2D4C4606F4B7FFF8D1B37
311
EEDCB97587F7CD9B4343BD134BABE7DB48E3FFA7A228ECD6F6574E4786C0FC8B5FFCE2CD5FFCE297BF7CF3CD5FFC92B52FFE58BFF9E69B776E0EF5F79E55CBBBF9FC3F5D3DFFB07F5898ABAF7CDA3B74E74EC0CE20230561BF096E97E05712BFFCC59BC80539DCE83DDD6E54FE61B7747DE17FB8980BBBFB2BBD4337DF4878
311
81AAE6C5ACC6AF25207877B2B527BFF1CB3B77FA47561ABBD7F7FA7FE146A5B6BD74E3164C7F51449AE95DB412200EC539418717E7F2F11B376FF62E95FEAF1442BED0581DBCA1BD2780D23F506AFA16E1A7AD974EF17876F00DD7BCB187A1A97AE51FCED5BF2BC1F2BBE5B3C19BE27B43CF26DE00933658FE129B109C2FFF
311
922CC22C4260FA01BEFB462A77DEBC35F42F600C3F5B0795D2E9E02DAD5E650B4438A92801B65C35CBAB7B1EE5041CE69D3B6F1822DFB873EBD6AD3B6FBC71EBC6C86AE967DFC2DFA4CEBFF1BF54F6276EBC114E2F43FEC60B01A0D440A868B2920E5C4BC10D60931ADCB871F3268B21D3851B08E1D6AD9BFD4BF57F757790
311
9FAB86F29B982571136AF01DF5FE32AC3BD9406CAAF2440A54CF176EDD01FBADA1FEFEFE21FE4C9858DFF4183458A9FD2B6708A5A5A137E0EE1D11A9EC0C7C58B2C73C0AD6B479BD76B7790CF899E287FA5B06FB7B07C9195B7851FA8794031EF1FC5F9406BBFB23375420286399B631E93B08022A785C4DBF9996EC355187
311
4094D71B6F487E80F6837E50F483BDBDBD83232323AC420A18C68DA196EDDADF68A77F938F78FD972BABBDB7B87FB164AC6FC2CB760365821ACB74AED44FFAD7E7431ECD7E08AC421F391D199998989A383D9D98E8E56F84A318C58D9BFD2DAB73FF5222C8EFAEF4DE7AF30D756E5108683DA471E70D0502099A7240F19E40
311
89D3FD203E620F1B47BF43501E85031AE44B4B9F2E4D2D9D4D51D8970983FA861B3706FF950CA170DE82F6B312CC4F42C8966295F7D725ED29882415DC055F36DEA1FE96FEC141493F05FAA9A9A5A595B333DED5B3D5A533F62183323032F46EFF13EA0AAFA5FBF7C8976F8C10F7280A014832593B90004D52341980D907EA
311
EB73411EB2F1EBC9F507F92746C40E7AE0AFAE54292BAB2BAB67CAE0746264A277B06508168C94BF772BE9765F7BF0B548FE1E07F3B5A521340A5CB5297C4B12811B89E82191ECF3E41B3259C529F135E23CF4C7F961FB13537F5A02ECCAEA76B5BA5D3D3FDF3F2FEFEFB3AA22053E5008833428DC6C59FA2F770595F311F2
311
35D427F379BB8A121BD901B96076A388DC4C3C61C7933CCCD770FF375A6E0CE9F535FE2534BF5ADD3E3FAFD71BF57AA951B6D4CFEBFB8864758A26154430080B06ABFF557610ECC93726224F155D1471041E0D42F82F4891C926C1355B0831649FF365F46FF05300A7A790BD8ADEEB0D4AA9569A9BDBADCCD56AA55AE377F5
311
F3F3EA2A34983A1DE91D810543138D7F28E57FF4E2B5335A3928B76EA1CB9B00BF158C8F63A2E788826896D0B5E7C461949ECE089144F8EBEFC7FB4D8C9C4E9DAD60F7FBE572B416C2F2423ECF8B86C439E450DA970634ACFDA977629098D0B2FAF313A36B3869E37AF7853378CDA1171FBEBA95DF1E44FD5144A420588641
311
B0055A79ED91CC0DC41E27064512FB33F1F04D09D0D2DF0203A646A6CECE80DF28356A348CED8C4F1EF137B9319E1BCD29867CA556AA97F7B757567006A447FD375A26CAAFDED9CFDCFB2BB0BEEE8AA5911BC2C7F85DF88A3775389990AA72219D582409210F85A4E66F2987D875C30848023088FDF77E87F96FD7CBA5B9DC
311
CEF4F4C9FC7C676777577B7B7B67E7ECCCE4E8DEE85E81A6D55AA3BC7FBEB242589CE8ED4770E785D7DDE23FF2587EBF57F50B9E820527316488E5C32D50F979BCA58207297E2B6D658702FFCD211840FE43FC9F3A5BAD9E97E6F21B9FCF16BBBB3A3A5A175B5B1787875B5B3B86DFEFFC687A72674F19D46A8DFDF3EACA59
311
E405375ACE76FFA922C817CE86A89BDD92F400F2C55B7462F610459837D3A61ACF50C7471C8F2F2A9D38C3DA2F068007F80EFCDBFBE5DCC674B1D83EBCBEB8BCBCBC3ED0D3D333D0B3DE33BCBEB0D8DA35FBF9F8CECE68AE020BCE61C112A4C1138CD47F9AD13F7DC6AB9CF9CFCFAF9D0E01FFE6CD503F5B91C5218E2899CA
311
15098714848B04FCE5654884ABF0E554F11F6C21D73D5D5AADD64B7B9327DDAD8B0B7D7D6D6D07070763BC0F3E38E8EB4310EBEB8BC3DDB347E3E37B5842B97C4E44A0C630427E5CFDFB71E03F471E12CA9FF70E055AE141042DD81234B879EB4606361D9328149037D7D76A571A7E974FA20AD0323832713AB5BA7ABE3B3E
311
3D3FBC30307070B0B9B645D93C3CDC3CDCA41CFC6AAC2D64D0D579B4B1B397A7C1BDBEBD7D36657A3CD4B2F44F4909F2B9CA597F4245C59DEC354316F0587020D0C661742BC02869435FD12CF195C422DB3C5A3E2305C000CE6B7B27ED8B7D63079B5B5B878787C787C7C7C757C76C51B60ED60EDAFA06D67B965B3B672677
311
080BB5329E60E9B477847AE2E9EB53E35779FD37EFCD2D0DDD68AA355B6B0D81860502B8B68C801F5C697E9AD62F4B406244CB975560BAC756AAA577675B07C6D03778C17E7C95CAF1B3ABABE3E3ADADE3CDB1B1B6B681014470343EBA979F8B90383545727C63E43549D14FD0F927E5F1FDEFD7263058FE02EBCD1BDCBCA0
311
53496BD58E69BC44F9F854D4D979AE9ADB908824382AC1D4014E9756EAF9CE85B6B54DB01F02F8EA5908E0D9D5F1B3E72188C3C3AB67879B07C8A0A767B8B831FE5E7EB754DEAE5261460243FFF07858D8EF0D658BDC563A2C5EF5833C13C90B69248C4DD97842B61DFA7F210A2F6108A0F96B62E2D3B3F3DD939EA47E30AB
311
F5AB2B903F4BE5F9B36757CF65021E616DAC6F60A1FB647274B4B05B2E5341B082D43278F67D8DFDA48AFF9A13F22B34C7586C9992BA6E66CABC190E313E7C811AA57304B421A75B289B9D174CC868C24548823E230B9A5A2DCD2CAFE1F98E61C015CA7E96B083FC59F3ED06EE60F360B3AD6F79787ED278D0A86FAFE00BA9
311
220EAEFE1D5DE1F7855939C3FCC1332426B377F692406E022C010DB437EF009803F0DCFD3B7C94440571D8F2C328F115F47FD324802070BAB43FBA80EFDB92FCA1F7E7CF9FA875CBB327CF9EB08C4DE4815BC4210E2CB7CF1CEDECEDCED5B757490968286899FAF95583BF46F9393CEE6A86D6F618CAAD9BFF0BE22B042412
311
C5CFB50556815CC5BBE33E9F61ECEC26A9BCB8145FD10590078F9C9E953B513FAE1FE387FAC246E14F9E3CE7F5F8194BD6594140876B6B84C5D6799C61A16434201E5237582AFD75C07EEED9863F463284E2E13425A036BD41061259289B6BDC1ED656FC8B8592C9D00701E27CEA749F0D8EF44EAD8C1F80FFF8F8F9D51319
311
1F6803384C800097F24069C407CFAE88136B7DCB3D5D4A60B711F19070D83235F77331FD35E715966889038E2E0B346EAB7936C4162043E1A1F144093695443A570144898BC4079CEF1912809A3035A1D3F361235F90FFF1E3E0FB93C7E2750719F88E7D8E68123883ADB5B18185AE99F1D11C1238A792DC4BEDE8EC6FF503
311
DF377E0445F68FAF4E08D43082D02170F30131A154206CC559A8D9CFDD762B31273E4947A581E0D9BB71E33FFA07CD02CE2A6BE1EC80167497F2A81CFA3F7EFE58D0CF5D5D170DE4F89070B0BC4040CC17BEAC6B0586C3D3FF0309BC06F44B04A1E13729929B4DF73C44070692C810B08AC3012E8EE9EAE22067796288C193
311
B2139B970B86F47FAD0F98382B1E035D9C32FD318A4FAFCB274F2E1FA772F94411B0CD42493C23393A685B5FEF3E1ACF554AF5F3552A478383374E6B2FDDFC4F6DFE38F4F4ED7A7FE838F488EA852482F412D3CB07E293D02C9F074F12E84C5AAC423271450572A385449844706475FD38DC3C22486A0639E5F1E38B0CFE93
311
CB4B25910EF309A2224BD8DAD40C682C28341AD69047E8539A6AFC14EC573F7FAD10AE0FE6EB13E87B28E093B513B5803514DE408809BC12A14876DE0A25F643009E9176D9F0C330164285A7444DC8CAF0E9FE41429EE0A2F6A6DE91C0856C501272404A8468822E24C807030B1D33D40D4AFBDBABB411D093D88C86D7205E
311
05FC57EDD1F805FA4CED5920F0CED39157E007CE21757C5DE440ECBCB46CD283E378029B43FB077B4F47E60E9F61E8D01BE017D7E843EB49F50A2028F1E442FCC90C9EE308E4C0C2C94EAE30B75FAD3A0EAFA57FE9EF960F14BE15638840EAF3BA490BB6850EDB38EECAFD21A0C746D0C4234DBD035EFC7EDD121FA585FAB7
311
3DB89FE6A03CF833AB0730E5E2F1A36CE3F202A128934B44E396961121E1F2C9F32BFCC0C140CFE22C1CA8E109B182919696BFB98120234F61B59F7BF46EC30CF067B21A33B0FB3E402448EE266CCD93135A8E823DB31F85E677434E608F53F8100BC0098EA2FD6BC01770E0F2F2D1E5452A711C4BB8486248FAD756D85202
311
6B6DC90A2AA5C6B69E9068B8F27AFABFFEE8AB36F1D23985D5960014FD711940800B560250D2272CC54FF1D3A660B275AC3881E349689C1616E1E9044129D032313509DE4700BC867C71F128C400159407C761022BA8A040F40A244788808C60B3AD67A17576279F6F946923191921B0545FC2F12AC0EFEFBD7262B6935679
311
FC7F80629160ABFAEC88E8430E76D82A8DE62ACE50BD4A42FBF03B387B37FD321B37E31C3F063D99703F5160E6C9E5A300CF32A91E0A085A29C0FC507F6C21012303C6104B82C1F1E156DB3229D1A855A32A8352C9077AF733A0AFE0FB3EF81FDF2F0F82C21B0EB06998866878B103305E31EC17F4FD43831E570A2118D166
311
7632D4FFFFB125782F96168A833DBE78C3F11F8383A79D49F58F1E3DBC780417AE6581381E8610604888E2913E12492881274822C221AD04CB0B1D273B8542837460898C686864FF6F801E8269F40AD0481DFAF5E6E9C1F3BE391C325004DF0746A4E4448F7B52C0D5EAD39EC46896B888C4210D68E99DFA2820DF7FF850EC
311
407EB55C3EBC5028611409BFCB8889C90F1C52355AEF98B18100094C9D0EF6F64FD47E5CBF3FF5293DDFB4B50DDD54F351446FA1F14580DC3902C085F593CB24ACC917B213BBC11B3F0A61042FD8B24F4FB9C4556D0CB9E1A880DE89934CE9607F18F81FDD950DD0E1D143F41D56110E227C250621FF098838042BC85B5B6B
311
CBCBC31DD37B34966E9FFD9936A2FEFEA9EBA4182E5CD3E17AE35501FCE0707E5525A7DBC64DFD077825BE37CE0BBE1BBEC061410C660B6E49912665E2B3749C7C9F93834022F74CDE6CA5EB501D9CBC04B768292C5CCB84478F3CA83074092C6082169015E5800D5839DC6C1B58EFE83ECA513BDE3EFB8EF1242D2D4B3FD5
311
5AFE03D42F8492AF8A3F21444FA2FA9ABBF525EAF84C09F0168527B0138A85D1EC0443C467B28BF844EAF76323BE13D7C11F72FED783837B970FEFDE7D7817E077C17EF7E2A1C2C0FE851FE4C008388C15E818958746129E1009D054B67530D6B3D8DA3D59D82D9D57CF70039FF50FFE0DE94089DB269C3655A4F25B38C49D
311
0BD48E59F1526887C18FC5272197F85CA72862A593A4843CD25F920487DDF7AA0441A2C0600D062001F103FCEEA3D8560CEC3EBACB01CAE5A51E420349F602191E5F901893142381351CE17047E764BE50DEAF9E4D8C38B6ECFFACEB141E54A6865A88A60133EE9CBB4C256930B0B168C1C3AB59FE1743FB422C7166082E93
311
4AFA5EFA3E4BCE0B69362FA7041818B7FDECE1DDFB4D022007CA23E521F0700AAEB5888BBBF08023E128B4045381542FA256B0D04E28A0C3804E233A1BFB476A2F48FD135BAF9843BEDA3264EB42BA499601F16B566E72C7EA35908ABCB9176BBED43204C696AFD3D7B24B08D3AFA44BE243D88A6D9D0B6562B52F741E1610
311
C0EFBBAF2B0829289A640EC4C8A4FF66A24430786CEBE1E1E61AF9507BFB496EAEB64F8F49B4129EBDEC065EC1F8A3F228A3CD0950883B41BEC6D1944AE06147289600A7726313AC69A3F91197F1438BCB743E76F01F6EF1D1C854071670FFFE43FF1EDED702EE5A14C85D0C42DF90B86068800659AC88981855E3E774A71C
311
0CAC2F76754EE7CC87C808D1E1E0F6CF47FD4224731337BE1E39C5010823EE997B1491BBD99FC8D8EF77482BEB5EB2CF66499A8E0F7511B19B3EFBDACB6507BC78731B1B383D02FFDD7BE8DD9256F7D0BA7B46015941097B80018F700FFA024CC08078F51806100ADBFA163ABA8A3B95B9D2F92AC30BC908ED31FABE0CBEBF
311
FF0279B675868F9AA24E9530B08C174055B7F48E4F58002F3E82F0BDFA003E8B431EB6C4A91E4D9B5FFB791265BA8827BBE5F1BCFA7F789F72F75EC800F8AE43FFAEC42F13009FB905A9A0132015D0068ED7682AC608BA6771038DEDB3B33082891FAB1ABF5614F93238079726B833958796B845B731FCB86316713C1DC581
311
B1E19B424EE32674093F80776F7E27C6FBFAC85C536CD955B96EDA2A3FBF770FF4BE11845470EB3E42D022000E0FE07D161811020742162444668308801E133A4C163BE68F6826A5523071CA78B2FED51F28F8C70FE4190073A3E5D3259D7A288CD19BDE623F10021BAB0C6E327FD507B2741627727EA00D31856492F9F009
311
D7F152D930704E642795C1C1B336E0DEBB7F0FDCB79318543B25341F36802D64A981A690B94259607DE0B19D466BF8C1C5E1CEF9A3FC5C639FD6117B4BAEAB453F8EFBDA500A67E8BAF76C8A06566E36EE1184E8329419161F83D843D5DE7D8221163E145F56921C3EE383978072129E290A9B7166E63D26BAB1FCDBF71000
311
9E4051842390031845F20077CD079407C575F20364C4910ED2A574BC357630B0BCD8DE39335EB175646A698458F6A346F003A93002E846FFE0C459B8006E506D79BF902908A0AA05CB5E73530E33BA1D3C2EF99C712B7C8B41DF4D2A7830BE8707485FCFAEEB85A09AB6D39BBF7B4F23E00509C20DB04E240822A4B810E04D
311
8D53D10D504C059ED86BB8697F514777717A8F8144D48A4C89077F7EDB00E2D89DC02A7B975640A282C49A4AA84B70B12BFED8EA6584860DFB7EE23FCB00C6BAF7332FF259FA3C9346508813E372F1DDE425065BB61FDF8300F7EEDDBE8D0C6EDF46F7D8823478590AE23759D60DA6B7A9F125EDE8F4A5D2B37470D0B63C30
311
DCDE3D3D59A8D1501EB1B0A5377517BDD6E301F995E3F955F0F58FAC2E81CE172A8344AC03DC6781939D2484B8FFC15E8F3ACCD3954CE19576B942D0A029188EC7013FE59AE90B71292DE774F1F63D60230180B30A2EDC65291B6211B4081128856001A680015CE000708254891851D4B3BED0FA4D7166B466BFF1D2A92488
311
5AD12B387FC0FCE6819AC3AE06A7AA4B715F0927B74D119D4A668FB54B8A8C268D8B038A207D10A7B1E95E42195B695BE0240F7408B311257C23F581E987C180140C584A02B1670CB817CEC0A080F259F1360E58452013200E3EC107AC1DF4FD7B0F6D23F33347F9527D9F51E6138E31AF35F1BDAAEEEBA3D71BB402E2FB47
311
CECEE96B4DB85536772B07C82A34F3E66D0BCEC207FEB9E70643761276F7B50D5EE963CFF80C7AF4A2130F5BF8C4EBFB5F07B709840480DBD8007FB7EF3F90104908BA457D43AA2A6A02C91422285E5AAC143F3313A0CB74D9D164933B86C25587134E8D342B453FC982860D09FD13ABE72055ED020E85D3E312F74C25CB02
311
93D978A1C4001927C80B86FD06349126EC219F0C735C8053D8F5F310817EA01F1B7851F406144C211C6362C27DD51F1E310C0102280ADB891E9B085CC528A2B1369A46BA195B9A2B351862CE43174BA73FB7CBB430A5798F4C54B7333B96C3224A9863AD02B9FBD8E63092191924E77C199D92887DA594B6DCF0112857162F
311
D0949FE6A441F5E62E42FB2105BC405A2301A3424601DC807912CB2C39C604A27908021CDA30C4C8C2019A883B3A8BD393BB3546136EAF561980FB63E9E035FF73B96D09A905ACB2C11D79571C5159026227DDBDB81396EB03F14100BEB66DE1FA9EF82C3ECCBE318119C4269FD014E66361FC8BB0B4EA9A98EF3D8848A013
311
60430284335004C183CC25BCA82D2302EB03B8419241C64DF4F5ADAF77B533BE786334BFCBB8DA72BDBEFFC36103AFB30608A0B39B58D93F0BF42180841DD26BDC22CF0A770E90240006BAC65197D90920131C7B2EB3CFD3C71C6378A305EE8488FC1FF8D391E2BDDB0F6E3F45E7C8207C419800DB410073A3173942CA8D52
311
42642A74496FF115832A6314D9FA4257577BF7FCF8F8E8CEE8DEDE5EBE76DD3CF892BA7FB8B90F629431B5525E92A15A3A4A6FEA3FDD73136172060959206591F4C927196CF645AA285CF3014630121754261C0D31E1A7E3DA2DBDB54B04703BDE3A4209F02045C4BB0F529A14BED07098A2A1CD47513DA64B512F409BC016
311
63090796D787173B5AA141B1B39BB470EEBCF1E30F9D263ACC4D05110797CEF7B923B027F089F74D1D06F0A4D8C0CDA6604023FCA45B76C5CDE0BF3845ECBE13E0C0ED73700A8A753C1AC8AEFFF1B407FC8A20F42F0D94019121DE304077A027D4112283BB8FF0072444D68AAD111D6F591BC0061854BBC048EBBE9E81F6A3
311
3A95C21BFD13AF3C7E7DCDFFEB0DE8903F77B41DF178E99C289895B0EA8CD640549D68935BA7C5294E0A1D66DA0CC419BD398E6265789CA1241441AC94532A3C19C95340BEFC68703077EFC1D307B71F3C500859C11494838E902203A2BE90EACC5135B80B078804340C920C2300BCC06F7A1C71B875DC572C9BD1D84BD5FB
311
9363CA6BA7D03E5C40FDFC54FC23C9B4B9DDD028787D89219038523BF64E638BB37CC25335937A00DFD32869C5B390C8C32FF25C8C47A7181B4A599A224A9DADB0E0406FEFF9F183B7448F081E3C55024FB33828784AB61704482CD0160C04174F9E33BA9291D58C2F1F1B1B3B5863B0D9F3E51C35C253D54A23E560E2C0CB
311
3A6F7A81382601C2079CAE96B7B1560D20A341E85A928A4E01083256420576C2ED477E2E565FD9223BCC691CF394D3D8E281501E0EE5C1C8159E92585D255CF30CC854C75318006EA4A01028EC853F9407C6053910BE105348324002260254886C156260F9189EE0F8C9A3CBAE9D5A992184568A69D5183A7DB97DB089FDC5
311
7AEE54F858FE54F577DBA85309640290F2D220952620750C5811FB772A7876D1E4040FBFC6474D51246D8B3FB378283FB514F8AB3C20B8BF7DBE5DE541C9A5D3D38DDB30E00151E02523081BC89C2214103E0BC1B3D0199A08E002681A2613A2616CEDF0F0F9C5DDC75DA395C25C0309C03DEC8091A4AFD3FEB504AAC66339
311
30556DAC86EE3561941E862C4A75DD6B6BB3A0C59BE153DFA73EDFCBC3CE2188D3D378FC976D0EF9A95B7C8532F527CE3CF539581E0FE501291E9139FFB65EFF5DBD8E0C18DE3077170A64E033FD278F18068028802F156C3809FDEB11B1019C208D020C9BA2870457F0F8E1FDC7EDD393E3B9FC9C4308E9315704233F960E
311
554802C14716B0B45DAB5EAB5E25AB7830EBB8D25E6CA94E4AA01794FB1EE164FE9F040FE82C940A4BCEF913075D087E85A7237D3CF29C47E4E676777779528C4781761F0BFBC1D3A77880E40C9A2E5109180D5255317890394229F0F082010354082D574F1E3FBAB7D6553C2113DACB97BEB5526C7C6F69F9310A94C46CD8
311
9FF8F379AD1AA035FD00FF3F320180F01417A6F255A3A8D86319FE0C0B0E06A0DCD33F79841339C01E5BBE1911AFCFF7C1E0A540BFBDBFCF2372352686D863F83F59CB6865F43104007EE06F52406F680341102048A01BB048823082CBCB0B6AC48C313F3E7CFEF8F2D1FDC3D6F6F9F9D9E98D9D7CAE5EADE2A6512FAD7AB5
311
26E17F600C85550DDE9ACFE9D97E694513103BC69F8A2813176032C890C1E9C49FC09C61670FF8705B1D7386260E7C8E7122C7F8208A55139E8C8D4763F7EBF5728DF9C34677364E3A3F9AEFDEC9CD95470788834F9FBEC512379890B38C94205B2557987C4186DF5C0837608DF0F9F3CB87B7EF6E920475752A01460E5569
311
19B2B64296FB9FB70DD5F47232A0F77465BF140CD001F00ADCA175090E2665A14E6329B62660E02A1CB50C6025E3DA252A670B3F0FFAA5EAD94A509FE7036B159E0D1D9F2E76B7AE1FD5A606198D3A747AF450023CBDFD162278B9446688111009B4029B0F2180AE20A542D40610C073B47FEFE1416B2B12200F3C991C2F54
311
EC2491027A816B0A34A9D05C6F437AC23462385DADD75642EDDA738AF1600DBE07EE8437804D2D011A94DF71C2085EDD40266A407FFA1D1C00B0C03927E60338E3B9D8C47D1F8CAED578E06F7CFAA4BB63B175FA7C301B747CB377F45192003CB8FD34B12009224543D8604494011A80C1903CE0518C986208E1C5FDDB8FDA
311
161686873BBABABAE74FA637BEA894A44078C19696F326E057D7F95D061A6B0394A9D5F2DCAAFE4C2388D8A6E9AB7695CB0BDD0A332430F1A9333DA41D1FFB97FA09AE84E738C75C407C260408F8DBD5EDED7DE1570A7BE333C54F16963B46AB0C2B71208EA3D16EF4EEDCD7005241166C005A73C03164792151205C007288
311
AE337B4D7103741BDE7B7AC913350B348B2D767515674EC6F72A0402BBCB41C81305AFCF05F2758D3ECAC8D26AB97606DB9581A4B7A8FFB068CD5C0604E6849046B70C2B60FF0CDDF93C13822B4E82FA0479A68220E66D9FD775FB3C1A9CDBDB9829B6AF2F77EC9E0678FB20ED8D1B1A1A39D10F9812E20D6281F5673121AA
311
CAA9C53424000DAC173F7E18C3052EEE3E78E7F1160F5AAEAFB70E0F7775CFCE4EF384DDEEBEB9C0889D5243BDF557559FEDE5F17AB21E118C4C31A3DF6A96B56AC62180293910ECD6B721047664BCFCC6B2DD3C65CA0F0C823DFEF84083C7ECCDF05898EEF158F4FEF97EB9C123F1B9D1D1A3D9F9AEC5F5CEDA84A3C96C14
311
A55584D62893D6A54D8D2028D05C8B1F124884543F3223B29D208B04910D3FC43F5C52196AEB5B5F5E58E8E82610F08C21BD443801233C0CE8BD1E40F84A1CA86001990048031ABBAB11EF83F9283EA89F181F2A0D9A9F62D94B7F625FD727E6A93F63F200F614F7CF100D4511C07DB45FC5F0CB4CA359ABE4774631FDAE85
311
E599EA0878A3C33D5AD6430CF4C055EE5FDB80629000D7855DED3F436F3B61B3DC7FFACEFD2B1BC6FB0696312CFA477CE87A87070C7998E04FBA78AE3F915A065E819FCF35B410321D9ABB308146A11AD5196CDDD7C477A171C8AFC74B45CBC6F641AB53C8D4ADA5870C02379BC0470CF83DB55F073E29CF5CE5F7A3F8FD62
311
EB7AEB1774C2C6780B9523F9287193FD23DDB79FBEA513B45200E2E0C1B51350163AC19043C600F2C1DBF7DEBA7BB9B5457BC0D840CF325EB0BBABBB786D301437000020004944415472B491ABCCEDAFC0591201CAC8EBFACBF367FE7B6E40E69F551BBBE7123E3C00AC560CE20C62436E8C3C54CC225EE08C0D74CE261488
311
77689EDD004FB2BFBFFFBB984035373A7954EC5EE8591FE531348654514DB1D1C56411DFA2A7C212BE5ED91278F2851A432244C6822C29C85A8B320ADCBDFDD63BF71FD32648E7D098CD018BC35D7FE89E250EF2AC75F96C15271602687965C844B8807C6E7729D93F22E81D39ABD62A0820C1FE9F11CFA7208125D33E96FD
311
69E83AF6052DD32D49FF0802CD9F9DFD39260389A950887A647CCC99BAB17132DFB5DED35138FB3A060F6295AA5E195BF0BB56495A5A4A8FA440026E46A047D40ED2520A441C302D240F201FB8F7E0EDDB0E12A04D8816215A0579E8FE1B1281E9F19C9900DE79842E2A7CCD48E9876EB01C75DBA0E0C8D44AB5512947A00B
311
E7CF5DE9E1A6A6BE43CF1A78783DFD5A404E4477336C1ED8B18908B2A847B2AFE9839E891137A6673BBB96FBBA2A4B8E9373B001F08369BA11BE8ABC4302FD2345FD6014A127068427D007BE28B41D9B0D40FFB7EE531FA673C8870A69135B1CEEE8D009C08042A5B4EDA314920B635BF941E7487E45256439DFE9D276295F
311
87E698389CD49FB394FE19720412DEDDC40E9CE9C6DD605E0B719FADC416CB15AB3A61F9B5B9B9426E54F81D8B03DD950946D432B40CEDAB7BB5AF11213CBA73C9BCCCDAFBCF06127C7980FE6D1DC9B4DF14832D6568FEAEEBA76FBF438300B541064ED33F3AC0B0D10505306FD370AED02859234402F6C3FED006766DDED2
311
034D90D119057225EEE3DAF787EBF30EC51ACB4F551678BD6728E1944730C095F13E4D81A4DFFBF67C5BEE37E62A85FCCEC6CC6C7BC77A5B477E22223ECA4FCC0F87E2A5E3EB782BDB25B8CFC6736A044DE5A7CDA604526361D650484FE283B77EFBD65D52C1C73C4F48E7D0D81ACF572F2E2280F98FB230508FA906B42DE2
311
40ED651B301CEC83DE1790C9FD96B6CBF986BECF3BD332C18EF627A0B6EECD5B152E02088D03D828AFFAD26B05BF671B4F9A09A8CE0CD2707F67F2A4B3BB75B9ADA331C1305BBAC182FB4A79820B7EEAF73199B8404C0B81231CDCBB871B80FC41FF5860E8E108222A1A076C29E6E03B6F3FBD4F1F295DC457573C7ADED636
311
D6B7B8C88413DDF3B327E1046AA51040B40CB50C7E3F1D2E44DAD34CFA604029BFFBE714DF0C069908027EB275F1F366C132E1A7450B04011CF82B2B647CE754F650FF6E25BF37AAF65B7BDA16CAA791F1D09F6CAB989EC5AB7809BE145FA459E8D3E4B0FB47DAEF093B946FED585B80FE1A0305FD5330FEDB4FDF79FBF6BD
311
E81D8300CF6815E5F9896552412A03F31FCDCC7CB5E32365550CD9365FDCCEC8752E943161D78047336F8AF6539840A1F2E764FDA2970999F205CD2BD1F5CF496571F76EAEFA0E1CF8FD2A55FD06391F9EEF8B9DC9994E72BEBEE1FC928E2F223EBA0FBFBFB4F2DF137BC894B8087643D64ADE6EDED67F7680FAC9060239E8
311
45FC94AE93D880F994FBF71FBCF5F66F9F32C292EA900F9C1E6F1105E81C5B5F58A067A448143842008D7275EA3BBA3D2516FDF02FF79260020D6B3C714711F3CFB61BFF56A826E627E82256F7400FB387FEF23C1C1E77FD6A21EBB1B2B35F2F95E7760BE1FA3ABB3A981423477517EEE36FF96F122B942F6FB64D9502BD1B
311
9089162532A2FEFED255028FE653C9F46FA321E0B588B7DE79FBED07C44106CC85133CA65190543004D01D02D8181DDDA5A9C91A7110805B7875B689FC3902200FB192E7DFD936B37B57D9C338BD49E99E181F4E5FCAB2ABC1CA7AAB382CBC7D515457CFABE6FBC63D525E5CDF74B16378B9AD6774A58531912D232DF01BAA
311
913DFB7D3AAFF912984302B84D0500077800D26C60A4742101DE420C610C2E92FA93056022EFBCFD5BB6B38651470CD33BD87630C05831BA864C85997B8754B05167F0706499DC442FCD22592AEC2ABF3FF13F950039BF159FA9B36ABDB2778EFF83F70972B83BFD3F4899E64DD8346AA495CB155A7499F2CE39B0AAE75512
311
5EB84FD8CF8D8E4F4E9FB4B72E8F1DBCCB98B31BC4607C2CFF21C8145FB48EA0F2159F86A3098415609554DEFA7B27EF1301033DD06D274BAF6821D220DEF96FA4CBB60B3CA241C021D38E1AA76B4406B4767576166766A6C7F77273F5F395291BBA19F64F2E3095C14F3E60371827741CB27E89543857D6D96BF9A47C6A9A
311
26057840332EB843717AAD171880217B71FCCC0355AED3D4819911F79D0EA8AD6DA31A83E36C5DC2D470295C011302387069158F6C9966022367ECF1D00BA9BB95C389AE7B6105A1FB640689033A7FCCFFEDB762189103A61C3A4FEFE0D6A6B5A19EC5755A443AE78BC5E9235B047890A65919A0D2F96AA3C01CEE913BB3ED
311
239C3E0CD8DDAB99E4348BF3F8B977B6C43DEBEFBD7721A839A63B94C06A10DB87FCBFA3C2932F8C26F88B6D6BB30C3C4E09AFE40FAB52EFAA1EC0316920E031A46D65A0FFE45A673432E907FBCF86717AC04F2CD0EF512D665FF53F05BFCDC43489F150890C60A8E0314E70A06F619D30D841189CA15D3417F3CD50191AE4
311
396543F0C42BCFD696C58DF163F5B46D708BD5FDDA5E5E5FDF9401BC4F7E00E8A17520833D1CBFF495B5D1CE037C664123EEE74737268B5D1D3DBFDA6AAD8C08DF2C0BC7A737E10AAB2A7B958990CEBF556CDBEE823CB09FB344143463C630CFFF585D330CF0320E921744A7918280FEEF981161008E9FBC78C830217A07B7
311
D6985E83F9A79884ABB5AB383B4D7D788F9FB3D867A2112A43F19042B33A108690CF6F472F8661CFAC971478757F6E6F2F7AEB82FEA85E5715941778B278281F28C268AB24BDB470EF3303E09C359E9DF1CF990D8A096106E6A66C8620DDE7D281DF0B2831F20439A30D68386CE13E002F7EDA8D7806162B205D6A19AA1FAB
311
FD6B1B400EC2BFFDD66FDF7E8755B4883C043F43046C1326136680404F1F934EBDDFDD39CB58A98DF1BD7880E0532E671FA1435E9D6EA5E9071000BE8F262E7C4044FD95D5FD526EB40A05A634775F32205C3D779FDC168CD5E56BF982508BF572BDA4F6F57D3304BE9EB18149461B12F760D7485891CA47CFC44909136FBF
311
4931716A2E100123FC6CCAA6A644F25EDF4AC980B14039009BECE8B798BF69A05DC5B6885CD23F8E13A46FF0C0A986D617F001C52241801E87C2974C31411DA3A5D7B6175472763D637D3E57C33B908F867F4A59CFCA7923375E5F027A983E18BD7BD4E6FDDBB2250C1529F4202EFAAF979DFFB1F2612E87EBEFEC58581EDB
311
9AA95AD1D7C1905F7305BF8182D5BBB524D47C4E3B81CD843220DE1E6536497C0962C225F75A2D6A998303B23FC501F0B3F736EE1FF01200FC8C99F5515207C9C40081DF304C0A17D06E26CCBC5B3C47459308178301FA8057C2C0AE9D99B05F038828B08400F2E3251254DD7EB8BC4853B101F99AB48E387457C96951E5DB
311
670648BAB70A7B04FE93EEC5F5B183F9739C98952C6845C380D401B8FC86E70A20744EC720E09D35955D96A9041720196D183AC2CFE6AEA816652D0234883D788BEC8F5DF2615261DB031C2381092401B48D8D2D870FECEA9C3D99DDB036C8A051058030E32190976718C89F031DFBFF2EEA3D88606A8A19BD0AE305BDFD12
311
BA4FF46F1A0002B07137989C748936E9DB2C91F43B07E4E4D16C3779CF5A4FFE8CC981F07C29E34B7C012AF0054FAEA4A6A3D49D3A16D2B3CF220A029003366663053C89B3FB1827080DEC2780076FBFFD8E39810CB0593CC68B5D9009F2D400418028B0BC6CC74067E7C9CC0C2690FBB084AA5254A12AF63543B35EB40D17
311
B693F7E3464D5094C00AA9E04E0E0524F5C35C5EC6BA94B21AAF2440725E2A9FF94FE7A8F0E769EB83FDEB039B631B18BF396F5C13CF89ACC02C387DA56DC3B1CD84B96CFAAA37B55FE723B611062258257D331F186AC93D8AD600B4FEF4AD777E4BF68F2168FF08C081A37AC13446C859964803961928476D78F68419390D
311
830C1935B5C2A0A22A3AB17D3D6428BF12DC373B8D464E04C0A496BB3B3B75639DCC2500E0F0B15FB6F47B5A7ED0183A87CAE8D535F2EDBD4B3B7FC762DFE65A07C30B2851DB890082ADC07131EEEFA3DB7DD5CD32C0860CA83CD4B7993A175F422A8149B1C1D94C1145059D9C78A8A572A90B7C8B1E3392FF77A80C502208
311
80FF3669004E90F101740D2B808181455A044904674E7482CC3EC85C4BCE339404C0B0BF6A5611E4F9B8157BAB6DE327EC9BFBA1B4557ECB609C1F45326499EFB90EE78F18227F09E563C9E63D847EDB3B68EB9C39E95AC4F7ADCF7D87F6752BB6912040281E4A0D8A8314E80D60470999B8A51FB1488A66A9F3F81FFA61C8
311
3F4FA6969E472288FADFD61B005E0EA4284822E018911828E868614DA0C36E11F3A051070BF2F0840E35F200E2C0C80A776CC9E7E6841C0503D0EDF15ED9AFE527E798D23BEE5F0604E58DFB7099D739BF0BA5D332EF29F1535995BDBD0DE681C4F71DFE6A7AC5A13554AE6910963E9ABC9A0DB5B202225545F5CFACC942B5
311
B93C207352B6E5310BF349AF200175D7DFDF78F6D683B7C87E087FA9B35812C4F8F13452CED610A2207541E6D659A739441F3833CD0C9C3C3DC2B0712F62333C4FA9327C9CA1124904B4FDE0FE21C119776CB0C212AAFBA5CAF80EB43772ADFE77CD9FA8A4144C54C2FB2304C65F62FC3678E4F6C68F30FEE1BE8383CE7DB8
311
6F58B1AE0C51F0F055E188D02F00911DDB0991832228B3172B3E623E513FF1734FF414A611A603163F401BEA790FC9FF7FC3FD3DB02DC00184145B850D01D120424DC03C00FCEB7880EEEE939399F1F18DBD4AA54C939899304D913CC2D5CFBC55E50C7FBE4C0E14AEEF53D6843DFF56BE2D554637EA047D3C210E2C610778
311
75FB5B40E19F43AB7470CAFE1C0D3ED3B3B4778D1DF6D4F837C08747180FE8394F2CA1E0A46B6DA62CE2B2DABEDE0B1924098580FC16B369730E9E90541D3730D47FDE16EE1FFAD3419CDA05ED1F2715C607F2E81893AFC5936303F40EB776F1D808BDE393A3FA401E1C706E154C892860AD74A2949C409E28A8FB3349C764
311
D13E4D1D3468952B7B1B35001BF41142CAD58D6011C8B78961EACAB66E9AFBC627673B61FFDA4167950A274145BF11EA17BA9AA60815C2C43AE1F648E3772E53C94E6364AF826019E723069A8AA353A3BF7FB5359281700061FF64C28C10B9AF0B70B0B0D30A31CD1CFD22F68C76DA1E44558869257892363C091D313EFA46
311
B57C3BEB252E9C6BF5B4799EC58F1910F469E25AA17B343799DB3E33CF410061F96C6D63FA91B1000CEBB7D2971BDD39A2A76361E000F5DBC1688D47CB812DD60F8001AF25B328D173A9E4BAC18CE9F1F628704330741B2649B92E9714447C68559C6CD2F681919367E4811100750058809D0230C087A89FF3C80C23C4C608
311
82E481F48D531764BABD5CCECA308DE2F63D3BB50373D630796126803C2D1FBAC148F7592881B395ED7D26B7DD38D7096AF98841CB37592561D9C6565317AFBE9FC4AF7371E060736C7635E0CBA1809FC80F544DBAA1F2F9393D970D44C0615A0C6930E758B9E63AE690F73045F0C8C0731DE9CD80F718E94652383458799E
311
02C06D328010011C7090D8C5E5336A83D4059953877EA1E1D66FBE994F04608C4C991917230FB61F9AEE183A40AB9108D032449FD1A7283DD25ED15360EF7EA9303EDDC0043403531EDEAB10DFF87F5E2FD56DF0F1B701A9F614DB17FA0E0EDF6FD0B1622A81FA3D1DE5A33F551930335C353A87F9AB05C604551934482469
311
44A232C5D07636D864CDD7A50D0B4440CDCC465D1C418321F50E1648D500294065D869559EF3C40C8FCC6C323E989AD0F0C73142480B200842802C061008B480A9954AF282052B3AF67350FD0DD30D1F4075AC303A5D490250F5400ACF479656861E4C77AFF327F3EBECA4B57B6B6C8FF62602BF150744656A87DABD7BC6BE
311
D50527B2120C001A0B3718C74F0C65CD34F275164D7968148DDF259AB8AD6CA81CDA4E8819509B996A7F642D987A401A2B04018C01E6C169A8700F9DE3B489DB2BC49C9B7B858A4F50D22AE15428FCA4A1EDB20C83492690CFE361CC7F8C8066FFD0D77AEE797977F468A36E0B0DFC87F90EE6348BC748F7CB73B5B9DD5C6E
311
E7AB19ADBF6DF359F1DC2A0F9E44F213F8041F64274C0859A2AB7C37440FEDDD2F95BE44065F22067E3EA0CC3BD8C0D8194EAB291CCEE20B9CD8E02950AD806080047A279F19024C837C848816719AC4A34DF8F0706CED904E8185753A458A27E4C1E37B5F30A104932BE140E0BF4E400160F320B054A8705042FFC47B4940
311
810173F9C9E97240C7FCC3F3813EA239B745DE9F1B1F3FC2F9330374DBD1A7B475923F9A2ED81716D18D1B577DAAB9D1A0458655AD3CA7E211867AE7C702DCACCD291E0F798013DC01BC326087775C0833E04EA3778FBCB8DA4687A0255CA0AD210C15661E4E92001A4449031D1DD27D327334BE830B64DAD90CBF537A45FB
311
D4E94A7A88888E715B7E74FCD040E818BDC1BF5AC609CCCC015DED23877080FCDC47BD8EF3A7B783A17D33F3ADEB6D6BC7AD75EA7C7852C5B6FDADA6AFEFC2D181C03F8C40DD8A4AB5024F0B72E34B57BC1182472DC80946789AFB711DB7F1193C03C893B0345F420246114D3EA71D04FBA731C0DAB0D3CD311B218F0D5A15
311
ECC105D02F3AC32F13600084731A83220040019B03180634B5923D438300B05BAC80881F061095FED5D572A3323ABD83F1D37A2301A8C930AB3F66ADF7CBEFED30BAAD7D78A06DEB6A87F15491F5AB7E25842B6B34BEFC12C8A159F187C64B3CBD2356DE5FBAB98BBE9583F0E3280C0076DA15BF34C15238145742B07080B1
311
EFB83382F9FEF2239D003541041083C5AF9EF3C8944DC2030BC3ADEDDD9D27475800693049E05413BFB3FEB4308731512F13400D06F813368A0101D8D863EB3E75FCCADED124F532AD3F123F131AB46A93DF1ECE7F96CE9EB6C365C6D6A07EEC461FC919FE288AF7AE1A7D012D291EB073735FF26BBB1C99FB706E97219281
311
9B7A34BF22424BEA1CC7958AC2E04BFC8E02DB90A4A1DD04811ACDBC181037864672C78F6C0EC3073A40CC49D5E813593B7002763BC6A909D31AC86F3F6E335C9E1C309BC58F16418642E2AF6B290A34FEDC0CFEE08FCA0F56700699CB73B9C99302AA17BD516D7F1FD755A2B32B3FBE7134D3BEC813195BD355020A7DBB54
311
1539CD2C06E45F46FC0EE08293E6C0E1972176D9B678340AA1A4823404EF79B1E2347E47C35D0A2260730E0B513025DC0BD1C07E3366E9B9D17F767405FB531070700035618606F0B40C73C974CFD321B0C174A80C0F3AA54945FFEF348F5488895713E89B5C98DA501E06D8D24FF04FF0CD7ECD7BAA755A854EC6A180AD13
311
BE094E8D5D63BFD6DFA5F5D3E4DB1BA18FD8473DC6E17FFC9832B71A2A94D96E808BB53F9192955D62C82E282B05168AA0927D54AB20A20A74800B7CC9655C8B15F62377CA4C91641F9F4D0478F4FEFDCE273A002CC0A725EC165CE3A149F0333E8E9600B2C05A7D15FD831F0938DBE5D0FF13E3C0F0765965A0961C3FA86D
311
EEB0E28304747BFBA5FCDEE44C23544F7BB7BF7A132DDE34F99E44EC3FEEAE92F667A10F7E90B0E8C6442DF5A5318B0F816311DB2E6DC6F172C363FC800EE09186BB9EC82A24C0117700CD884AA42023B81EA6E0CF8B3056411110D78606EBC5AD5417B45BCC8E61EA01C4006AC233933E35D860BC1B6CB9C9CCCE7840D2E0
311
C1C1FFC11CCE54D59300F2B47D66A10F09D8E24B71B9BDDF98FB62A3B897C53EC88D16D1FFE8C649B17BB8E760EB20B784F52F992544753F2CBF642CD3C9C70D8722C197142C567E74FB431EE248A8F3FC00377F5142144A82FFC28AC2970A780C85A7EE9146FA4B2981F3C93BCB0F3FBCB6DD3DE69C72B6073B99140DE28B
311
8E919D9D9E7C2F5FA99FC1FFD07E9AC0965CDAEA0A945FADE52C791EA989E8E7A21A355FB37E44405D171B98A6E946DB26AE71DBD01FEF07FD378F5B4B518724481820890E7486E3FCE61A60E096D577701890EE07CA5D7F2B086040749FCEF3F81972E510A86359C9BB579883035887542090614E5C4461705D7CA1CF84DB
311
564838606CF1597E8119790D021080C935A908324EDE9F60A04B7830A33F0670CB08605B8D01BF9A3D435693FAB4FD84EF6754930640C1F9D74B052A7ABBA9F502B39DA3BF6BC7514EA4BEC71D752BFDC198EDA8DFE8F32B3EF811E4576B0A2074B99B070A069F60173E7427BDF285024E35A4418B7A412914F2800F1965C4
311
F1120A2D5D2C64400563D5942044807BE7C738EBF3034C4A6F4D70C04ED1F97673C039FABC4CFF18866E08200BB66BDC9CCDCC3FFD1E43BEFC52C317F0F5E64900FBFCDA4DEE68768FFF46350E0EDADB7B34DBBEDE3776BC55599AF84E312229F931E700D04478D66A0D88D09B2276141AF0F8811C5F8067DC04C0F90929F7
311
F1AC9CCD368488AFB965C97B855A3E2E93AE5B4866502E55991B82D4388614F2C36B8484A5FA06E3EFFA984A6AF17D5C2073299D9F12FD63826F67FC460E54030981684E9FBFC22009A3006962285FDF4FC84B699FB5BEF3736C6072F6844C15EDF25883037DE6BB7AFAD6AE164B367812FA8CFCA6FA25725D99AEC5C6EDEE
311
C64ADDA2BE0056002032E1D7A20A54CF444E360D520A5B69816C0A953CE0434A8A898BF18E2B704588C01BDB2133342F5404FEE698957C200EF54E31BE6DF4E888C9C67F5F3F1B41F922777E7FA6332677C20098C59F762F5DFE4A23F9801A3BB6F8A4F66E0D40EC867E92DEFCE84C714FC7CE8DD3DD3BDBF9C781B1C3B549
311
FAD2C89D711808CAB100E09700BB85240374A7209212F320CA577222A7020E7824500179FC7096C714884BDFD9499E027ABEB3CB0226CD293CAE6E0C41A6788F396606A073E28CBE5CC67D584D36CA39D37974FE1023253E3FFB007A26F657FFC901D851130DDC2BF54884F20D5D40A0B7E5C7BCC7CC87B84F2ED820192CCE
311
1AABA1FF24ADBE1D03635B5B3B53D4A5F84120125FADC36A0E792D3AD7E255792CD5241A4C84171F1104090017DA493D0A7790A7BDE6DF326180398E4B0DEADA5C2763825E43E05C388E184678C88CE6422606C017F030366981353DF03A753DBF6370879F79889DD0BF75408724DB53C5B0063AB6568D02DC47AE4627B58D
311
7E367A6000267E7840C23A0940B992DB98ED1C4731B4FB4DCFB6D3EAFB6CAC7646F0335C5031888CD74E2103380260AD47176D703960230370FBBF28813524C17FFFBD6288BB28E4F905ADB4A788B40B4A6201C1878BED224DE9906C4C79EF32EE679B9F5D3B5DFA137327320643909A823F62106CB8F9BFE4BFEAFF0FC7A6
311
393EC7F64A698EFF8ACE31BA05ECE6DAB6DF124118D1D13F892F3D3530602E3F3ED3D59DFB821ECFA3D9AE85B1ADAB9E328DE738BF55D5DFD039445AE76D0194180F57B15BEE5F09C07F952F9A10372BC894CF7DA12CF6507E2A8916E0DF430C519485C55D61EFE209912D8C32866214E121611E22A0B1238DB18E86636A3B
311
FAFD5B4EE02FF1E505F902BDF424D0516907BFC95EF3A76B6B3872769D67E25B548F0DA46E2B93DFDFD5F2B9E9EEE1EE1DCC7FBE6380DFBF38A165CAC73DF912AD76A4690D2B766A3EB4AFA2D05BE543EA20B095FB17AE3F1928D84482049B659E671A4763CFA567C08824913D37F2F92F841FC244085C1681225C04AD6DE1
311
684831682CE0D6096B56101C0D4FB3A1BD3F11FC1105AECF5660BD3FEEDF162B0D9DEC6DB55AF27FC98050BDDEDFF63ED14B01336053A19DE9AEF5F5D9E9D9F9E19ECDADCD497BCC57681922F327EB41FF681E17C1921B04FBAE371AC69E53F98183E91B84897A5DB164158BD1D12FF6F6BEF0E02847727BF2628F9FD48B6F
311
B11DF6928C868B29590A0606F92140D0C08850DAA7DD8A5FE8A50389F61288AEB743E9C801BB67DBE0A7F64F63BC87770FDF57AA73FE1F5A84F8DD3AADDFC32087FBC0A7D645C327B97D65E7A8BBA76DFD9BCEE1B1CDE3F5F7CE4E6DF4013ECD7CB60BD1239E8A4E9A5722AD9C4FAC8F7FF17B214AF8801950430639A08E3A
311
BD05A0D94E253BD5951C885B0CE750309070555FF21F2EF83FF53F4E15038B8D8A244740A5C9CBC120043DA0B323FB1DA0A4EDA268C05A304619505000BE10415DE898809DB6B66896E60AE347ED3D6DC707CB7D5B5BC374A158EDC343D0EA61C217D4878CBBDC1D85686782C3CF4272E7DCFB5E9EF628F5A95AC1AC0C6848
311
F5771329EF8DF2BB79EFEDEC8DBEC72EB7F245287FD4B31008AB38EA4D52F2BF57167159E3004CD8950E217DDD6F699FC763E9D1A0AECC701F7BD4430A3E030374066938F883C01DE40E7DAFD609345E33570F4CE6BE467FBD7F793B5AF2A9D331D86DBA7BF98067918F9FCDD609A0384B523F4413B574B818C6889FAEFC5E
311
7B8F90CEFD62BC2C85B2478D54DD076635BE434FCADE68B3ECF1C8708E27863DBEC352D87BCC7A92A8E135700CDE65BC114026DE5DB68275E656D2C0D4087293D43BB4C9C14EA83C0D806783B40DD7CD4F19EE9F33801F55A3F1FD600017A6CD5DE607783D5F74E34680E7DAB98D99F6E5B5ABC7F7DF19D8278322F6A97FDB
311
2FADE1539BD945DDF868EE2B8B70D9EDAA45D1BB0A5801198CF1DA891540474745BF0317F8A3703E02510AE94B084221F887FE950272D62D4232781054A87C58D015CD45EBF9B70E60820A2056E9D4D619E8494BBFA68B61EBDD8CF52CCBA124BACD4A4077E8420A7F36FCDAF661E577B792A7E1B7E337C7CF1FDEBB3B49F5
311
01F3C7366C1730E793F51FA20A9C3D2E9F18E63DC277449054CEADA36DA0807467D45F8A744E1BDED725A033868703F1392BBE221158220588F30574A0B0893D0515B0B7C404AD0E7F40C11D504C49BD7DA39A85A19CD7357DFC966E5D92272FF06D59CA5A6A1C8AE30E52F1247C1F1D78F81887F9F3E387075B170F9F5EEE
311
4A7F5BFC69DF02FD8795FCFFAB472E7C88D563DA514861B85BD41594A75F5E866BE69471110A9F75C8609C7E6BF6C7C727431EE3E9E3773D2378C25226E82C08104A57ED273FE0921D6990E02B006BD038263BA360355E8DC446A380F0BA35FA9945A80CF60DFD54054202F91897C241C147D59F8E0FC67CD0F2BF377A3463
311
F8BBBABCFBD6833C57E214AC3F5AE9C2FDE88852968F20337972C7E04EE5658223008AE82D93BC37D8DDD900BD6B16EF221F0D4149045D740A8A215D4FC186C658E01994B8CCD317465828704BB630DA2243B3B4ADD3EA554A97408454148C04A1A0CAAC2E04033C04073851F54380E0BF2DFFA43FAD3D6B574F2E1E5EF6E5
311
F4FEFBD1CA87C161FCBCF5C7AAE2F726F814027BAE10F79BC3D765D61D1803952210A9AA07F8C6BB2105B61145B324F96014EF223D4A9261080239F03FF6F4DD4975C183B887E081F7A467A25EAA0C94028FEB808637768B07400A8235D4EF33143253198900E079E3FACB0C59B00F827A5785A6FFE2FCF0C0E6F1714F11CD
311
E5140D931D707950631F3DE877F300002000494441540ADFB08704E252AADE1BD4E8DF55796A32B9B6F17737C67702E5C638682737286CB0E0A89B624D5BF28222432848C9AB8C07170C97B814FF492A61072407D638006F7C8400860444C01B1930A522788045633DFA9507267A3A42BA05925BAD705CDD3792FA23C1075C
311
6EE768A673919EB6C3FCFE7629B7310AA794CC9C0D14A1FB88F95C845BF22543F57996E0B26C9E4C2ADF187F979F8A55F11B47BC26594C52588518D25E6C2B1CCED231EA1B748F093E5726A21A54C91EF95789041030C20FD5AD68613432E19A4D0DA2505B6BD843516E10BB00AF9AC315EE9FDB39CC1F9EA59CD88F9CD071
311
D470C86C4647FDEDDBB1CDAB81DA94034747A779F4CED497CFF817348F69F52E55490840E48840BA72DB71F3E84F6DA2F4717AA928F153DA6E4C7E8E00363CEC9A2E1C8E65F298FC4A52F087FCDEE5CBA38A80CBE11FF7BC2AFF249203FFAB77A128A001B1987BD334AD9B901890A8C2005B6B248196AD09C0025ED841325B
311
31845032E327C531C839E66DBAB39566B631C2FF0A1DA5A3CC47E665AD8751B47CFE33899DF047C9F3C365E3B11278D49DF939298E09002F6430F9958803309827A7C791048CA070061B7E9A64C557D235F83EE24822E5EAB805F9862F20FC58F483DC0EF02181F572930205107E00E523861895A2811309808F2B6C14B2AA
311
579E893753C155D2F54302007E9FF36AC5FEDBCAD47E182D91A73920CFA5C18E01F8FFF4C3F1FF553BCAD0E58DEF85DD63B91BE38ECE1A9FFC4AD4A1FBA30D462C328C5A0340DFD393D3D3D3C0659195C96990F391EFF4175213BC74C020922D4830FE215E76940962BC0713A3B82784C0CB6623DC40D6E1485BAD454F6892
311
200B225096127FBD82D2B12006BAE2E329C771E25FEBC0DAB3B5395289D56D7A8A89081B34EE06F80F819EFE75C67DEEE95D227E283FE98A7B9F1C97D2D05B4D07A469153C3DA3048EA68FA667A6D90E291C7D7E2D063E4D044964D055F2DBF3E31BB851AE9F78A0A7314F0AD24901F581D74A6929142039C65AF5830D1C80
311
9536CDC05E4BA51038F79D713DA930CF18BA3010E385351CF47F74D439BCBC793556A1F99814926AF12835E251C59BEA3C083EC2B2760FEBDF4304C9EB87B35769E1EB24B648542CFA4EBA9EF93CD42F03C08F249A2C98897D8E2225E90077823F4A52171A61219998CED6FA050992B6B0A74A2220ED12123004FB97708420
311
8F8E2AFC80F456CB110BCA647A3A0F854085D84FE0052BE31FFE7F925610BAFEC06FC33F9931BF063F39DB3D1BB20EE357F594045F4226131578582CB055A59A073AE0413989D215019B6EB8A21CF154D71164E0D8F4E730C2CD382D098DA5261456A425643686BC8301710F2C50665881399156AA2B4C3191BC5557283848
311
00CE10040F746A3D8A80A5F0E500A93456FEC52833BBB45203DACCA37FE1D3EE4B9BF0EC27ED47D89B8266F11EA2DB8B5A8BB93EAEDF0C06B7AD0402B9EAC6E787365535AF19F15158308A9D9785C1BC1C01377F8C6B4D07B50DAD25649764A91DC9812C7B34CA98184084F7C01055466B48058CD44085AF26648520C85C41
311
C67805462D8425680425559F4440F3ABBE1F3F81B1EC72708767DDC8FFB6465796C8FE310FEABE0C9B242A74137EC3E0427091967023299BE5D6D4D0C6D15747DC2AEA4ECC57C72856E827D33CBD319D70FF854369EB841282F84B7CA4881447ACFCB257E252E00FBB3272120A75B99119840858486615636E0E0334031AAA
311
8C08A62E080053A0AAA4158431EC727A084021D41CF5D630C94184F6FE7432E8F5F9A4FCDF3EA7CF136FC2988093F98ED622E38E4976E1BF0CF49D2889E6DF3566719FE1F9B47A2D3BF89C69155DCF24F88C609EE551160F0415900B4C48FB013D8900A9192A700748002924771A3686A0A580FE4009E00ACC090253E280B9
311
0AC15048E047020483A038A60ED232831F2CC90498648690D960C48E439F18F4DDBEB0B6F5AC7B7B89F6230243B4FA160A7B9327F3AD5D937C8BFFE5FF8B3A5E64283BEF8EAB9F71159514CFED62DBC880614AA1F7994CCFAE7D8C87057F451733699B8DF87056E1F0654B5021E38097E4E23221B810DE20559AD183A61C2C
311
88A648DB096081E9801CA00BC1DA0124E08DAAC15FD2936905CA8DA1C40E42B13F1764E0C4015EAD7F8BFEC99A310B1B7C0BCC7746D3C0702759C89EAD57122092122D1F857067684A578F1DAB7EAC400841F493A468113282FFE42316CC74C756B1C880FE78795C692813CF4644480EE9B02991BCA257A71861F00666D941
311
0288487618D120D0E80D7773E2B7DD180E100EC98B221C94BFC4FF531A09B986230F1CD08378A8E4D0FDD7D9B1BC75F5C12EAD7FF83F3ED19EB018620303C217A6A35D826E72ABF2D8E2BB1B783F6E48D2E3F360806E1D192085D022103473A10375B63853EC54F500B5B064DBC20945B88160DCF7E4F83A0200BF6FAEAC88
311
E9F54D22D898E43F378D20B51B5D6B1457000922202800DD401A9266483029C0D6D57ED80D42A0E6E08835F0F3AC73D7FAE6D56185F04FC44472B854EB7D9CBF7134DF3DDC35A9F6B38417DD6F508B37C1A718B0D054124176F7222F62DFB327F34D451799D56216880193254FF782D7DDE26C271BF38C6E422E271CE4AB88
311
23C9510F021126A7A944E00DB4031D013C88EA0746C96D4574069BD5439C4110403B40020C30B07A604F1E41D19C21A93FD9002DFC35F23B1E7B98E95E38387E3603FE7393680410D702FF9ED5A3C5E5CE68B5827D721FA78F3A9A0C08A79722D9C9B418F46C0057BB1640C70AA4A03D29CECF33987596D53CFB27B32C3BE3
311
04C540E14BF8464E080918268D254838C91A01F0FFB99154FD8A9C0495EAA6534A6C464440B4A71E16100E7405088122A35F7A511DC003D002E6C8E7E15F6D1D2FD09014139EC11FDC89394621F77B9F88EB5A583C41E2FEDBC8F82334494C0BFA97FF3C3A34ADE60385B60E5A30CF036E5E75370BE3B83AE73B3B7DC0BB33
311
7DA0045299ED0C66681E4AE223D01B1BC3BD4C921E2005FEB5114739040758189BA8A320067B62A3995E4720055065AC2B4A8006BF8CFCC907C0063EACE41813C5F017065AD46CFDC6FF1BFEE052932CA3478C8E5A6F25DC8503D40F61FC1B047E4DFFE8E84407C81F1AC7B5C79DA358551CD0D13785A9AEB38D6EB68A0A80
311
87FC6543E7471082873CDCE5CBEA1EFC5CC0579469E225428E9A43D6A6000B4219DE52E8DF00A55F4BF5035960661C2DB88AC1F67C2890A93FC420193C8326409E7B595FBBBA9AE1D1511B3F6D65B09AC10A71C2317201A603E88C56CC68C91279E83F5C147787EFE6C675F00941D23EF092920330982DF38C65EDFCA89DA9
311
8E8ADDECCD77CB86D85118F3DD9884820B1128010D02F1060F582871CC8FF42024C02239273A1CC3BF71E770DFB7E96081682803188118B50310BD620234F230B12711B063E0F0490FCDA9248B580D3D3DE944A30CFCF2A1E0F6E59E8FBEA289CCCC943785BB8880ADA9C2FD70F6A13F5418444E3A669273C006C4B4EEEC06
311
7827539FFBEA9CFF04D84E7F170480037005AAC8829084329899F90B5E013927F8E646514B4824B01D11F72C012CEACD163B6358A4454A4221D06E68A71062520649BF9E9127D0772D6E5EADED52FF216BC2FC513C7D3C5CC4C8AF009811826AE20203B076A2AA66D8D32E317DEE0EFC000FCE16D9E0BEB17C74AB009256C5
311
D8AD1CBABBDA61402612C675FBD72D07E633B1A42F2421208CE01397560811204306617A5141706105C9F4984C459F2D0F6C392FA05BED808512B0B9A8A9FC6CED89640EA347D31F0DF76D3D9E61E800FE9F7601BE4C9614A1C58E6C839F13A12D0EB426DE6386B82369A9E6A7F1F9146EB578A2EF4289AA109B4F6CEFEC04
311
63E0072A05CC9DEDEDFE08407B173B8AA65399C80B2911252E6290C82CC1B8909140C11B7AE161B42B93905045D017E00CED6D27AAA15F2C2179F1E83D411A7020B9408D202381E7E5DEE5A9E7E5CDE3B186433F488AC81554BEC09BC579018ADD1DCB3D9D70F02B14BF9159A4DA376225FE43DA224FED327941705DA582B2
311
FD1BB5DC0540667B650BECDD1D5DDFB0C7F36DEE2B94F6EE2EE4E426F20A1174C31DF153321A24114C4FFF25E505475F6906D4149B21F1BD9D9DF7B059F8E0FD83323CB97991FE80EE131A9003B81C491B218B1D42C0C0D593D9D548003839DC29A740298B0C23F0CE14BB167BD61989AEF0B985C8FAC8F923A73F31953989
311
F0F6C96CA6C4D0A9A88184BEDBBBDA3BBADE77CD8E2FFEDEEF46184A86671D7DDC51417477BE9F04804F305AC82C2D018A21EA903866A0F959FBD4139916D036635EE03DDB7408BCF0627A03027AD314C09B0A27F0A79490D53839D0DAF1416995CAB24101FA63F75029D57A4CBBA9FB4D120ADB17FB5A999FC9420DFE04FA
311
670430B90FE7F589F7FE8D50A4B5F004CE5F07EB4EA007F8AEAE8E8EF7DB3BE2F81F42166C7246FA9E62D02C8209BA1024414C483498B50229FD923F2414040B2081390AAC353B5283EADA12A30B1080866D746B9ABF5BC107F33C2A015B275480759334B83AB02175EFD0DEC785DFC505E0064F4EBA5A97073A74C5C9FEC9
311
7BD25D819E28AEE661FD2732B8BBFB1BF13441B3C1F45E8AC1752BBF80C113DE960E0AC7D9D02C58C80505A19BA0E84B14402601A590A4AE00A825E98C3212342302EE10FC5100681F86834A2804BC409D70270A2091DCE874B16BE0706C974EB3D26EFEDFFCA6C4579AA4DB781708469F055532A7046C6BEB0CF39F3ED2EC
311
4FBCA3D00EA91CA68FD2B87B5C191E0EB2C300F00A1C9881F263571C6CFD83D079D09F176FAD839340CF030F70458F81F09AEE1329505150CA0A00576B56C06D58070B23086F685E44232D9D53DE3FC3731044F286D19F459351863F749F1104198D6E14BBC68E17CAE70D7AFD958E350BEBBC70C9C4DFBA075240DA27D40A
311
D7DB063A097DD3F041EDB3E4B682A7A12A548F3393DB01945547175879989302521EEB1431B08759B632B174E0F700E774FCA1BB83F95029ED1A084288C8893520E49415E00DA080AE8027C34206D35491D050A4C6B080F6A20889A2FF82379AB6234F6710C05F9080ADF002B9C9F9C583AB220F45D618D7E7F7547FB27CED
311
8A8B7A7D24EDA4988B0C1C2A1AFB53FDC61BF3DE50D63C560F0120B0372F0839DDDAF13E583B868717C1CB8CC71D1D7F440CC82184803144196EFD58BBE00B7EE77DE8C015942357FB06FC906A5E2B8882CCF9FFE184B0035A5CF186A962A63F84B3AAEE3D5A2C830008807568B6A9F424086D2095A3E262DBF124350082C4
311
B5DF4704A9D2C93553DE47BD6766B69349610716999FA25854F759CA9792599D3837ACF6247CE8597B0F960FA3EC45B61715050260C5844FCCFEC9666BC71F875B17E3BCB4CB151405D7D08F846B4CB952248B4603CC402B609E90F0044A007FA800EC46D07A51232B00E5683C55D5096E1374DA4FCBBDE2C25A5B8D260082
311
27CA7758033D7D70DF12CAF7F247939F93F1CC63047D63ADA0B7CC8771B234D8095FCDB577B586D1834062035670E204B245EC093FCBE15626C10D210CB38A13F50E10A0D5C0814B0C4B30AA9858516001669002229618F100767AA3D6D2528595FE7A398C2D2300ED0013A0AE60B91644A057327BD3C36BEBF48C91279B45
311
F8BD145494674AFB211A91977CB838DF35DCB3D6D6AA2FB2784B591ED785DFD7DB77747DAC9D2F7674810EFC2895F9ED8007EC7885101679C06F21E4B1C8A6120956F80518D1DAF1717BEBFB5803E20C6F2A11B2E48AFF4AD2810A70054623E341B3D1ACD92DA91150DE631EEB2C28882D092049C0DD38E262A7BD6F985499
311
30C9D44B7C37028AEA9F8C5628A2BEF5704C0DCB2B428181B1BE766F43014498D2E57791E4C8DA6BD2ABF5003F0C40202E2E32EDFB02852D16C30B7F646B98FDF86C7891690043128B0A0DE6B4EA27F08C30CA34C9D0AA0852A5997F8D11A6EE84E040B20472020256F4AFEBBB74E6705A12083B249089218E6452C8E5A697
311
17E904A3F5EF3D5D08EC1F4D4E85086B238CFFC11AB9AE972CB775616C6D1DE04DDF073B4DE3747C41FBAE6072901CAD0237100670C5A00C2C3CE063610ED824826C1F6650700E88C00B62468903A0D71D3A390255AD7040048348C56C4647413C2C2561216E0C469203EF06A5B101AD40D0E207F78B124747DB5B4BBB4E88
311
B1C373C114E0470B345156EDDBCE1B4DBDF81DBC400746B0B54E05F693707B89A5E430982C2AC7D10DFF11D5B102B9505034B35D07E8E5F585757F088B390F2D4C85CF7218E8418BB4F25B885053D07D5A908326809F31D6CC6B77CC948413B28664484439D118DBAC27DB5AC40C1AD166F25E6A2F0AE82100C0BF22040532
311
3E1FF80DFC518CACA8DE1003F3C9FAE9C7B2D60703A0004F8EAEAD2DE0F5485452D15B77B4B67F4C2403B8D8F9C533558ADE058A9E177A1698F75DC0EB4C800F74C0270178C8579C1FACD025F0560844502D2BBC01E620030CB93636C1041636A693949CD80139FD15BE107F905590A292840F8860706D07E2970A2F15E5B1
311
3B87C3143CB2930374CC46A6F9B9D7A5CCCC14E11B9E879A49FBE27ADBD6DA82410FBB94FAA8487D61B51F4BE0A03FD08743C31020D6628ED20305A22C2C2FAFA7ED1E7881C438AA5B9035F20759E243C51F34D0D5F02F11403B9E204CC1686C0B6C9000470561519CBE1B0E4FBEAB37A39EE4B84C05F023858779341991F3
311
6D9D9F351E7BB3B5ADF00148D9D05784F9AD8B037D48C01BFA83D4247F03BB768BEEF973A14E610090D4B96B1EEC5C5E66928F28EBEB6CF578B067DD83086081579848E60DFC7684044D8174993C39F886043481F6A2B743B18749E52447CD4D230513032D20D20206E536E15BCF7B7D211634F98FF9986287F33F9A94615A
311
5A0A7CACF8DF5DCC1AC6EF9AF1945EB78E0A2FED1DA2ACC00EF983F9A012260BD722EF61C9DBCDD8719703ECF839029010CA0B9F100B1D2842153E01A1A3837AB579516A31982FD2908A09100DAE591016CBCD4B011A2F4DE299E1338CE065DC4841BF9895D8C81714800CD08F5AD39601BC929B55D291F6CDCEF2AB40DD5D
311
98F4E6F107C47AEE4A09A079C05316F479DAF4C2BAB83221BCC0CE23FE3D3D4C7BC9AB673D89A3677D6020F6E182332028012FA0FBE0B2668FB85485902A8E7FA0BA2105C213E20BC2169211A4BABA7D693C3F1DA961F203694853137073AD5CD25F1C017DE0477626D7BA55B88F83B5EE513C41D814639FD1BF759171F457
311
7D3CAB0C3DFF68B2D3B1F8478C18F67BEBB2598FA76A4545E9E961BACF657E0791D2373030E0EC9FAEDD17BEA7703A738185D08236C407448A4CB504CBF01FF43859D3115488EA01B55078000DF085911805790DE1B41B6F8CB2889C3834FE02AFE07D85143C6C008438A944EA63E047023A7EF37E13B0903AFEA7BBAB9579
311
330FAFDAACD540022980B65A75FBA17D388F1E6576405CCE7032D95BDA420E7DC0EFA320879E5F8B3B04C1D2D9C1114210C19FCC49DC6A855E12010184DB8968109ED016E4683CD552A36B3AFA13BFC2114068935A7E774CD2C7225642B73325938052D8634ABC18DC9442BF9E0402E85B42F9F3273672DA8E8F1070405D1D
311
C3248487574CD98092B8B956E6AFE1566530B78FAE05B4A0DE51FBAF85DD075C7E11939F80E015A58D1F87E400CFFD2306C4D1D3C634380A201545A92BE01F445800BE12302AB477BD6F62600D211232EB061448A0D2B877BB940D63D059C37E0569A83DE93E214F4BD86209FF6F479C640AFF8AF6D1BFD987D029A94DB7C3
311
29B4184D4BB013BF912FB88FEEF913071A8D82B651BC10DB067A7EC52FE1B421883144C00F64FA23A11CF708BF16CA59F18D4C04B8085964B2D8DA4A855187000BE440BC816FFB13374640B0EB1D0998AF38A1AEF503F14302E2811081FC12EA6CD38A63B33035125F40F170C0B0AA45E9FCA38FC6D688D48563B5C4B4B7C3
311
59D3C7AE0EFB16ACD5E2FAA47EF8307044B4EBE1C71E84E742D81431FB06B90B600B9C239E277A57C94C427EE10E7826980C0136600D916A06058CBE8604DB4D314FBC014EDAACD0820F14BF75449B70339490FE5A0491221BF95F949DF1235380E969AABDBE2D32EB4403D3FDF17F42F9A0A7C28ED75BE86BDB7C7EC80C76
311
F86B8800F77B305EB88F00A4352E0F8089EF811EA02A3DF08F7DA008F803BE4B4EF5F41E56087099E920708C3D720916444440FDFA013D4E1201414123A09290F5BD7AB729298209C4306D007BB0829FD4EC3A6D7E4F00B67DF38CA0764F832F0448E58439B952CB4F70DF964AFA74CCFDBABBDF273E2FF4F56D3DBFF2A78D
311
42FFF2755DF307066497F44062AADFC0CC546F6DCCFECECFA232E14F408F05477D311B683A35BC245FCF8A5CD2AF20022C21022266905A5BCC8B20235D6FF04019CC04058AC80023662E25F342063165956320BE50370F2A657BACC817DDA3DDD3EFE04028645780A768FE38DBA88BF2EF3ADADFC7FEACA952E5A77568ECF0
311
C971DF32BF1D24F8486B22A649EC81B1B60315CBEFC026091CA45F858D7D04C1B437079431E63E38F880758842E780A9E03791C0FAAFE10012588C3C592FE35461A6047802BA18686887023A422A49599399893103942CF6DA53A8E387825FA0678B261F139F801E2B17C901D0F5217E07AC2401A87D0480F753FBED44FE94
311
9C93A1D042B879FCE499B3D861AEB23F9C1F372F0C24D0B7D6E70FE1AAF60F84BAE642D82F0A9F53E22783915518494FDBC0AFAE7DA282E5050B703570E06319A015E00D693A6BEFFAE493941C3B08C13B96BD20D0115A9565701DC58568A3009DA13E965765C03091F0FF339F7309D44F6E61F837F1B1FF920450EB8FC48F
311
9B40158BE89C81A597CFB0DAF5F5755D3886DC13D4479599B583758CBF35663AA234F133F91D3BCCFCE0A794367F385C59B19431780F1C099131384056616E15A1563B50021D369C593FB292685A68A8B2A50A0A2085CF05434617E05FC24A6B077B990014421A68401AC4D65788EE25F737EB780D08A6E38F060F2ABD889E
311
1B889C44852C2FF368C1E3E710D73B6589EA83F7417B341ADA1F639A23D15298F087AD0326410E116C3A1B325218433C71AE62C07C1480F1C045629724A076A4BB8D622D24690486727F56108D07046DAB065000678E04C4F8C342DE27F4AC102D854F2D08D59B4ED0E4F697B0FF62F113646BC5B7F3131D4EA8BF8B265EA3
311
F2026E7061B96F6DF3D993276B2180B8E57067587428579460551049049B074CF8B1066C7E14C705F0B39298C0997C17F701097023BAC31081390196801FB0C2A12380042927503D5A01CA127F9841B460310639C674BC8CDF1A320501448E0068905B07F6E5602F8C1F07786253438CEC51AE61FDB25FF71B09893AC026A9
311
EAE3F30F369F5D5EAEA5801FBAD3C98B38C13EE017B054F81A56F05259DBDA64FE270B1FC4C77200FE276FE814B916E222575ED717A62A92956504605268408CFE13FD61F84252228376060206802B9550F00B9D47E6AF1022538A752CF4FFF1F5931384A9FF8700EDD4FFA2B93FCBFABB3EA6C607FF714B0B8B04EBBE83B5
311
2B246092AB018C0D0002FC490849F1E214AE6FC42009D6D86616C835B65DB9862EFC4480C14137603C3089D0A5588FA27E693DD184131BA4E88C35045ACEF1CDE1A82323C20B842F2419604821196EE8185BC834AD44F8E9B7549A32900196E9ECBBE20FFB4706861AACADBBFD9B56A23FFD3AB8BFACC18B1B5AC0ECD7B6AE
311
2E2E9CCD2BE8AF1B1BC3A813B94107E82DE67A42E7CC7D4A6116700B5B2EE3C338A09B840F07C40A64800D7C605AC42B72227C4C7020AB1F20056E26F542717F56534261DE3766AC10A6ED2D006DD03BA9DBA507AE0510A8B385C92363B9154167F1230C40D76AF6F3BE0CA08F8BA2FFBBCEFB09D0986550E0F0EAE2F2780C
311
DF850CB0F88CFC2815FE87BD83909F474F45DD47F1C821DB2107A8817FD45384F57891B65F2543D0C1E20A89B4A8DF806862AC27C60F6A054627FD344250718AC0FA21CDC4E28DBF2650D1B39D8B8A420C348A4F846E2BE824BF8C45E1DB8EEB52F576F47A75FF95F90FCE0FD3A7A08D48D5B9AFBE3EA658E1676FE3372FB5
311
7F0AD8D70ED4AEBA3D4C2BE0AAF1C3AD63A6004D12900CFC481A47430C9EACB390038642C8C41B13303166614210592736B8603AD4FAB17189DBB32F3915F0C380795A089A15228460BDE8E52203527D41B5470901B088D84FF8B3FE2BA7F4FD30ACAB3DE0B7E2FF95807AB0010FFDE3A048F7360F9F3FB9380EE537F16F86
311
73131325D3351A3F664022020811A0FE8C019CA17370725CBFF64132025DA1BE2555102212E80A907FB43ED80A991A8AAC183932C19AE17524B06590B6AD286EB99BAD18FF4BD64BAB519202F992A963648ED30E7521F909F090C0213E367A77D8836BEB6F34D92EDA624183070248351F1A079E5D3E7A9EE81F2CE6678F92
311
E299EE312B6C0572C0A7B5EEE07853612403813152C7125E2022A20C18F855DBAFA399817FC97FB6E1CDCA31D348434ACD0012F0D32A5456B4007E6E92D72B1A4E9971223A42C1042819E4049C0C5801300C0013FA48F8944FBAE71DAFC27F1826FA2304ECDF3F6C10FF47D5C7E49748DDD687DE8E91C09394EE0682A4F84C
311
FD6067EEDF43E67EA46CB2F4070160439245F00343D03BF25D7E2F26FC400A896DBF19FB8D4D0A66DA669C3D608F9CD048A0533621B25690EE19D5D15248E390F042B12C682511B02BFE3E5700E4C9A9B2107A8F45248FA48234FD23005ED1F4EFE80D1320836F04003BF42856D478D1DCA3ABEEE3C68F9F30C3A16E5C238E
311
A5DE3FF37DACC2F8B7980033F47FAC34421EF0418A045394802CE032D61C70023D788136788613887C0011A4EA316E005718AE191F8D0D841B9C679CD2FC478442D005429166F5A24403B1E6ACF3298F388B6D0BA933D92339D48969A5C11F09B4FF017A9900A4F887010C474717E10F36468032FF33F4AD610517777104CD
311
920C3CD15FC5F3B3A0C75BBCA3B00F2724863C10BCD4A0E00736C7981F2F72E4B001438B99714FCFAF713A2603BC710376A1715FC602022202E06FDEBBC680A3DF1C4C095A12C50B554FE7623B50374FB2129DDEA4C392C9188077658C87F55FF92FFA507FF03FC8DFD3F31BDAB46DD51AEB03F7E1B38B8B87CFF47EA1479C
311
3EBAD5C6B382C221C0F1B358B39D76D9D3142C4A20935F541E492E0EF081BA41B3620A8E172B584EA1485632E22A8221CEDAC6110AFA4B6D43E2B76A18AB240BB24337721C9321D2C033B2D3E2641A55A400A28403C12D1DADE39AD23FC5FC08C47A64DC3FF6DFF76B5235124022D7E6D6D5F3CB870F9F31C96FE477FAFE54
311
100068A3A87FA5908A2C08011CF31309C10025B089FEF9C510522B8DC07C30AA469841723A10C08E27F00F7FBC181C083F2809EC3B2B328E294AEAD5A071B3A95C81D2DE3F930372D022C9C793535B92FDAD5426E90490C3C81D000017C6494441544698C416520C1C40C71FC204B22448FD9303782FBA67089A1A7D4CE38E
311
89050FEF5F1E078A4DCCFADA058032C34C1CBC2E1202B1F8962B1A8024F0EB7A11F209E96FB369D4B64202FE7BA230AD24C46413536EAE955B341B726C593B5D4630C0BE822480908522B0D85430230352618DCD4F7BA6D568BF4343801480006658EA3EDCBFFA9702B4FDE9022163C43F9B72B58001A23FCE6F0B3FF0E4E1
311
DDFB9801A6FC42FD0132CC1F2224F89933107AD30B6C9131A53818AE944BE25A70810821C38F098411980E46D108F483DC63F49B91B852351604091D60546702F58A3872A1716411B642C7629C267E64E77719F46B0548FD6BFFFC86A38DBFADFCDF700228C124C8664FAA02BFB1F92B09800876FCE4F2D1C3FB4FD0A44E01
311
06A8DB8079751CBF0BD9340066C3D52BC64706467C05B5A54401BE4A1B0132A55EAC1CCCB10D378A3DFEB9812022327745EF2102886A9142C812A1A2C9708027BB55B7006357459F9C2080E0BC34489FC629510F3017B62D5073E2A2C64048A0A42580E413BA9E08274091A398EA80B5BF31C87BF5ECF8F1C5DDFB4F22AAC1
311
81F070AAFDDAE5650C4000516440D8806786D874215149E69ABEC43FF0EFC820FEA112B0522003C84BE03FB76623513B6D840820358B084119B0CEC8C00AE888826339A54091F5FCA513AFE147975BB1A86FC50618D9D74502F0C7C8815AA306602FEE3A5E79E0D7DED1B221001118B73182CD439A092FF801105D1AA14E19
311
18EC282F6260869D55108065988BD67F68E5581720A708051F7C8070F582389C682BE53F2AFD85853F2A013D21564028E06E79B7A71E43212180A81541EBC88F451E02385100491AB0C4A3BC5309A95911E66D04C0B448366988ECD204C2FC930F8CEE8FA410EE4C25B58DD1B6EBAD83F6196670F7DE635282C0A56A851AB0
311
35831725F0471A10FE52097089C80495804100318405F0DFC2136004B4C40705EC9154315129205EC357930035688F61AC02188250CFA9A980233925F16A117A48CA54DAB6400221976B75D863330942E20EE3B00B08FBB71AA813B0E502FD2B023DF70114E0D7DF2E2EEEDE7B789504200112075478F2FBD6897835C91F0C
311
20782401E801A2F9142700B74805703426023A81CC0BE88B537D0003E0C5181D29EB8D83050964DD2580910A1E7A8138F76253DC01DC2F3824391AD748276C0B0CDF12366625D038603D0003E0266CB42704C8CE7FA7F11B4D59C0BF454A78F8FCF1E50513715D469607031272358F04E0003C90107223A581218F10008B10
311
247CD20D860FF0BF48801040B361808148714764028EAC137E871501EFDD97C89B52107FF1235B0928C562530082573CE137840EFEF82A0BDC602736C595912FBEC69E6A3A26903B3A300C5A098A9E3F1810CDFFBA019D97B4E7A7A075850F2E92569BD960CA7B8304995FD006FC4213BB1448A6F4BFBB3A9F9FC4962D0A13
311
69129B10073771FEDA38B1737B663A71C088D8848027FC3008DAC4E4397A6F76271DFFFCF77D6BD7F1F67DA51E0E08875A6BAFBD6BD7AE52CC04A0B4A2206F650EC412841A48258258E8662C3838FBE21E25172C2A15A4F78D82DCF68A005DCF07047C183E1CE47731BBCCB5469D9169E0D588945BEB637E87802A03D88FB8
311
2486210D28FB3B858D13DC7CE75F5E6F3B03C1744D30CC58C7C7A256146853A05243060B850072A7010CA47CFBF9A1E24F414037B8781E8E9F219A774B36481CB43E48A79819D638C8760D672FAC19FB9D3FC5EA9158DBD0159C27860409682E8FF2595652FE189D2CC2D7C023E944158355806FC320087CC74116030CC376
311
C559C098B93A041C5DDA48AF33827D2327DC761D19C17CC62780D82A170E6CE7415A5E7FE825E053048F88D2AC2A561CA4D4C60098DA28EF1A01382772484698F60C8DD24BF396EA76260542810A625978C03580A9CAB91D10249BE579B0377A3DD15749A45F24C4D81FF3D7D7996F6A1690288008C0FF6CC186DA9D5FC95B
311
B09B1301004B016E707FDFED306A1BE8FA208828F00BF342186839839F1F6FA338DC5A0200FF383DE92614C03A4508DA18F4D85F9354F7E867AA77A42FF49BBE6757A1A7454448D0BFC3C220714FE43A3D8F1547BE10F0BC5A05985AC3C28829A06FE24CD062700601F4AF12AF99099B08E7071DC4626A97C920C3FF96E190
311
C9D1FD7CB6163E800D79E5F3F10A9306C02B799E80F1AB380E0571A584C0370A220C3125000B500900D96FEA40409F980E2083E4EDF4D8D2480AE5667222E020BCDAD4EF19682120818FE18EC7FD6AAD67C03F7DF1955E697456F517AC4F24700C30171C67E9168B109A4F60AFA60F98BE30941BF776DBC7C70792A2FBE98A
311
AA97224F8BEA39B47BFD14A8CD03320DA2B676E3AA397E652E30A42CE2987B7DA1EF7F75242413800A04C0270C62A13372400B435ACD84B8B5009208F5AC73EB149FFF3508E21C2201E0338BE07E50EB47E7FF6D97724A601028C5519073E7978EC88834410450E074DD58AD13A4900103A6444A9CB99103229F0EF8C0C781
311
61EBC68137240734CDCFC349807851E0EB46CE864D2E405ED341B71A390CF2DE20CF5193189E1901E866D0230409684B193D17E2928534D04240937D3C84477494FC5E0FE0B448E35AFC19007926C1C6A6E622FDB8A12E30993C6710E070397C4B26304C0AE38218D19F01FFB15BAE1C0E7E74DF75F2406E373C414E848FF8
311
E500EFAF3C1029C9C0ADAB2313A7426CA9B2C1B9E30032C84EF31A09A88A386F136E8C2F1D582EA0459207015F10F1F001F0B1B7DF7222011EA2001F00BFD36BAEE0850928B08C077030FE3806C880EAA74BCE0863A952812E6008B3A89199C1EE918AF96AF583F1A073B0A355B9D861AF1460DCFB3BFC6B7EFDC834B09700
311
CBED3510E48DC7129041C991F06BA5006CA6B5B34EE21501374E8DFC910042036111EC9C7CFA1C05D48A7270F7F835BF04A4194DA4CF76CEC66718C84CD020D04C412AC848F03E3C61A1C8D50D0EA6838A00376054D3DF61A0E393E1F8B058A6C994093476D601A4A06F0CFD3C0A6BFA910E75CC10400A80FDA93AC9B5EA43
311
03F6C0D188B559086091CC5910137772E14F2376D03181B5CFE74C0EA38440D0AC256D6C4D104CE05302FCC00B60B9CD4D71E08BD40C144A025E60D4C1F45FE846A2105D717EEA84808A5DD90A168E133640311CF05DD870768683F5D2F1800F485AEBE5CABD8FFA3C0BEB33702493AEB551B1EB035EF5C8E5757FA7832141
311
F88E8578A363802B560007AF93D7D470B478C4D00B412D634C9140C4F9275C00DCE8DFE3C7F8C0AFBC5B2CE82E3C3BDF393D4375D50C43CD1C17E3777CD2C170725B7B42B41DF15BFC344DAD089C1E9118522B4A2C60B794E4E8F33081BB7C8CFCEEA0B2015E49D586429C6C78646180B7710E06018A3082243C275F077FBE
311
412C17DE80D3E6B9462C5204C5D980D1DF84A864401C483CD01B143F4A4868087A0F780F37230200A4FBF6AED325114C367C22512750A5C7C3E32D545CE20A0904183BA10015DCAD89864B3E1EE97EBAE8B204266A48E010511838E2FE413FB116E60880C2D8440AC3880DDA6DF6618C138CF1CB2A09637E18D00F80CB0DC0
311
5322E31EADB8081C29410903F06BFCDF5AB46024E4A75828056440503C707856EF0C037623DD4922A400E8A6BD75E4D2800905F18450A00CEE88860C8964C7B3F90F56528BA18F71CFBBBCD2D05797E168FC37DB26DBE0DD2EAEF39686C18440820013C1444055402A541400DD362A0A402F1FE51246404E098249FEE30708
311
C10CA0B54601053159480C00BAA9B1223A773234FE72FD5C3BD81804D8D196FE3D5315A0C981D88D04FA01DFC185CA93F9120E1F480B08063364A0A318F08DF95056E4C91F1150D31B011200383502E079EE43CC18603AE2F88FD139C802A739F208E88D06DC78267C448C27C4113C19B0F51B0E9C1C021CF8F9167C6B1F2E
311
10E461002910105D1042792D1CA303F469714C018C23D72179E165049C40E801CB96CF334562E5807291D1E0C70FE6CAD91656715F0E5C5E70F8D7F83290549B1BAA6F781D25180EBCA93EC84E72A74081CE3020789B3790E1A9E478E658C099BECFF01E530E80EC5FE31204ACFF70AF8177A03059240CD074978A002A878B
311
F883FEEC81DD684E406CA630ACFDE87292822A11953710F000885D6F68A67ED40CD772B0828359B753F7CE23D9479AB9845771B389D6A77130F8C134EFC83947392029B10E4425440A84AF0E54825228FC1634D369874739C837A9DDC83C20D320C36042610ECDFA750303710224D01202488012CA847424F8D53F78AB6BEC
311
E9B3B35A7F32396AC6B7444566327DBB4DF06FD9616744F4D3A397EB3B0A3FBA8D763702883ED742FE5CD24146D8E353ACCF811C806AE09914D8446E93840FF4D6C963FF32BFB6AB015D1D3B0C9A0968776F021F21404B6260CF84A14F35180CE20B5E85BDA2EC91FD5A7DBA7E5705F4F0F97AF26CE18E3BA078138202400A
311
62930FA6CC7882F911A92F33E547E64990B0F27323D73B6222863F86425153FA8009361C675554C25382CE148420C8DCC47A20122806CA178A0918C14CBD33440289078A00EC6070184CA9907FD0A1270478E0B325B67C2193694EDB7DD0F3C238447C8A11485562FB4902134E6AC952FD5320A4F7C780882DA9684285CD81
311
D278C0E8FF8DEC9F45D22DC3C2CA99C2728110888799575B6834BF22B0F01EDE72D7F21B672C40F0A972999E2200B7C91403F9BB3D09C01990819238CBAE5E7510D7D57450507E3DB04AAA0A3C280064E0775380C8C16EEA4834346A04BF0CE847B4B3AF760D06D24BBB267C32E2C9257DE5EB748AD101AF1FD33265E2B674
311
EED8C01A0AC901392211011AC810560F77778E85B13BAFE3E25C95B70919A4862C15928BD8989664AD8638101D009A80F00BDC41AF27602A4BDA0C077E550048E7F1011410F01405045E1C140B4D0E70E0F6E034171C3D6FD12004FCC1FA304312518910356628A4A326EC9ADF5DFFD1B2C0399503F14B4F8E3E0E4E39A06A
311
BCB56A8014687E86E462BDDE5124615ECDB412B7314F62E6E0C76ADEC0F717B360E741960104CF1706CFA18E0605004B01AE007869B095ED92144A807841EFF2811C047889A04901C809062057192688C92346F97F279449F89B113500BAD282D1DA80A55C27EFFE02C8D4F395003F285B617BBF0831F49B055342DDDD4143
311
78E8888E92C16789F269A27C9A221FAA4A0DFDDB9F935B2ECC04DC51481558A69301E0460B02665AC4DD30C03D480866C3409400051811876014C0F294C542821AB045011A3E3F09001FF304E3A0BED05CC11A811B865001769507FC01ADC611F400CF68C7B093606E30F3C7E0F00C1D10C31951C1E2D7252181DA00345842
311
A19130715C736EC9ECE686A712FDB31E4D3E50AB336E5666D7B212C0113C4A4406029709B43D0228F3FBAF49921B19CA0C82A2D5BC4A2079809240F37D3E10F9637607C3983F0458508A98B8B4EFC92AC13530180CF55359500080061DF59B98BB3FEACEE881DC8127F182A885A86FB12B43C590A4380504E32305E3148BBE
311
EB2D2782029765428092545BA5C2C681FC5F8E869C0EE1034A822FF09A12C94084505AA868080303473F8161F7AA0A6610745E280BE4427FB770106F8800EADABA19F453210435BDB2348471B13B65F2FCB554827632C4C44467333E4127095D22092ED492009930413251B5408345065065E415266E20279A40B3F520370B
311
E2050C8360E6BB4601C1673B9BFE007EF5200B6483CD195400A783E6DEA0653515B0FCE8E86D1618FC1EFC15C2E727F24F2A2DAB57326D8D0877D4E298894E7A0C3C7D9CE8A0E2D17AA2020FA1097D6372F2A9F955060FDD467AD0426368C24A8340FD0D6687A76316DEF5179ED9042005A2BF02A5DD810A4DEFA4A8F700EF
311
C50FF4FB8C06410F0303C106ADF8852ACC6A2CA9046E9ED070739339857222CC009E206479886EA26227BF7A341A15C351A8404A6C10080A2140FA4B4E8D9B9A11645899332363FD69887F436A660566964250FD752E787B64BCF8E6C8190DF8EA0C854C062D8A5A1346F810414313E606ECA0AC3A01D6928544029D5F42E2
311
02C0CB386F880F7842A31287061F32F3CBE09F2950783394F2F2B23D85386C6F51943E99DD10C8A0000BA9569A14805693274BD0E4F4DC3F28E331EEA91C4F33ABE057889BFB92819187840A08E57A276A8BFCB75B0342668C70C565C8059996D209C2800941A21FB82B2F520BC2E6FE6F1A8827043DE17000DACC8193E78B
311
BB8DF1467978C06F6AFE986123E3A95272CAC122046F4C65C4B88FED2F1CD1D918F7CDBF8903BF1A90057D42F4DC133AF804ACBB58446A0DB78806FC053FA1E45D0AF1112613CC0DD976C5E70AD3282F42725C0D02AC8588DE451B1C01ABF063E7748A3882F0DD484BB78D037F9812240EB88B6034C0AD53E5116D4C6D920C
311
6A89F084E6D0598AD7EB6930CC7B293E27A666E5CDFE9A3FA52FEB3C97976FDAAE9A60008FCA6B33099CF9880D35D419FC687D424378E3099441E110C5B3C6DC311E6653514A67A530D863326C4D8430E0C28024803B5B069B0E60C10EDB6DF087034171DF01F1F3404B27B1056D8C0E56E7CA6056E7798147BE4C2F01CED5
311
987E413AC6A724876DE3F599E0601CE7B9CEF3BEB3671E12DCE8AF9631B8031D3F360B6955DC2342B2A0E4632A00264C0DA002220CFEC3E10D9BADC8904D88DC51928593AA16C91DF6FFF82B3234404C7214D0F8608E0052283EFB2B0563F1D072936C4017706010BCF1B16CDE0C1FA9C777E44E1F5259B0C9BBC8794A82A6
311
C182A3AF56B16921405351FDDC91B5BAAA617860E8D76C97C377FE701A4EB4378FA97C2C8E3CC8950886C6FD93AF70A1F5F676B7ED16CBC56AF5D09110EEB8607CC08A795882358280DDB98AFFE7087C6EB593D62F041CDB4018935238E73F1098100D0C8769818F777057F64C703C6530E142FDF5C837AE1CF66C94C4887D
311
3A3726AB990DEA248F73B5D32C8E04F6714B1E67C53FC52040252E605B322407CBF8C7F05453462A295ABF4D95592DDD76AC23512E9A2DF964715C80DD752CA8E263AC36F02C3C28A133EB22AC8D099BDEFDE28C3E8FFEE3815D5D00C17C00511058354D62443C1A546280E43572A9C661A34FA5891F8E7570608C8DF21DF5
311
1DF9D2A84D4501F41B8CD4F4C9DEB2F901E810C0E4CEB6EC08DFB06341C864CF8D0EEE779A606545E1E64AAF30A4324C20FDD3BD558BD966BA994FA915CD162B1978642AD01694E533EC190368A68234657085B5F88E27A0805E04B8BB6A00A51646EE3C10A50FF007FF410F1963CA69BE2002F0F902E701AEC995FD41F83A
311
3F0C3809A3288A083003A6CC2A20E6D703EE48E3777AC07ADD51EB6101603A9FCF17B3D5928F6D742EE7E4CF38AE2B03C5FB39C81D7B2978FAFE85AF3D2710B0582C970F0FEB0E4D1103B8BE2B4D560CA10002FC8F334C891C07B44FE06B2E3ACE5E1E2D1FC32203110ABF9CA0E8381F68EC3C06701328E5A38278A5FCD944
311
CEA5283DA933DF2A2448BD23F1C5D8BE04CC2DC3B43B3EEC29F8B5FF926D11D3E97EBF7FA1BD1E5E5F5FE6D3D972F548547783146ECD84873F377C5820F7F9FCE5E07378D6CBCB7E036DF7F7104079A05B77C6942D1BA95D47424BFC3DB6411009A42E207871B7EE9B06614BBD20F22F7523FB985F3F7068E37600273A3ED0
311
C1CCC380F6EC4AF01CC1CF95E4848B7BF950AD14C44F10460221E02D21D01DAE800F323704C00035DFE97CB37F797D3D1C0E4FBF35EE1E5E9E0E879FBF3DF6F474780A01FB3DAF01FE0C0798218007C2090A3008BA7682A338F4A8804A06CBFE6A80CEC766F49853F15B2F45FCEA3F8250012841315016E75E797EFEEC4ACA
311
6C79F515CF1738F7C36E2406071051043817C9E8C5888D49D0332E800062FF54FA562BF7446CC0BFDFBF8603D1FEFCC9F7FFB5A7F000430755C2D3F72F2D02A022820897ABDD44594475BDCCA4A10AF34C06B08B4AB58BBFAE30999DC66C7CE903A83CF8EB006EEEAA063430F84B05F0ECF644825F5E95073870E72A0771AB
311
89B080022A0C5A9FAF34C89286257FB7BEA000EC65B59750C68E0815B0D9834B15606328F80709DE09018AC2A7817F83F96DB3D562C10A0A31300230CD4200B87F85808BAF64D04600254047F9C14DE93464009E7F5AABB4FDD6D55142A2C0BF1541FCE19C20C899BF4F76AB54B84CB97F88F48ECC029FD253F0C70DF4816B
311
9AC94BCBD653B1A283C4001A0337955E4AFED3FB790B6B1F5EA0B5514074103A38D84280EE0F5F9BE974EAB2D16AB1EA969684B6E4166CA28264B300474C7308D20013B204A65F82970718D05678B3315D442E1C0A327E2F56556040C005D2FAB1326A68A07507C9E46A3648555A7080F5F50219A00E6222E3E0862CE95B56
311
80930530742F1D041805E69B788161F015944D041182B861A2C17F3AF01CF5BFDF6C343F9171F5B004BF59C016719164B888EA206A02AD05E8464D06B48E4381A0E9345FD171625AC22198F57C003BEA5510F81FF78D31C9B033D0030000000049454E44AE426082504B030414000608080057233D5D28BB58AF800100009E
311
0500003D00000032354538303346342D363745342D344345382D413331362D4146393538373735323035312F536368656D61732F436F6D6D6F6E536368656D612E786D6CBD544D4FC23018BEFB2B96DE15493C78601010A34B880709DEDFB52FD0D8B54BD70DF6EFED3AC0B12E6442E2716BFB3CEFF3D18E26FB440405EA8C
311
2B1992E1C323095052C5B8DC842437EBFB673219DF8DA659866649B798C078B48AE6410122242F2A4994AC7F93815DF85C049C8564CA0A901499DD886B2EB9B1E02448F358701A9235880C49A0119892A20C89D1B9FD768815CAD268CB5E0355B40B1E47F3E37A2020464BED06AA57CE8FCC20C3C3446D46761A2632A8C128
311
3D07031EFF2AE7CCB1BFEEE916E406DFAC8E36FFD99A9D60A6944090EEDC3B670C7DC13DE86B6B2C5C240D6E503BB85ACD579D513F1B9F9A69DC9CC22AFA80C426D40AF0B21EA168559156B6276F0F726A6BFF04DCD513A87A62CAD41FB24FCB2858B3952E3D852084DA25B9303C15687973CC8E8AAE11DF2836C38C6A9E76
311
5E8C1BA1BFB1DC29CDFE518C8B5A7655A4ED7E77291ABEB80DBD82EC866ADE1B8D05AF9E35CF09D7A061F38A986D9EC412B8F0F65E5D81534D9B231D1E5A8FE577A241F3A5FD01504B030414000608080057233D5D1004A04F380500005C1700003E00000032354538303346342D363745342D344345382D413331362D4146
311
393538373735323035312F536368656D61732F47656E65726963536368656D612E786D6CED585B6FDB36147EDFAF20F41EC7F69A2005E214768278069665709ABE0A3445D9DCA80B44CA89F7EB7B0E2FBAC4B2A32643D10E33505411A9C373BEF39D1B2F3F3D27926C79A144964E82D16018109EB22C12E97A12943A3EB908
311
3E5DFD7239558AEB07B6E109BDBA7C5CDC902D959360CE535E0866DF07A7579733AAB85D5AF234E2C51DD5B081CA7A87DEE56E47E2D6689E735AD0947194500A22A249308DB6F82682A3782C52A141BD80E4E54A0A3609622A150F48C16994A57237097451C2DF462738529D3AC5FCFFB5B401988BC78824973CE1A9A628D9
311
1CB968BDBAC335B9A4BB379C6ABF5D2474CD7B9F773F7F78C349F055EF13FE2CF856F0A7379CE2BEBCCE6456F8E316A9E66B5E18E4AC77BF5812F5937FDEF0F5BFE3E3C785576D96659253EB54863A87AB5D98ADFEE24C3B8E38FE48BAE2C062631799EDC8BDDD833C6E88585B9287340B23AEA990CA49B1A473421E81F856
311
D06D9125E45E6F001C4F7F85D6DECA8C6A835753A250DA50DF92F743409CBC3BFA4C6EFCE2618D302A0CEDDB264D93950002937BC66489A18D0A345DD650415124BE376A745EA9F0E016108E328D14C979C1302CD6BC0A4191B2C2C49112FFC0DB51401288D6A44C26C1B87A160AB6A11E5BD862514BE8B3DB750607BABFF6
311
F781D6A74EED6EA7AC28FB3BA68C87AC94B2138A99DB41AE7147A71F56659287340123812054CAEC8965690A74E111C5BCA7260158B0963EC50C07E38FEDDFC5C5C70AB6A915F446D44E46C321E46087E23E221E2BC0DA6EB440EE6F44E80CE5AE2E2D2F31AD7AB71B8B139AF730773909401FE0D8DC3FCCFCC3D438DC1176
311
062076C3CB4A9D953ACC72CA84867CDA0361E0910F4EF3B109A07D332211C72556825745A215835F47678059E337068E3ACB0E2EA2B507175B0818FD1082EB4D26186F85BAD33464988F1420E1B9E43D522F8452A450106B04F01362BFF1B2BF5059B60F687C9F663A54396722163C7231012E7480FE916910E6572B6D8F4A
311
54CBF92C5CD324A163C8508058D3F16A399B13B348C6830FB5FD47257A1B8D2CF08253EE776B3A72D782D895363D96020B6C18D3C86359B3C6D45E728B4B9D716893D091E4D533045F495D2EFEF633FF5A660A520A5790765FE52E12F0AC82685E7FFA0398D65528850A132894DDE9F837B1DE48F8A74D487795A482C7122A
311
6DAE377BDC5DC212A465ECD8B03E7E2E208EC88DD9DA89456CFBC477FB798C74389668AB1A75C820AB7568FCBE0B5F94DC9AFF0D038D9F77E49D45B8278FC7177D0DDCE732FA0BCDDB42720FA90E87115FF76375C5696F368AF83103F6A5911FFF03561EE06AD10ABE933AA9DEC398588888137017449E09C377051FCAEED1
311
E8BC3BFA9CB27DA2CFDBF533459F374FC0C4FDECCBF3E06CDC6874E0710421EEAA6CEDBFEE60EB913607436C3F5BBF713F6F42253B9A4A0FD64C08416FA986EB02254B1846D82E7CE2584EBE31E340E9A8247483F07D5B84AE3A5AE0D4C5B202EE585468BA84105B1F5EC00C16FADB133FB7399F390FCF245CBF9027A137FD
311
26D1D651058D44D9B331A93985CAC2046CB4ED9E0314977128A42C13DB06879A273052525D16BE833B8706BD1269FA69F2B9B109BB55D30D37679986D85848B86F026CF21E74809100180B0D280C36F6015A7DFBD06AEB6F8D503BDCD7DD6DABBBEF54E1FF5EDF0E3AD53C03509B5B816FE9F51BC8026F44DAB82BA989F200
311
C4220B24166C3037854094FD46C5648D9C42F8B07E53687D824917FED3CE56F3FBA68BE3C6853FCD64F4A00BB85831B1243346654A134805AF5CF39A9DFE22C9906A6EAFE8303A5F4AC4FBE637489CB62EA59B9D529255F326CCC28ECB77F812A7D6E63DF957504B030414000608080057233D5DF702076DC3010000E60400
311
004500000032354538303346342D363745342D344345382D413331362D4146393538373735323035312F536368656D61732F52656E6465724D6174657269616C536368656D612E786D6CA554CB4EC33010BCF31596EFF405481C9AA2A64851255E4A816BB438DBD4926347B15BE0EFF1236982021512B925E39D9D9D59677E
311
F3510A72C05A7325233A1D4D2841C954CE6511D1BDD99E5FD39BC5D97CA9359A0DDB61098BF9CBFA961C4044344599637D0F066B0E22C074BC98C7A0319C58A9B254B2435ED23BC2F388AECB4A6089D280B18D139496815152EDDF046711DD82D048498D902B293E236AEABD7DF74D5D839F69EE1D9F48E1F3BF448FC9E6BF
311
144F351E38BEFF9D662D0D16587B77825FAF2195BF515C395B563BC5197A0AE68DCF363BA831CF7C7C8D7F0DA23D42898037B451BA833673DA92BC82D87F636ACFFB0CEC96F4EA30EF9A0FEAB85D91CAED89348D80E9B178DDC3ACFC71D06F2528A182138DD8672E4DC6DC57CF91467432BA985E4DBE3DB399079353607C0A
311
5CDA0B70D4E65A122FA41BAEEF6C272908D315B076451BD55EB0FF9E092E11ACF8C6B5306028F9D5F15EB95426D31532BEE5D6EC700FBA0C1E94211D7ADC8341143D429D2671564059C2EC72108B4EE3847890CC4697DDF8A708DB01FD7AD8209A41EFC2DCFD7063A504821C7869545188D6C16DF801342CCE6B276363DC8E
311
FA4AFD0E86ED0677C3B77747C7FD3FD617504B030414000608080057233D5D3E7501F951000000570000004700000032354538303346342D363745342D344345382D413331362D4146393538373735323035312F4173736574446174612F41737365745461626C654F66436F6E74656E74732E62696E5361606030363632B7
311
303635D235777476D135713174D275747336D1753577753336713231B274741302AACB4D2C492DCA4CCC492C28484D2C4ACC4B4E050A82012F90744FCD03CA26072767A4E6260200504B030414000608080057233D5DC55C663656000000680000004100000032354538303346342D363745342D344345382D413331362D41
311
46393538373735323035312F4173736574446174612F53747265616D56657273696F6E5461626C655D8CBD0A80300C06F73E4B29FE6CDD8A2E82A083B8B7F209014925C9FBA3AEAEC7DD2555D896CB85E51C2A1BD834F6A1F56EC4494C4695278364ABB24ABD2146F88CCEBB89D5321FF8F3F43D672A3B44DF3CB6A1710F50
311
4B030414000608080057233D5DA505BCD4350100009E0400003600000032354538303346342D363745342D344345382D413331362D4146393538373735323035312F4173736574446174612F636E782E786D6CCD94314FC3301085FF4A648931711A5585568E2B044B2790A818D8AECEA55875ECC8BE20F8F7D86906501153
311
87ACA7EFEE9E9FFC4E6C3F3B937DA00FDAD99A2D8A926568956BB43DD66CA036BF63D9560AEF1CFDC05866A1C39AA53293E2E8DDD04FA5065B184CAA1A6D4F53F13E04A43D1C0C3EB50FCE125A0A2C530642A85950EFD8410103B906C3A96880A058141E831BBCC238897487D324E511081B26ABB25AE5E53AAFD6FB72B9A9
311
569BE5ED9BE08994E2E09C99781D9779D7DF54A53AEF65B2143C01520C5E4F547A0D937FA92C0EDA0A1E492902F9E8CAD4415F7DEC80BE375A0145F3B85384944708A113FC0C4BC1930BBFBC78C4565B9D5A76511A90F3CF51207AD238434FFE537B7D6F76361058857376E452E3F57D78197FD1EB3996636EE697964B8D57
311
C8091F4F498C4DBA2CF21B504B030414000608080057233D5D0266D236E7000000600100006700000032354538303346342D363745342D344345382D413331362D4146393538373735323035312F5265736F75726365732F33333237383335322D374143442D344431422D414643342D4537454633344234323941462F7468
311
756D626E61696C2F302F636E782E786D6C4D90C16E03210C447F6585D4E32E6415A54DC4929FE8A997CA659D2D0A8B1198AAFDFB42CB21A7B1C64F9667F4F57BF7C317A6EC282CE230293160B0B4BAB02DA2F06D7C11C3D5E844C40F981802ECB888660BA3B74425766BC51B14DF5CEFC2BD9B1B064CCEBEC7B089C17AC879
311
11D97EE20E1314A615F37D5A81613A4C09339564B11E60B7633F601302E32ACCACE6D3A8CEE37C7E55C7CB7CBA1C9FDFB46CA4D11F44BEF32E30268A4FB3B254C750FF515A36C0E8925CA75A08611E9ED3B22E8DCE9C6AFE0EF14FAC10C4E89D05AE3549B28C3C560861D7F21F365AB6BC55FECAA8DABA31BF504B03041400
311
0608080057233D5DA233C2345D000000800000006500000032354538303346342D363745342D344345382D413331362D4146393538373735323035312F5265736F75726365732F33333237383335322D374143442D344431422D414643342D4537454633344234323941462F7468756D626E61696C2F636E782E786D6C4D8B
311
490E80201004BF42E6EE76F3C0F216234B883063108CCF170C074F95AE5473F5C4C06E932E4F28601967600677D21E9D8092EDB002539227A2FCCB80E1168D80A6417297A89C5D6963B7129A0D1E8F2EE73AA7B62BBEB8B27DE50B504B030414000608080057233D5DBE89762363000000880000005B000000323545383033
311
46342D363745342D344345382D413331362D4146393538373735323035312F5265736F75726365732F33333237383335322D374143442D344431422D414643342D4537454633344234323941462F636E782E786D6C4DCC3B0E80201004D0AB90EDFD75167CCE820A4A845D83603CBE602CAC26799919AEEEE0D965E2E90805
311
0C6D0FCCE04C8BC355404EB6198129C92351FAD580A10E464065907C8D948F8F166375F655BDC3FDC3B4E530A176BE7057BDC43B2A593FE403504B030414000608080057233D5DAC19D8EE7F000000A30000003600000032354538303346342D363745342D344345382D413331362D4146393538373735323035312F526573
311
6F75726365732F636E782E786D6C4D8CDF0AC2201C465F457EF75653C305CEE1FEF81EA3B921390D9BD1E3A7B18BAE3E387CE788F6B339F436F165836FA03A5D00197F0FB3F56B03695F700DA8952286B0FFDD00F969330D140C52AC31A4E78166B34CC915EAAC7F1C9052C26B7A2598AB7EC06CA83AAC74CFF0C8474D59C7
311
C84DE96C9C8B92E7D7CB5BF2F20B504B030414000608080057233D5D206C686E0C010000550300003400000032354538303346342D363745342D344345382D413331362D4146393538373735323035312F536368656D61732F636E782E786D6CCD93CD4E032114855F6542E272603A69AA6D18BA70E1CA8DBA7287705B4981
311
3BE1C7E8DB0B238B3671A78BEEE0E4CBCD39072EDF7F3ADB7D408806FD445674201D7885DAF8E344723AF477A4DB0B1E10D319463A2F1D4CA4CA44F063C03C3749C341665B556BFCA989F7E81CFA67F50E4E924E5919E344E272A53227D4104F54CB24E98A0688988382322119076D820A20136822C661DCF4C3B61FB72FC3
311
7A376E76EBDB57CE2A29F81BA26DBCF10902CE37E3A0B01C7D3134705601C173308DAA29883877474B1F9C1542F0984269A191E96B2EA49C676B944CA52CB6803F8CE0AC86BD88FC001E8251D79AF9C2DEBF857E02AF213C96970A46DA6BCDFE9BCBBF55C0960D28DFA02E84F806504B030414000608080057233D5DE3603E
311
BE7A000000C20000002C00000032354538303346342D363745342D344345382D413331362D4146393538373735323035312F636E782E786D6C6DCD410EC2201085E1AB90D9DBEACE05D09878023D01A1D34A8419C380F1F82DA68B9AB8FDFEC93C3D7C52546FCC12980C9CBA232824CF63A0D9402DD3E10C6AB03A3397DD19
311
2872090D3406ABE7CCF5B5D18893ABB1690CF4DCF02282E5EA8A5BB96FFE536F285CB347F95BEFFE81C9ED5AFF9D5B1FB575BB00504B030414000608080057233D5D383E6FFE7E000000A300000007000000636E782E786D6C4D8CD10A832018465F45FE7B37AD4C076AC4A8F7886521330D97638F3F1D5DECEA83C3778EEC
311
3E9B436F135F367805F4420019FF08B3F5AB82742C5800EAB48C211C7F37407EDA8C828241CB3586B49F6836CB945CA1CEFAE7092B3608528F0D6EF9D0E0E63E08DCD7B4C5FD78638273561146B3712D4A9E5F2F6FC9EB2F504B030414000608080057233D5D1E7A0675A400000032010000130000005B436F6E74656E745F
311
54797065735D2E786D6C95904B0EC2300C44AF1279DFBAB0400835ED02B8011708C16D239A8F121795DB93D22D20B1B467DE8CE5BA9DED281E1493F14EC2A6AC4090D3FE665C2F61E2AED883689BFAF20C9444F6BA2461600E07C4A407B22A953E90CB4AE7A3559CC7D86350FAAE7AC26D55ED507BC7E4B8E025039AFA449D
311
9A4616E739AFD7DE8C8338AEBEA54A820A61345A713E0B17153F7257E37E705E3371913892B25F02FEA0F1FD83E605504B030414000608080057233D5D3DEE336E64000000790000001B0000006175746F6465736B2D64657369676E2D7061636B6167652E786D6C35CBC10E83200C00D05F21DCA56CA76D41FC96062B1207
311
35B69A7DBE268BB7777961F8D5AF396893C2ADB70FE7ADA196782C2DF776D7A97B5933C430F15651E5469C55D70F80A4992A3ADC954792C525AE70A1E4D6AD9816CC044FEFDF01FE3FDE907802504B030414000608080057233D5D893C9F4BF7000000960100003700000032354538303346342D363745342D344345382D41
311
3331362D4146393538373735323035312F4173736574446174612F636F72652E786D6C8550CB6EC32010FC156BEFD8183F6A4798C8A93FA1A7DE10101725068B47D5CF2F24AED49E7ADAD5ECCCECEED0F3D7762F3E95F3DA9A09EA1243A18CB0529B758218AE6880E2CCA8B336FCA24161F8A626C83030BA3A1BF70312D604
311
65326AAC5407C8BD57010A714FCD045E7CA88D973C86C4F0B772E7E2C65755D6E593C7688C5A1E522D939BBE6AE580E1B119961A7768E99B19B57D37A3F93263845F2F7819483D8CA4A35516331AF4F6B35D38C58392C008263DC22322E31B6E4FA43FB52FEFB4CA4C467D70E9E76369FE0ED89CAF5E78E0B47A4EFFB8C65D
311
FEEF1AB5090D395C9F0A0FAC4E473E068C5639A5541E11A69A1365DF504B030414000608080057233D5DC0FD4D8FF10000008E0100006800000032354538303346342D363745342D344345382D413331362D4146393538373735323035312F5265736F75726365732F33333237383335322D374143442D344431422D414643
311
342D4537454633344234323941462F7468756D626E61696C2F302F636F72652E786D6C8550C96EC32010FD156BEED8182FB5234CE4D49FD0536F08888B1283C552F5F30B892BB5A79E063DDE32F3E8F96BBB179FCA796DCD047589A1504658A9CD3A410C5734407166D4591B7ED1A0307C53136418185D9D8DFB01096B8232
311
193556AA03E4DEAB0085B8A7C7045E7CA88D973C86C4F0B772E7E2C65755D6E593C7688C5A1E522D939BBE6AE580E1B119961A7768E99B19B57D37A3F93263845F2F7819483D8CA4A35516331AF4F6932E9CE241496004931EE11191F10DB727D29FDA97775A6526A33EB874F3119AAF4B71B47AA27FDCE22EFF778BDA8486
311
1C6E4F850756A7E51E1F8C56B99D341ED5A5999B64DF504B030414000608080057233D5DE9F2AE49F9000000960100006600000032354538303346342D363745342D344345382D413331362D4146393538373735323035312F5265736F75726365732F33333237383335322D374143442D344431422D414643342D45374546
311
33344234323941462F7468756D626E61696C2F636F72652E786D6C8550CB6E833010FC15B47783318F42641C91F2093DF5E61A8758011BF951F5F36B27546A4F3DED6A76667677E8F96B5BB34F699D327A8032C790492DCCACF43240F057D4417666D41AE37FD120D37C93032418185DAC09FB0109A3BDD409D5669607C89D
311
931E32B1C66600276E72E3390F3E32DC3DDFB9B8F345E665FEE4311A829A0FA99AA39BBA2A6981E1BEEAA61237686AAB11D56D33A2F13262845F2F78EA48D9F5A4A1451233EAD5F6B35D58C9BD9C81114C5A847B44FA375C9F487BAA5FDE6991988C3A6FE3CFC7D2F41D307F0BDB87E66AA5C573FAC735ECF3FFAE41695F91
311
C3F5A970C0CA78E463C06891528AE51161AC2951F60D504B030414000608080057233D5D376014CD0E010000B10100005C00000032354538303346342D363745342D344345382D413331362D4146393538373735323035312F5265736F75726365732F33333237383335322D374143442D344431422D414643342D45374546
311
33344234323941462F636F72652E786D6C85904D6EC3201484AF62B1C7C680FF224C84E3F8045D75876C92A2C41019A87AFC42E24AEDAAAB8786193EDEB0E3D77ACF3ED5E6B4353D287304326566BB6873ED41F017D882ECC8D966ADFF65039991ABEA41920167D7CD86C72ECDD67865926AECA276513AA73CC8E67B3CF4C0
311
CD1F6A95B90C3E3ADC2D7FC8F926AF2A2FF3978FB310F4B247F5125FD317AD36C05147DAB144151C6B2220AD2B01C5201044A7018D2D2EDB0E57AC4861CEBC5E7FE8F3A6A4570BE018E11AA20EE2EE0DD103AE0FB47967457272E6FC1677DEA1693BC009C14D4B2A0C1B711A211DCB018AE944E1B9394F840E14776262C52B
311
F807181ECBFFC0A08D277807BE120EF032FEFF79C159910A8CE3D96E9CA96CFE0D504B030414000608080057233D5D1D60F816F9000000960100003700000032354538303346342D363745342D344345382D413331362D4146393538373735323035312F5265736F75726365732F636F72652E786D6C8550CB6E833010FC15
311
B47783718042641C91E60BAA9E7AB3CC86580976E447D5CFAF9D50A93DF5B4ABD999D9DDE187AFF5567CA2F3DA9A11EA92428146D9599B658418CEA487E220B8B336FCA24161E48A236418045F9C8DF70D52D60434193576C60D94DE638042DD52338257175C652963480C7F2DEF525DE582655D3E7982C7A8E74DAAE7E4A6
311
CF1A1D083AECFA534D5B72EA761369BA7622D371A284BE1EE9A967753FB09657592C78D0EBCF76E550069C4130CA3A4207C28677DAEC59B76F5E3E78959982FBE0D2CFDBD2FC1D8837F4363A859E57CFE91FD7789FFF778DDA841DDB5C9F0A0FA24E473E06825739A5541E11A69A1315DF504B030414000608080057233D5D
311
0A2FACB2F6000000940100003500000032354538303346342D363745342D344345382D413331362D4146393538373735323035312F536368656D61732F636F72652E786D6C8550CB6E833010FC15B47783318F42641C91F207EDA937CB38C44AB0911F553FBF36A1527BEA6957B333B3BB43CF5FEB23FB94D629A30728730C
311
99D4C2CC4A2F03047F451D646746AD31FE170D32CD5739408281D1C59AB01D9030DA4B9D506D667980DC39E921138FD80CE0C44DAE3CE7C14786BBE71B1777BEC8BCCC9F3C464350F3215573745357252D30DC57DD54E2064D6D35A2BA6D46345E468CF0EB054F1D29BB9E34B4486246BD5A7FB60B2BB997333082498B708F
311
48FF8EEB13694FF5CB072D129351E76DFCF9589ABE03F6B6DFE968F19CFDF10CDBFCBF6750DA57E4F07C2A1CB0329EB80F182D5246B1EC01C69AF264DF504B030414000608080057233D5DE94BD0B702010000D80100002D00000032354538303346342D363745342D344345382D413331362D414639353837373532303531
311
2F636F72652E786D6C9551CB6EC32010FC15C41D1BBF9D08134595F3053DF54661E3A0C46001AEFAF985D895DA5B7B5A34CCECEECCB2D3E7FC401FE0BCB666C04546310223ADD2661AF01AAEA4C7E8C499B336FCA06164C40C034E30E66C72765D76485A13C024D458053B28BC8780917CC4C780BDBCC12C32B186C8F0F76C
311
11F22E26C88A6CE37116F4FC2D950E4400857949CB96D003290FAFB43E96EDB1EEDE589E989CADDA84AADC87C1FC0E0AD925444B983715CBB7EF485BB5DA495AC525F555838B9D9BB1A7D5A5266D37D6A47E197B72AE8A969C2F87A6EFBAA6A44D119B4431673EB818CDDE2485F057F926FC656D5DD43FAD6D0A8F79DAE7E9
311
99B33CE51CCBF308B1A69BF02F504B030414000608080057233D5D3DA777CA06010000B201000008000000636F72652E786D6C8D504B6EC32014BC0A628F8DF1A77684899CFA085D75470D71506CB0F844EDED0BB12BB5BBAE1E9A99F766187AFE5C17F090D629A37B58641802A92723949E7B18FC15B5109C19B5C6F85F32
311
08345F650F130C199DAD09DB014D467BA913AA8D9007C89D931E8269898F1EBAE926579EF1E0A3C2DDB38D4F773ECBACC8761DA35EAD3FAB9395DC4B0119C1A441B843A47BC3D58934A7EAE59DE649C968084A1C564A44777555D24286BBB21D0B5CA3B129075435F58086CB80117EBDE0B12545DB919AE6699951E76DFCF3
311
7124E6F4C0F147F2A5F94E31FA61CC72086228018C5EBEA209CD13F12774D8C43F422BED4B721CDC371C64450CF424A2716A308E67BD71A6B6D937504B0102140014000608080057233D5D3ED2F1313C010000A80100004F000000000000000000000000000000000032354538303346342D363745342D344345382D413331
311
362D4146393538373735323035312F4173736574446174612F446566696E6974696F6E4974657261746F7250726F706572746965732E62696E504B0102140014000608080057233D5D1DEBD76BF4000000300200004500000000000000000000000000A901000032354538303346342D363745342D344345382D413331362D
311
4146393538373735323035312F4173736574446174612F496E7374616E636550726F706572746965732E62696E504B0102140014000608080057233D5DB5A795FFE3790000DE7900006B000000000000000000000000000003000032354538303346342D363745342D344345382D413331362D414639353837373532303531
311
2F5265736F75726365732F33333237383335322D374143442D344431422D414643342D4537454633344234323941462F7468756D626E61696C2F302F67656E657269635F706E67504B0102140014000608080057233D5D28BB58AF800100009E0500003D000000000000000000000000006C7D000032354538303346342D36
311
3745342D344345382D413331362D4146393538373735323035312F536368656D61732F436F6D6D6F6E536368656D612E786D6C504B0102140014000608080057233D5D1004A04F380500005C1700003E00000000000000000000000000477F000032354538303346342D363745342D344345382D413331362D414639353837
311
3735323035312F536368656D61732F47656E65726963536368656D612E786D6C504B0102140014000608080057233D5DF702076DC3010000E60400004500000000000000000000000000DB84000032354538303346342D363745342D344345382D413331362D4146393538373735323035312F536368656D61732F52656E64
311
65724D6174657269616C536368656D612E786D6C504B0102140014000608080057233D5D3E7501F9510000005700000047000000000000000000000000000187000032354538303346342D363745342D344345382D413331362D4146393538373735323035312F4173736574446174612F41737365745461626C654F66436F
311
6E74656E74732E62696E504B0102140014000608080057233D5DC55C663656000000680000004100000000000000000000000000B787000032354538303346342D363745342D344345382D413331362D4146393538373735323035312F4173736574446174612F53747265616D56657273696F6E5461626C65504B01021400
311
14000608080057233D5DA505BCD4350100009E04000036000000000000000000000000006C88000032354538303346342D363745342D344345382D413331362D4146393538373735323035312F4173736574446174612F636E782E786D6C504B0102140014000608080057233D5D0266D236E7000000600100006700000000
311
000000000000000000F589000032354538303346342D363745342D344345382D413331362D4146393538373735323035312F5265736F75726365732F33333237383335322D374143442D344431422D414643342D4537454633344234323941462F7468756D626E61696C2F302F636E782E786D6C504B010214001400060808
311
0057233D5DA233C2345D000000800000006500000000000000000000000000618B000032354538303346342D363745342D344345382D413331362D4146393538373735323035312F5265736F75726365732F33333237383335322D374143442D344431422D414643342D4537454633344234323941462F7468756D626E6169
311
6C2F636E782E786D6C504B0102140014000608080057233D5DBE89762363000000880000005B00000000000000000000000000418C000032354538303346342D363745342D344345382D413331362D4146393538373735323035312F5265736F75726365732F33333237383335322D374143442D344431422D414643342D45
311
37454633344234323941462F636E782E786D6C504B0102140014000608080057233D5DAC19D8EE7F000000A300000036000000000000000000000000001D8D000032354538303346342D363745342D344345382D413331362D4146393538373735323035312F5265736F75726365732F636E782E786D6C504B010214001400
311
0608080057233D5D206C686E0C010000550300003400000000000000000000000000F08D000032354538303346342D363745342D344345382D413331362D4146393538373735323035312F536368656D61732F636E782E786D6C504B0102140014000608080057233D5DE3603EBE7A000000C20000002C0000000000000000
311
00000000004E8F000032354538303346342D363745342D344345382D413331362D4146393538373735323035312F636E782E786D6C504B0102140014000608080057233D5D383E6FFE7E000000A3000000070000000000000000000000000012900000636E782E786D6C504B0102140014000608080057233D5D1E7A0675A4
311
000000320100001300000000000000000000000000B59000005B436F6E74656E745F54797065735D2E786D6C504B0102140014000608080057233D5D3DEE336E64000000790000001B000000000000000000000000008A9100006175746F6465736B2D64657369676E2D7061636B6167652E786D6C504B0102140014000608
311
080057233D5D893C9F4BF70000009601000037000000000000000000000000002792000032354538303346342D363745342D344345382D413331362D4146393538373735323035312F4173736574446174612F636F72652E786D6C504B0102140014000608080057233D5DC0FD4D8FF10000008E0100006800000000000000
311
0000000000007393000032354538303346342D363745342D344345382D413331362D4146393538373735323035312F5265736F75726365732F33333237383335322D374143442D344431422D414643342D4537454633344234323941462F7468756D626E61696C2F302F636F72652E786D6C504B0102140014000608080057
311
233D5DE9F2AE49F9000000960100006600000000000000000000000000EA94000032354538303346342D363745342D344345382D413331362D4146393538373735323035312F5265736F75726365732F33333237383335322D374143442D344431422D414643342D4537454633344234323941462F7468756D626E61696C2F
311
636F72652E786D6C504B0102140014000608080057233D5D376014CD0E010000B10100005C000000000000000000000000006796000032354538303346342D363745342D344345382D413331362D4146393538373735323035312F5265736F75726365732F33333237383335322D374143442D344431422D414643342D4537
311
454633344234323941462F636F72652E786D6C504B0102140014000608080057233D5D1D60F816F9000000960100003700000000000000000000000000EF97000032354538303346342D363745342D344345382D413331362D4146393538373735323035312F5265736F75726365732F636F72652E786D6C504B0102140014
311
000608080057233D5D0A2FACB2F60000009401000035000000000000000000000000003D99000032354538303346342D363745342D344345382D413331362D4146393538373735323035312F536368656D61732F636F72652E786D6C504B0102140014000608080057233D5DE94BD0B702010000D80100002D000000000000
311
00000000000000869A000032354538303346342D363745342D344345382D413331362D4146393538373735323035312F636F72652E786D6C504B0102140014000608080057233D5D3DA777CA06010000B20100000800000000000000000000000000D39B0000636F72652E786D6C504B0506000000001A001A001D0B0000FF
311
9C00000000
310
504B030414000608080057233D5D000000000000000000000000370000006662782F44434545333332392D323634452D343539452D424139412D4538334232444142363132462F617474726962757465732E62696E504B030414000608080057233D5D000000000000000000000000350000006662782F4443454533333239
310
2D323634452D343539452D424139412D4538334232444142363132462F76657274696365732E62696E504B030414000608080057233D5DF270F1330600000004000000360000006662782F44434545333332392D323634452D343539452D424139412D4538334232444142363132462F747269616E676C65732E62696E6366
310
60600000504B030414000608080057233D5DB5A795FFE3790000DE790000420000006662782F44434545333332392D323634452D343539452D424139412D4538334232444142363132462F7265736F75726365732F322F305F67656E657269632E706E6701DE79218689504E470D0A1A0A0000000D49484452000001000000
310
010008030000006BAC58540000000467414D410000B18F0BFC6105000000017352474200AECE1CE900000192504C5445818181B3B3B35A5A5A4848486060605C5C5C6464648383835E5E5E6262624E4E4EAFAFAF4A4A4AB5B5B54C4C4CB1B1B1858585B7B7B7585858ADADAD7C7C7C464646787878ABABAB747474A7A7A768
310
6868707070B9B9B96E6E6E6A6A6A8B8B8B666666545454565656A5A5A5505050A1A1A1BBBBBB8F8F8F9F9F9F4242425252527676764040403E3E3E9B9B9B7A7A7A8989897E7E7E9393939797974444448787873C3C3C727272BDBDBD3A3A3A6C6C6CA9A9A9A3A3A32020209D9D9DBFBFBF8D8D8D9595959191912626269999
310
992222222424241E1E1EC1C1C1282828C3C3C32C2C2C2A2A2A2E2E2E303030C5C5C53232321C1C1C363636383838343434C7C7C71A1A1A0E0E0E121212484A484C4E4C1616160A0A0A4A4C4A787A781414147C7E7C9193915E605E464846838583878987B1B3B18587856668665A5C5A626462818381A7A7A5A3A3A1B1B1AF
310
ADAFAD7072705C5E5C9D9D9BABADAB7E817EB7B9B7585A58BBBDBB4C4C4A8D8F8D747674B5B5B3B7B7B59FA19F606260ABABA9A5A5A39B9B99A9A9A78F8F8D6C6C6AC7C7C5451AD12700002000494441547801DCBD89771BD7B5A70B8EE04C702641712605CE034890E220088028C93245451215B713AF388E7DFD9EEDB8DD
310
CE6ABFF4B57D97137BE50FEFEFDBA74049B6AEED74869B7E87404D2814EBB7F76F0F67A8835CEEBFA0E42B854AA5B2BB5B6BCC951A8D52A93657A914FE0BEEE39FFE2FF395B9B9C6CAD2D4C4606F4B7FFF8D1B37EEDCB97587F7CD9B4343BD134BABE7DB48E3FFA7A228ECD6F6574E4786C0FC8B5FFCE2CD5FFCE297BF7CF3
310
CD5FFC92B52FFE58BFF9E69B776E0EF5F79E55CBBBF9FC3F5D3DFFB07F5898ABAF7CDA3B74E74EC0CE20230561BF096E97E05712BFFCC59BC80539DCE83DDD6E54FE61B7747DE17FB8980BBBFB2BBD4337DF487881AAE6C5ACC6AF25207877B2B527BFF1CB3B77FA47561ABBD7F7FA7FE146A5B6BD74E3164C7F51449AE95D
310
B412200EC539418717E7F2F11B376FF62E95FEAF1442BED0581DBCA1BD2780D23F506AFA16E1A7AD974EF17876F00DD7BCB187A1A97AE51FCED5BF2BC1F2BBE5B3C19BE27B43CF26DE00933658FE129B109C2FFF922CC22C4260FA01BEFB462A77DEBC35F42F600C3F5B0795D2E9E02DAD5E650B4438A92801B65C35CBAB7B
310
1EE5041CE69D3B6F1822DFB873EBD6AD3B6FBC71EBC6C86AE967DFC2DFA4CEBFF1BF54F6276EBC114E2F43FEC60B01A0D440A868B2920E5C4BC10D60931ADCB871F3268B21D3851B08E1D6AD9BFD4BF57F7577909FAB86F29B982571136AF01DF5FE32AC3BD9406CAAF2440A54CF176EDD01FBADA1FEFEFE21FE4C9858DFF4
310
183458A9FD2B6708A5A5A137E0EE1D11A9EC0C7C58B2C73C0AD6B479BD76B7790CF899E287FA5B06FB7B07C9195B7851FA8794031EF1FC5F9406BBFB23375420286399B631E93B08022A785C4DBF9996EC3551874094D71B6F487E80F6837E50F483BDBDBD83232323AC420A18C68DA196EDDADF68A77F938F78FD972BABBD
310
B7B87FB164AC6FC2CB760365821ACB74AED44FFAD7E7431ECD7E08AC421F391D199998989A383D9D98E8E56F84A318C58D9BFD2DAB73FF5222C8EFAEF4DE7AF30D756E5108683DA471E70D0502099A7240F19E4089D3FD203E620F1B47BF43501E85031AE44B4B9F2E4D2D9D4D51D8970983FA861B3706FF950CA170DE82F6
310
B312CC4F42C8966295F7D725ED29882415DC055F36DEA1FE96FEC141493F05FAA9A9A5A595B333DED5B3D5A533F62183323032F46EFF13EA0AAFA5FBF7C8976F8C10F7280A014832593B90004D52341980D907EAEB73411EB2F1EBC9F507F92746C40E7AE0AFAE54292BAB2BAB67CAE0746264A277B06508168C94BF772BE9
310
765F7BF0B548FE1E07F3B5A521340A5CB5297C4B12811B89E82191ECF3E41B3259C529F135E23CF4C7F961FB13537F5A02ECCAEA76B5BA5D3D3FDF3F2FEFEFB3AA22053E5008833428DC6C59FA2F770595F311F235D427F379BB8A121BD901B96076A388DC4C3C61C7933CCCD770FF375A6E0CE9F535FE2534BF5ADD3E3FAF
310
D71BF57AA951B6D4CFEBFB8864758A26154430080B06ABFF557610ECC93726224F155D1471041E0D42F82F4891C926C1355B0831649FF365F46FF05300A7A790BD8ADEEB0D4AA9569A9BDBADCCD56AA55AE377F5F3F3EA2A34983A1DE91D810543138D7F28E57FF4E2B5335A3928B76EA1CB9B00BF158C8F63A2E788826896
310
D0B5E7C461949ECE089144F8EBEFC7FB4D8C9C4E9DAD60F7FBE572B416C2F2423ECF8B86C439E450DA970634ACFDA977629098D0B2FAF313A36B3869E37AF7853378CDA1171FBEBA95DF1E44FD5144A420588641B0055A79ED91CC0DC41E27064512FB33F1F04D09D0D2DF0203A646A6CECE80DF28356A348CED8C4F1EF137
310
B9319E1BCD29867CA556AA97F7B757567006A447FD375A26CAAFDED9CFDCFB2BB0BEEE8AA5911BC2C7F85DF88A3775389990AA72219D582409210F85A4E66F2987D875C30848023088FDF77E87F96FD7CBA5B9DCCEF4F4C9FC7C676777577B7B7B67E7ECCCE4E8DEE85E81A6D55AA3BC7FBEB242589CE8ED4770E785D7DDE2
310
3FF2587EBF57F50B9E820527316488E5C32D50F979BCA58207297E2B6D658702FFCD211840FE43FC9F3A5BAD9E97E6F21B9FCF16BBBB3A3A5A175B5B1787875B5B3B86DFEFFC687A72674F19D46A8DFDF3EACA59E405375ACE76FFA922C817CE86A89BDD92F400F2C55B7462F610459837D3A61ACF50C7471C8F2F2A9D38C3
310
DA2F068007F80EFCDBFBE5DCC674B1D83EBCBEB8BCBCBC3ED0D3D333D0B3DE33BCBEB0D8DA35FBF9F8CECE68AE020BCE61C112A4C1138CD47F9AD13F7DC6AB9CF9CFCFAF9D0E01FFE6CD503F5B91C5218E2899CA15098714848B04FCE5654884ABF0E554F11F6C21D73D5D5AADD64B7B9327DDAD8B0B7D7D6D6D07070763BC
310
0F3E38E8EB4310EBEB8BC3DDB347E3E37B5842B97C4E44A0C630427E5CFDFB71E03F471E12CA9FF70E055AE141042DD81234B879EB4606361D9328149037D7D76A571A7E974FA20AD0323832713AB5BA7ABE3B3E3D3FBC30307070B0B9B645D93C3CDC3CDCA41CFC6AAC2D64D0D579B4B1B397A7C1BDBEBD7D36657A3CD4B2
310
F44F4909F2B9CA597F4245C59DEC354316F0587020D0C661742BC02869435FD12CF195C422DB3C5A3E2305C000CE6B7B27ED8B7D63079B5B5B878787C787C7C7C757C76C51B60ED60EDAFA06D67B965B3B672677080BB5329E60E9B477847AE2E9EB53E35779FD37EFCD2D0DDD68AA355B6B0D81860502B8B68C801F5C697E
310
9AD62F4B406244CB975560BAC756AAA577675B07C6D03778C17E7C95CAF1B3ABABE3E3ADADE3CDB1B1B6B681014470343EBA979F8B90383545727C63E43549D14FD0F927E5F1FDEFD7263058FE02EBCD1BDCBCA053496BD58E69BC44F9F854D4D979AE9ADB908824382AC1D4014E9756EAF9CE85B6B54DB01F02F8EA5908E0
310
D9D5F1B3E72188C3C3AB67879B07C8A0A767B8B831FE5E7EB754DEAE5261460243FFF07858D8EF0D658BDC563A2C5EF5833C13C90B69248C4DD97842B61DFA7F210A2F6108A0F96B62E2D3B3F3DD939EA47E30ABF5AB2B903F4BE5F9B36757CF65021E616DAC6F60A1FB647274B4B05B2E5341B082D43278F67D8DFDA48AFF
310
9A13F22B34C7586C9992BA6E66CABC190E313E7C811AA57304B421A75B289B9D174CC868C24548823E230B9A5A2DCD2CAFE1F98E61C015CA7E96B083FC59F3ED06EE60F360B3AD6F79787ED278D0A86FAFE00BA9220EAEFE1D5DE1F7855939C3FCC1332426B377F692406E022C010DB437EF009803F0DCFD3B7C94440571D8
310
F2C328F115F47FD324802070BAB43FBA80EFDB92FCA1F7E7CF9FA875CBB327CF9EB08C4DE4815BC4210E2CB7CF1CEDECEDCED5B757490968286899FAF95583BF46F9393CEE6A86D6F618CAAD9BFF0BE22B042412C5CFB50556815CC5BBE33E9F61ECEC26A9BCB8145FD10590078F9C9E953B513FAE1FE387FAC246E14F9E3C
310
E7F5F8194BD6594140876B6B84C5D6799C61A16434201E5237582AFD75C07EEED9863F463284E2E13425A036BD41061259289B6BDC1ED656FC8B8592C9D00701E27CEA749F0D8EF44EAD8C1F80FFF8F8F9D513191F6803384C800097F24069C407CFAE88136B7DCB3D5D4A60B711F19070D83235F77331FD35E71596688903
310
8E2E0B346EAB7936C4162043E1A1F144093695443A570144898BC4079CEF1912809A3035A1D3F361235F90FFF1E3E0FB93C7E2750719F88E7D8E68123883ADB5B18185AE99F1D11C1238A792DC4BEDE8EC6FF503DF377E0445F68FAF4E08D43082D02170F30131A154206CC559A8D9CFDD762B31273E4947A581E0D9BB71E3
310
3FFA07CD02CE2A6BE1EC80167497F2A81CFA3F7EFE58D0CF5D5D170DE4F89070B0BC4040CC17BEAC6B0586C3D3FF0309BC06F44B04A1E13729929B4DF73C44070692C810B08AC3012E8EE9EAE22067796288C193B2139B970B86F47FAD0F98382B1E035D9C32FD318A4FAFCB274F2E1FA772F94411B0CD42493C23393A685B
310
5FEF3E1ACF554AF5F3552A478383374E6B2FDDFC4F6DFE38F4F4ED7A7FE838F488EA852482F412D3CB07E293D02C9F074F12E84C5AAC423271450572A385449844706475FD38DC3C22486A0639E5F1E38B0CFE93CB4B25910EF309A2224BD8DAD40C682C28341AD69047E8539A6AFC14EC573F7FAD10AE0FE6EB13E87B28E0
310
93B513B5803514DE408809BC12A14876DE0A25F643009E9176D9F0C330164285A7444DC8CAF0E9FE41429EE0A2F6A6DE91C0856C501272404A8468822E24C807030B1D33D40D4AFBDBABB411D093D88C86D7205E05FC57EDD1F805FA4CED5920F0CED39157E007CE21757C5DE440ECBCB46CD283E378029B43FB077B4F47E6
310
0E9F61E8D01BE017D7E843EB49F50A2028F1E442FCC90C9EE308E4C0C2C94EAE30B75FAD3A0EAFA57FE9EF960F14BE15638840EAF3BA490BB6850EDB38EECAFD21A0C746D0C4234DBD035EFC7EDD121FA585FAB73DB89FE6A03CF833AB0730E5E2F1A36CE3F202A128934B44E396961121E1F2C9F32BFCC0C140CFE22C1CA8
310
E109B182919696BFB98120234F61B59F7BF46EC30CF067B21A33B0FB3E402448EE266CCD93135A8E823DB31F85E677434E608F53F8100BC0098EA2FD6BC01770E0F2F2D1E5452A711C4BB8486248FAD756D852026B6DC90A2AA5C6B69E9068B8F27AFABFFEE8AB36F1D23985D5960014FD711940800B560250D2272CC54FF1
310
D3A660B275AC3881E349689C1616E1E9044129D032313509DE4700BC867C71F128C400159407C761022BA8A040F40A244788808C60B3AD67A17576279F6F946923191921B0545FC2F12AC0EFEFBD7262B6935679FC7F80629160ABFAEC88E8430E76D82A8DE62ACE50BD4A42FBF03B387B37FD321B37E31C3F063D99703F51
310
60E6C9E5A300CF32A91E0A085A29C0FC507F6C21012303C6104B82C1F1E156DB3229D1A855A32A8352C9077AF733A0AFE0FB3EF81FDF2F0F82C21B0EB06998866878B103305E31EC17F4FD43831E570A2118D1667632D4FFFFB125782F96168A833DBE78C3F11F8383A79D49F58F1E3DBC780417AE6581381E8610604888E2
310
913E12492881274822C221AD04CB0B1D273B8542837460898C686864FF6F801E8269F40AD0481DFAF5E6E9C1F3BE391C325004DF0746A4E4448F7B52C0D5EAD39EC46896B888C4210D68E99DFA2820DF7FF850EC407EB55C3EBC5028611409BFCB8889C90F1C52355AEF98B18100094C9D0EF6F64FD47E5CBF3FF5293DDFB4
310
B50DDD54F351446FA1F14580DC3902C085F593CB24ACC917B213BBC11B3F0A61042FD8B24F4FB9C4556D0CB9E1A880DE89934CE9607F18F81FDD950DD0E1D143F41D56110E227C250621FF098838042BC85B5B6BCBCBC31DD37B34966E9FFD9936A2FEFEA9EBA4182E5CD3E17AE35501FCE0707E5525A7DBC64DFD077825BE
310
37CE0BBE1BBEC061410C660B6E49912665E2B3749C7C9F93834022F74CDE6CA5EB501D9CBC04B768292C5CCB84478F3CA83074092C6082169015E5800D5839DC6C1B58EFE83ECA513BDE3EFB8EF1242D2D4B3FD55AFE03D42F8492AF8A3F21444FA2FA9ABBF525EAF84C09F0168527B0138A85D1EC0443C467B28BF844EAF7
310
6323BE13D7C11F72FED783837B970FEFDE7D7817E077C17EF7E2A1C2C0FE851FE4C008388C15E818958746129E1009D054B67530D6B3D8DA3D59D82D9D57CF70039FF50FFE0DE94089DB269C3655A4F25B38C49D0BD48E59F1526887C18FC5272197F85CA72862A593A4843CD25F920487DDF7AA0441A2C0600D062001F103
310
FCEEA3D8560CEC3EBACB01CAE5A51E420349F602191E5F901893142381351CE17047E764BE50DEAF9E4D8C38B6ECFFACEB141E54A6865A88A60133EE9CBB4C256930B0B168C1C3AB59FE1743FB422C7166082E934AFA5EFA3E4BCE0B69362FA7041818B7FDECE1DDFB4D022007CA23E521F0700AAEB5888BBBF08023E128B4
310
045381542FA256B0D04E28A0C3804E233A1BFB476A2F48FD135BAF9843BEDA3264EB42BA499601F16B566E72C7EA35908ABCB9176BBED43204C696AFD3D7B24B08D3AFA44BE243D88A6D9D0B6562B52F741E1610C0EFBBAF2B0829289A640EC4C8A4FF66A24430786CEBE1E1E61AF9507BFB496EAEB64F8F49B4129EBDEC06
310
5EC1F8A3F228A3CD0950883B41BEC6D1944AE06147289600A7726313AC69A3F91197F1438BCB743E76F01F6EF1D1C854071670FFFE43FF1EDED702EE5A14C85D0C42DF90B86068800659AC88981855E3E774A71C0CAC2F76754EE7CC87C808D1E1E0F6CF47FD4224731337BE1E39C5010823EE997B1491BBD99FC8D8EF7748
310
2BEB5EB2CF66499A8E0F7511B19B3EFBDACB6507BC78731B1B383D02FFDD7BE8DD9256F7D0BA7B46015941097B80018F700FFA024CC08078F51806100ADBFA163ABA8A3B95B9D2F92AC30BC908ED31FABE0CBEBFFF0279B675868F9AA24E9530B08C174055B7F48E4F58002F3E82F0BDFA003E8B431EB6C4A91E4D9B5FFB79
310
1265BA8827BBE5F1BCFA7F789F72F75EC800F8AE43FFAEC42F13009FB905A9A0132015D0068ED7682AC608BA6771038DEDB3B33082891FAB1ABF5614F93238079726B833958796B845B731FCB86316713C1DC581B1E19B424EE32674093F80776F7E27C6FBFAC85C536CD955B96EDA2A3FBF770FF4BE11845470EB3E42D022
310
000E0FE07D161811020742162444668308801E133A4C163BE68F6826A5523071CA78B2FED51F28F8C70FE4190073A3E5D3259D7A288CD19BDE623F10021BAB0C6E327FD507B2741627727EA00D31856492F9F009D7F152D930704E642795C1C1B336E0DEBB7F0FDCB79318543B25341F36802D64A981A690B94259607DE0B1
310
9D466BF8C1C5E1CEF9A3FC5C639FD6117B4BAEAB453F8EFBDA500A67E8BAF76C8A06566E36EE1184E8329419161F83D843D5DE7D8221163E145F56921C3EE383978072129E290A9B7166E63D26BAB1FCDBF710009E4051842390031845F20077CD079407C575F20364C4910ED2A574BC357630B0BCD8DE39335EB175646A69
310
8458F6A346F003A93002E846FFE0C459B8006E506D79BF902908A0AA05CB5E73530E33BA1D3C2EF99C712B7C8B41DF4D2A7830BE8707485FCFAEEB85A09AB6D39BBF7B4F23E00509C20DB04E240822A4B810E04D8D53D10D504C059ED86BB8697F514777717A8F8144D48A4C89077F7EDB00E2D89DC02A7B975640A282C49A
310
4AA84B70B12BFED8EA6584860DFB7EE23FCB00C6BAF7332FF259FA3C9346508813E372F1DDE425065BB61FDF8300F7EEDDBE8D0C6EDF46F7D8823478590AE23759D60DA6B7A9F125EDE8F4A5D2B37470D0B63C30DCDE3D3D59A8D1501EB1B0A5377517BDD6E301F995E3F955F0F58FAC2E81CE172A8344AC03DC6781939D24
310
84B8FFC15E8F3ACCD3954CE19576B942D0A029188EC7013FE59AE90B71292DE774F1F63D60230180B30A2EDC65291B6211B4081128856001A680015CE000708254891851D4B3BED0FA4D7166B466BFF1D2A924885AD12B387FC0FCE6819AC3AE06A7AA4B715F0927B74D119D4A668FB54B8A8C268D8B038A207D10A7B1E95E
310
42195B695BE0240F7408B311257C23F581E987C180140C584A02B1670CB817CEC0A080F259F1360E58452013200E3EC107AC1DF4FD7B0F6D23F33347F9527D9F51E6138E31AF35F1BDAAEEEBA3D71BB402E2FB47CECEE96B4DB85536772B07C82A34F3E66D0BCEC207FEB9E70643761276F7B50D5EE963CFF80C7AF4A2130F
310
5BF8C4EBFB5F07B709840480DBD8007FB7EF3F90104908BA457D43AA2A6A02C91422285E5AAC143F3313A0CB74D9D164933B86C25587134E8D342B453FC982860D09FD13ABE72055ED020E85D3E312F74C25CB0293D978A1C4001927C80B86FD06349126EC219F0C735C8053D8F5F310817EA01F1B7851F406144C211C6362
310
C27DD51F1E310C0102280ADB891E9B085CC528A2B1369A46BA195B9A2B351862CE43174BA73FB7CBB430A5798F4C54B7333B96C3224A9863AD02B9FBD8E63092191924E77C199D92887DA594B6DCF0112857162FD0949FE6A441F5E62E42FB2105BC405A2301A3424601DC807912CB2C39C604A27908021CDA30C4C8C2019A
310
883B3A8BD393BB3546136EAF561980FB63E9E035FF73B96D09A905ACB2C11D79571C5159026227DDBDB81396EB03F14100BEB66DE1FA9EF82C3ECCBE318119C4269FD014E66361FC8BB0B4EA9A98EF3D8848A01360430284335004C183CC25BCA82D2302EB03B8419241C64DF4F5ADAF77B533BE786334BFCBB8DA72BDBEFF
310
C36103AFB30608A0B39B58D93F0BF42180841DD26BDC22CF0A770E90240006BAC65197D90920131C7B2EB3CFD3C71C6378A305EE8488FC1FF8D391E2BDDB0F6E3F45E7C8207C419800DB410073A3173942CA8D5242642A74496FF115832A6314D9FA4257577BF7FCF8F8E8CEE8DEDE5EBE76DD3CF892BA7FB8B90F629431B5
310
525E92A15A3A4A6FEA3FDD73136172060959206591F4C927196CF645AA285CF3014630121754261C0D31E1A7E3DA2DBDB54B04703BDE3A4209F02045C4BB0F529A14BED07098A2A1CD47513DA64B512F409BC01663090796D787173B5AA141B1B39BB470EEBCF1E30F9D263ACC4D05110797CEF7B923B027F089F74D1D06F0
310
A4D8C0CDA6604023FCA45B76C5CDE0BF3845ECBE13E0C0ED73700A8A753C1AC8AEFFF1B407FC8A20F42F0D94019121DE304077A027D4112283BB8FF0072444D68AAD111D6F591BC0061854BBC048EBBE9E81F6A33A95C21BFD13AF3C7E7DCDFFEB0DE8903F77B41DF178E99C289895B0EA8CD640549D68935BA7C5294E0A1D
310
66DA0CC419BD398E6265789CA1241441AC94532A3C19C95340BEFC68703077EFC1D307B71F3C500859C11494838E902203A2BE90EACC5135B80B078804340C920C2300BCC06F7A1C71B875DC572C9BD1D84BD5FB9363CA6BA7D03E5C40FDFC54FC23C9B4B9DDD028787D89219038523BF64E638BB37CC25335937A00DFD328
310
69C5B390C8C32FF25C8C47A7181B4A599A224A9DADB0E0406FEFF9F183B7448F081E3C55024FB33828784AB61704482CD0160C04174F9E33BA9291D58C2F1F1B1B3B5863B0D9F3E51C35C253D54A23E560E2C0CB3A6F7A81382601C2079CAE96B7B1560D20A341E85A928A4E01083256420576C2ED477E2E565FD9223BCC69
310
1CF394D3D8E281501E0EE5C1C8159E92585D255CF30CC854C75318006EA4A01028EC853F9407C6053910BE105348324002260254886C156260F9189EE0F8C9A3CBAE9D5A992184568A69D5183A7DB97DB089FDC57AEE54F858FE54F577DBA85309640290F2D220952620750C5811FB772A7876D1E4040FBFC6474D51246D8B
310
3FB378283FB514F8AB3C20B8BF7DBE5DE541C9A5D3D38DDB30E00151E02523081BC89C2214103E0BC1B3D0199A08E002681A2613A2616CEDF0F0F9C5DDC75DA395C25C0309C03DEC8091A4AFD3FEB504AAC6633930556DAC86EE3561941E862C4A75DD6B6BB3A0C59BE153DFA73EDFCBC3CE2188D3D378FC976D0EF9A95B7C
310
8532F527CE3CF539581E0FE501291E9139FFB65EFF5DBD8E0C18DE3077170A64E033FD278F18068028802F156C3809FDEB11B1019C208D020C9BA2870457F0F8E1FDC7EDD393E3B9FC9C4308E9315704233F960E554802C14716B0B45DAB5EAB5E25AB7830EBB8D25E6CA94E4AA01794FB1EE164FE9F040FE82C940A4BCEF9
310
13075D087E85A7237D3CF29C47E4E676777779528C4781761F0BFBC1D3A77880E40C9A2E5109180D5255317890394229F0F082010354082D574F1E3FBAB7D6553C2113DACB97BEB5526C7C6F69F9310A94C46CD89FF8F379AD1AA035FD00FF3F320180F01417A6F255A3A8D86319FE0C0B0E06A0DCD33F79841339C01E5BBE
310
1911AFCFF7C1E0A540BFBDBFCF2372352686D863F83F59CB6865F43104007EE06F52406F680341102048A01BB048823082CBCB0B6AC48C313F3E7CFEF8F2D1FDC3D6F6F9F9D9E98D9D7CAE5EADE2A6512FAD7AB526E17F600C85550DDE9ACFE9D97E694513103BC69F8A2813176032C890C1E9C49FC09C61670FF8705B1D73
310
86260E7C8E7122C7F8208A55139E8C8D4763F7EBF5728DF9C34677364E3A3F9AEFDEC9CD95470788834F9FBEC512379890B38C94205B2557987C4186DF5C0837608DF0F9F3CB87B7EF6E920475752A01460E556919B2B64296FB9FB70DD5F47232A0F77465BF140CD001F00ADCA175090E2665A14E6329B62660E02A1CB50C
310
6025E3DA252A670B3F0FFAA5EAD94A509FE7036B159E0D1D9F2E76B7AE1FD5A606198D3A747AF450023CBDFD162278B9446688111009B4029B0F2180AE20A542D40610C073B47FEFE1416B2B12200F3C991C2F54EC2491027A816B0A34A9D05C6F437AC23462385DADD75642EDDA738AF1600DBE07EE8437804D2D011A94DF
310
71C2085EDD40266A407FFA1D1C00B0C03927E60338E3B9D8C47D1F8CAED578E06F7CFAA4BB63B175FA7C301B747CB377F45192003CB8FD34B12009224543D8604494011A80C1903CE0518C986208E1C5FDDB8FDA161686873BBABABAE74FA637BEA894A44078C19696F326E057D7F95D061A6B0394A9D5F2DCAAFE4C2388D8
310
A6E9AB7695CB0BDD0A332430F1A9333DA41D1FFB97FA09AE84E738C75C407C260408F8DBD5EDED7DE1570A7BE333C54F16963B46AB0C2B71208EA3D16EF4EEDCD7005241166C005A73C03164792151205C007288AE337B4D7103741BDE7B7AC913350B348B2D767515674EC6F72A0402BBCB41C81305AFCF05F2758D3ECAC8
310
D26AB97606DB9581A4B7A8FFB068CD5C0604E6849046B70C2B60FF0CDDF93C13822B4E82FA0479A68220E66D9FD775FB3C1A9CDBDB9829B6AF2F77EC9E0678FB20ED8D1B1A1A39D10F9812E20D6281F5673121AACAA9C53424000DAC173F7E18C3052EEE3E78E7F1160F5AAEAFB70E0F7775CFCE4EF384DDEEBEB9C0889D52
310
43BDF557559FEDE5F17AB21E118C4C31A3DF6A96B56AC62180293910ECD6B721047664BCFCC6B2DD3C65CA0F0C823DFEF84083C7ECCDF05898EEF158F4FEF97EB9C123F1B9D1D1A3D9F9AEC5F5CEDA84A3C96C14A55584D62893D6A54D8D2028D05C8B1F124884543F3223B29D208B04910D3FC43F5C52196AEB5B5F5E58E8
310
E82610F08C21BD443801233C0CE8BD1E40F84A1CA86001990048031ABBAB11EF83F9283EA89F181F2A0D9A9F62D94B7F625FD727E6A93F63F200F614F7CF100D4511C07DB45FC5F0CB4CA359ABE4774631FDAE85E599EA0878A3C33D5AD6430CF4C055EE5FDB80629000D7855DED3F436F3B61B3DC7FFACEFD2B1BC6FB0696
310
312CFA477CE87A87070C7998E04FBA78AE3F915A065E819FCF35B410321D9ABB308146A11AD5196CDDD7C477A171C8AFC74B45CBC6F641AB53C8D4ADA5870C02379BC0470CF83DB55F073E29CF5CE5F7A3F8FD62EB7AEB1774C2C6780B9523F9287193FD23DDB79FBEA513B45200E2E0C1B51350163AC19043C600F2C1DBF7
310
DEBA7BB9B5457BC0D840CF325EB0BBABBB786D301437000020004944415472B491ABCCEDAFC0591201CAC8EBFACBF367FE7B6E40E69F551BBBE7123E3C00AC560CE20C62436E8C3C54CC225EE08C0D74CE26148877689EDD004FB2BFBFFFBB984035373A7954EC5EE8591FE531348654514DB1D1C56411DFA2A7C212BE5ED9
310
1278F2851A432244C6822C29C85A8B320ADCBDFDD63BF71FD32648E7D098CD018BC35D7FE89E250EF2AC75F96C15271602687965C844B8807C6E7729D93F22E81D39ABD62A0820C1FE9F11CFA7208125D33E96FD69E83AF6052DD32D49FF0802CD9F9DFD39260389A950887A647CCC99BAB17132DFB5DED35138FB3A060F62
310
95AA5E195BF0BB56495A5A4A8FA440026E46A047D40ED2520A441C302D240F201FB8F7E0EDDB0E12A04D8816215A0579E8FE1B1281E9F19C9900DE79842E2A7CCD48E9876EB01C75DBA0E0C8D44AB5512947A00BE7CF5DE9E1A6A6BE43CF1A78783DFD5A404E4477336C1ED8B18908B2A847B2AFE9839E891137A6673BBB96
310
FBBA2A4B8E9373B001F08369BA11BE8ABC4302FD2345FD6014A127068427D007BE28B41D9B0D40FFB7EE531FA673C8870A69135B1CEEE8D009C08042A5B4EDA314920B635BF941E7487E45256439DFE9D276295F87E698389CD49FB394FE19720412DEDDC40E9CE9C6DD605E0B719FADC416CB15AB3A61F9B5B9B9426E54F8
310
1D8B03DD950946D432B40CEDAB7BB5AF11213CBA73C9BCCCDAFBCF06127C7980FE6D1DC9B4DF14832D6568FEAEEBA76FBF438300B541064ED33F3AC0B0D10505306FD370AED02859234402F6C3FED006766DDED2034D90D119057225EEE3DAF787EBF30EC51ACB4F551678BD6728E1944730C095F13E4D81A4DFFBF67C5BEE
310
37E62A85FCCEC6CC6C7BC77A5B477E22223ECA4FCC0F87E2A5E3EB782BDB25B8CFC6736A044DE5A7CDA604526361D650484FE283B77EFBD65D52C1C73C4F48E7D0D81ACF572F2E2280F98FB230508FA906B42DE240ED651B301CEC83DE1790C9FD96B6CBF986BECF3BD332C18EF627A0B6EECD5B152E02088D03D828AFFAD2
310
6B05BF671B4F9A09A8CE0CD2707F67F2A4B3BB75B9ADA331C1305BBAC182FB4A79820B7EEAF73199B8404C0B81231CDCBB871B80FC41FF5860E8E108222A1A076C29E6E03B6F3FBD4F1F295DC457573C7ADED636D6B7B8C88413DDF3B327E1046AA51040B40CB50C7E3F1D2E44DAD34CFA604029BFFBE714DF0C069908027E
310
B275F1F366C132E1A7450B04011CF82B2B647CE754F650FF6E25BF37AAF65B7BDA16CAA791F1D09F6CAB989EC5AB7809BE145FA459E8D3E4B0FB47DAEF093B946FED585B80FE1A0305FD5330FEDB4FDF79FBF6BDE81D8300CF6815E5F9896552412A03F31FCDCC7CB5E32365550CD9365FDCCEC8752E943161D78047336F8A
310
F6539840A1F2E764FDA2970999F205CD2BD1F5CF496571F76EAEFA0E1CF8FD2A55FD06391F9EEF8B9DC9994E72BEBEE1FC928E2F223EBA0FBFBFB4F2DF137BC894B8087643D64ADE6EDED67F7680FAC9060239E845FC94AE93D880F994FBF71FBCF5F66F9F32C292EA900F9C1E6F1105E81C5B5F58A067A448143842008D72
310
75EA3BBA3D2516FDF02FF79260020D6B3C714711F3CFB61BFF56A826E627E82256F7400FB387FEF23C1C1E77FD6A21EBB1B2B35F2F95E7760BE1FA3ABB3A981423477517EEE36FF96F122B942F6FB64D9502BD1B9089162532A2FEFED255028FE653C9F46FA321E0B588B7DE79FBED07C44106CC85133CA65190543004D01D
310
02D8181DDDA5A9C91A7110805B7875B689FC3902200FB192E7DFD936B37B57D9C338BD49E99E181F4E5FCAB2ABC1CA7AAB382CBC7D515457CFABE6FBC63D525E5CDF74B16378B9AD6774A58531912D232DF01BAA913DFB7D3AAFF912984302B84D0500077800D26C60A4742101DE420C610C2E92FA93056022EFBCFD5BB6B3
310
8651470CD33BD87630C05831BA864C85997B8754B05167F0706499DC442FCD22592AEC2ABF3FF13F950039BF159FA9B36ABDB2778EFF83F70972B83BFD3F4899E64DD8346AA495CB155A7499F2CE39B0AAE755125EB84FD8CF8D8E4F4E9FB4B72E8F1DBCCB98B31BC4607C2CFF21C8145FB48EA0F2159F86A3098415609554
310
DEFA7B27EF1301033DD06D274BAF6821D220DEF96FA4CBB60B3CA241C021D38E1AA76B4406B4767576166766A6C7F77273F5F395291BBA19F64F2E3095C14F3E60371827741CB27E89543857D6D96BF9A47C6A9A26057840332EB843717AAD171880217B71FCCC0355AED3D4819911F79D0EA8AD6DA31A83E36C5DC2D47029
310
5C011302387069158F6C9966022367ECF1D00BA9BB95C389AE7B6105A1FB640689033A7FCCFFEDB762189103A61C3A4FEFE0D6A6B5A19EC5755A443AE78BC5E9235B047890A65919A0D2F96AA3C01CEE913BB3ED239C3E0CD8DDAB99E4348BF3F8B977B6C43DEBEFBD7721A839A63B94C06A10DB87FCBFA3C2932F8C26F88B
310
6D6BB30C3C4E09AFE40FAB52EFAA1EC0316920E031A46D65A0FFE45A673432E907FBCF86717AC04F2CD0EF512D665FF53F05BFCDC43489F150890C60A8E0314E70A06F619D30D841189CA15D3417F3CD50191AE4396543F0C42BCFD696C58DF163F5B46D708BD5FDDA5E5E5FDF9401BC4F7E00E8A17520833D1CBFF495B5D1
310
CE037C664123EEE74737268B5D1D3DBFDA6AAD8C08DF2C0BC7A737E10AAB2A7B958990CEBF556CDBEE823CB09FB344143463C630CFFF585D330CF0320E921744A7918280FEEF981161008E9FBC78C830217A07B7D6985E83F9A79884ABB5AB383B4D7D788F9FB3D867A2112A43F19042B33A108690CF6F472F8661CFAC9714
310
78757F6E6F2F7AEB82FEA85E5715941778B278281F28C268AB24BDB470EF3303E09C359E9DF1CF990D8A096106E6A66C8620DDE7D281DF0B2831F20439A30D68386CE13E002F7EDA8D7806162B205D6A19AA1FABFD6B1B400EC2BFFDD66FDF7E8755B4883C043F43046C1326136680404F1F934EBDDFDD39CB58A98DF1BD78
310
80E0532E671FA1435E9D6EA5E9071000BE8F262E7C4044FD95D5FD526EB40A05A634775F32205C3D779FDC168CD5E56BF982508BF572BDA4F6F57D3304BE9EB18149461B12F760D7485891CA47CFC44909136FBF4931716A2E100123FC6CCAA6A644F25EDF4AC980B14039009BECE8B798BF69A05DC5B6885CD23F8E13A46F
310
F0C0A986D617F001C52241801E87C2974C31411DA3A5D7B6175472763D637D3E57C33B908F867F4A59CFCA7923375E5F027A983E18BD7BD4E6FDDBB2250C1529F4202EFAAF979DFFB1F2612E87EBEFEC58581EDB9AA95AD1D7C1905F7305BF8182D5BBB524D47C4E3B81CD843220DE1E6536497C0962C225F75A2D6A998303
310
B23FC501F0B3F736EE1FF01200FC8C99F5515207C9C40081DF304C0A17D06E26CCBC5B3C47459308178301FA8057C2C0AE9D99B05F038828B08400F2E3251254DD7EB8BC4853B101F99AB48E387457C96951E5DB670648BAB70A7B04FE93EEC5F5B183F9739C98952C6845C380D401B8FC86E70A20744EC720E09D35955D96
310
A9041720196D183AC2CFE6AEA816652D0234883D788BEC8F5DF2615261DB031C2381092401B48D8D2D870FECEA9C3D99DDB036C8A051058030E32190976718C89F031DFBFF2EEA3D88606A8A19BD0AE305BDFD12BA4FF46F1A0002B07137989C748936E9DB2C91F43B07E4E4D16C3779CF5A4FFE8CC981F07C29E34B7C012A
310
F0054FAEA4A6A3D49D3A16D2B3CF220A029003366663053C89B3FB1827080DEC2780076FBFFD8E39810CB0593CC68B5D9009F2D400418028B0BC6CC74067E7C9CC0C2690FBB084AA5254A12AF63543B35EB40D17B693F7E3464D5094C00AA9E04E0E0524F5C35C5EC6BA94B21AAF2440725E2A9FF94FE7A8F0E769EB83FDEB
310
039B631B18BF396F5C13CF89ACC02C387DA56DC3B1CD84B96CFAAA37B55FE723B611062258257D331F186AC93D8AD600B4FEF4AD777E4BF68F2168FF08C081A37AC13446C859964803961928476D78F68419390D830C1935B5C2A0A22A3AB17D3D6428BF12DC373B8D464E04C0A496BB3B3B75639DCC2500E0F0B15FB6F47B
310
5A7ED0183A87CAE8D535F2EDBD4B3B7FC762DFE65A07C30B2851DB890082ADC07131EEEFA3DB7DD5CD32C0860CA83CD4B7993A175F422A8149B1C1D94C1145059D9C78A8A572A90B7C8B1E3392FF77A80C50220880FF3669004E90F101740D2B808181455A044904674E7482CC3EC85C4BCE339404C0B0BF6A5611E4F9B815
310
7BAB6DE327EC9BFBA1B4557ECB609C1F45326499EFB90EE78F18227F09E563C9E63D847EDB3B68EB9C39E95AC4F7ADCF7D87F6752BB6912040281E4A0D8A8314E80D60470999B8A51FB1488A66A9F3F81FFA61C83F4FA6969E472288FADFD61B005E0EA4284822E018911828E868614DA0C36E11F3A051070BF2F0840E35F2
310
00E2C0C80A776CC9E7E6841C0503D0EDF15ED9AFE527E798D23BEE5F0604E58DFB7099D739BF0BA5D332EF29F1535995BDBD0DE681C4F71DFE6A7AC5A13554AE6910963E9ABC9A0DB5B202225545F5CFACC942B5B93C207352B6E5310BF349AF200175D7DFDF78F6D683B7C87E087FA9B35812C4F8F13452CED610A2207541
310
E6D659A739441F3833CD0C9C3C3DC2B0712F62333C4FA9327C9CA1124904B4FDE0FE21C119776CB0C212AAFBA5CAF80EB43772ADFE77CD9FA8A4144C54C2FB2304C65F62FC3678E4F6C68F30FEE1BE8383CE7DB86F58B1AE0C51F0F055E188D02F00911DDB0991832228B3172B3E623E513FF1734FF414A611A603163F401B
310
EA790FC9FF7FC3FD3DB02DC00184145B850D01D120424DC03C00FCEB7880EEEE939399F1F18DBD4AA54C939899304D913CC2D5CFBC55E50C7FBE4C0E14AEEF53D6843DFF56BE2D554637EA047D3C210E2C61077875FB5B40E19F43AB7470CAFE1C0D3ED3B3B4778D1DF6D4F837C08747180FE8394F2CA1E0A46B6DA62CE2B2
310
DABEDE0B1924098580FC16B369730E9E90541D3730D47FDE16EE1FFAD3419CDA05ED1F2715C607F2E81893AFC5936303F40EB776F1D808BDE393A3FA401E1C706E154C892860AD74A2949C409E28A8FB3349C764D13E4D1D3468952B7B1B35001BF41142CAD58D6011C8B78961EACAB66E9AFBC627673B61FFDA4167950A27
310
4145BF11EA17BA9AA60815C2C43AE1F648E3772E53C94E6364AF826019E723069A8AA353A3BF7FB5359281700061FF64C28C10B9AF0B70B0B0D30A31CD1CFD22F68C76DA1E44558869257892363C091D313EFA46B57C3BEB252E9C6BF5B4799EC58F1910F469E25AA17B343799DB3E33CF410061F96C6D63FA91B1000CEBB7
310
D2971BDD39A2A76361E000F5DBC1688D47CB812DD60F8001AF25B328D173A9E4BAC18CE9F1F628704330741B2649B92E9714447C68559C6CD2F681919367E4811100750058809D0230C087A89FF3C80C23C4C60882E481F48D531764BABD5CCECA308DE2F63D3BB50373D630796126803C2D1FBAC148F7592881B395ED7D26
310
B7DD38D7096AF98841CB37592561D9C6565317AFBE9FC4AF7371E060736C7635E0CBA1809FC80F544DBAA1F2F9393D970D44C0615A0C6930E758B9E63AE690F73045F0C8C0731DE9CD80F718E94652383458799E02C06D328010011C7090D8C5E5336A83D4059953877EA1E1D66FBE994F04608C4C991917230FB61F9AEE18
310
3A40AB9108D032449FD1A7283DD25ED15360EF7EA9303EDDC0043403531EDEAB10DFF87F5E2FD56DF0F1B701A9F614DB17FA0E0EDF6FD0B1622A81FA3D1DE5A33F551930335C353A87F9AB05C60455193448246944A232C5D07636D864CDD7A50D0B4440CDCC465D1C418321F50E1648D500294065D869559EF3C40C8FCC6C
310
323E989AD0F0C73142480B200842802C061008B480A9954AF282052B3AF67350FD0DD30D1F4075AC303A5D490250F5400ACF479656861E4C77AFF327F3EBECA4B57B6B6C8FF62602BF150744656A87DABD7BC6BED50527B2120C001A0B3718C74F0C65CD34F275164D7968148DDF259AB8AD6CA81CDA4E8819509B996A7F64
310
2D987A401A2B04018C01E6C169A8700F9DE3B489DB2BC49C9B7B858A4F50D22AE15428FCA4A1EDB20C83492690CFE361CC7F8C8066FFD0D77AEE797977F468A36E0B0DFC87F90EE6348BC748F7CB73B5B9DD5C6EE7AB19ADBF6DF359F1DC2A0F9E44F213F8041F64274C0859A2AB7C37440FEDDD2F95BE44065F22067E3EA0
310
CC3BD8C0D8194EAB291CCEE20B9CD8E02950AD806080047A279F19024C837C848816719AC4A34DF8F0706CED904E8185753A458A27E4C1E37B5F30A104932BE140E0BF4E400160F320B054A8705042FFC47B4940810173F9C9E97240C7FCC3F3813EA239B745DE9F1B1F3FC2F9330374DBD1A7B475923F9A2ED81716D18D1B
310
577DAAB9D1A0458655AD3CA7E211867AE7C702DCACCD291E0F798013DC01BC326087775C0833E04EA3778FBCB8DA4687A0255CA0AD210C15661E4E92001A4449031D1DD27D327334BE830B64DAD90CBF537A45FBD4E94A7A88888E715B7E74FCD040E818BDC1BF5AC609CCCC015DED23877080FCDC47BD8EF3A7B783A17D33
310
F3ADEB6D6BC7AD75EA7C7852C5B6FDADA6AFEFC2D181C03F8C40DD8A4AB5024F0B72E34B57BC1182472DC80946789AFB711DB7F1193C03C893B0345F420246114D3EA71D04FBA731C0DAB0D3CD311B218F0D5A15ECC105D02F3AC32F13600084731A83220040019B03180634B5923D438300B05BAC80881F061095FED5D572
310
A3323ABD83F1D37A2301A8C930AB3F66ADF7CBEFED30BAAD7D78A06DEB6A87F15491F5AB7E25842B6B34BEFC12C8A159F187C64B3CBD2356DE5FBAB98BBE9583F0E3280C0076DA15BF34C15238145742B07080B1EFB83382F9FEF2239D003541041083C5AF9EF3C8944DC2030BC3ADEDDD9D27475800693049E05413BFB3FE
310
B4308731512F13400D06F813368A0101D8D863EB3E75FCCADED124F532AD3F123F131AB46A93DF1ECE7F96CE9EB6C365C6D6A07EEC461FC919FE288AF7AE1A7D012D291EB073735FF26BBB1C99FB706E972192819B7A34BF22424BEA1CC7958AC2E04BFC8E02DB90A4A1DD04811ACDBC181037864672C78F6C0EC3073A40CC
310
49D5E813593B7002763BC6A909D31AC86F3F6E335C9E1C309BC58F16418642E2AF6B290A34FEDC0CFEE08FCA0F56700699CB73B9C99302AA17BD516D7F1FD755A2B32B3FBE7134D3BEC813195BD355020A7DBB541539CD2C06E45F46FC0EE08293E6C0E1972176D9B678340AA1A4823404EF79B1E2347E47C35D0A2260730E
310
0B513025DC0BD1C07E3366E9B9D17F767405FB531070700035618606F0B40C73C974CFD321B0C174A80C0F3AA54945FFEF348F5488895713E89B5C98DA501E06D8D24FF04FF0CD7ECD7BAA755A854EC6A180AD13BE094E8D5D63BFD6DFA5F5D3E4DB1BA18FD8473DC6E17FFC9832B71A2A94D96E808BB53F9192955D62C82E
310
282B05168AA0927D54AB20A20A74800B7CC9655C8B15F62377CA4C91641F9F4D0478F4FEFDCE273A002CC0A725EC165CE3A149F0333E8E9600B2C05A7D15FD831F0938DBE5D0FF13E3C0F0765965A0961C3FA86DEEB0E28304747BFBA5FCDEE44C23544F7BB7BF7A132DDE34F99E44EC3FEEAE92F667A10F7E90B0E8C6442D
310
F5A5318B0F816311DB2E6DC6F172C363FC800EE09186BB9EC82A24C0117700CD884AA42023B81EA6E0CF8B3056411110D78606EBC5AD5417B45BCC8E61EA01C4006AC233933E35D860BC1B6CB9C9CCCE7840D2E0C1C1FFC11CCE54D59300F2B47D66A10F09D8E24B71B9BDDF98FB62A3B897C53EC88D16D1FFE8C649B17BB8
310
E760EB20B784F52F992544753F2CBF642CD3C9C70D8722C197142C567E74FB431EE248A8F3FC00377F5142144A82FFC28AC2970A780C85A7EE9146FA4B2981F3C93BCB0F3FBCB6DD3DE69C72B6073B99140DE28B8E919D9D9E7C2F5FA99FC1FFD07E9AC0965CDAEA0A945FADE52C791EA989E8E7A21A355FB37E44405D171B
310
98A6E946DB26AE71DBD01FEF07FD378F5B4B518724481820890E7486E3FCE61A60E096D577701890EE07CA5D7F2B086040749FCEF3F81972E510A86359C9BB579883035887542090614E5C4461705D7CA1CF84DB564838606CF1597E8119790D021080C935A908324EDE9F60A04B7830A33F0670CB08605B8D01BF9A3D4356
310
93FAB4FD84EF6754930640C1F9D74B052A7ABBA9F502B39DA3BF6BC7514EA4BEC71D752BFDC198EDA8DFE8F32B3EF811E4576B0A2074B99B070A069F60173E7427BDF285024E35A4418B7A412914F2800F1965C4F1120A2D5D2C64400563D5942044807BE7C738EBF3034C4A6F4D70C04ED1F97673C039FABC4CFF18866E08
310
200BB66BDC9CCDCC3FFD1E43BEFC52C317F0F5E64900FBFCDA4DEE68768FFF46350E0EDADB7B34DBBEDE3776BC55599AF84E312229F931E700D04478D66A0D88D09B2276141AF0F8811C5F8067DC04C0F90929F7F1AC9CCD368488AFB965C97B855A3E2E93AE5B4866502E55991B82D4388614F2C36B8484A5FA06E3EFFA98
310
4A6AF17D5C2073299D9F12FD63826F67FC460E54030981684E9FBFC22009A3006962285FDF4FC84B699FB5BEF3736C6072F6844C15EDF25883037DE6BB7AFAD6AE164B367812FA8CFCA6FA25725D99AEC5C6EDEEC64ADDA2BE0056002032E1D7A20A54CF444E360D520A5B69816C0A953CE0434A8A898BF18E2B704588C01B
310
DB2133342F5404FEE698957C200EF54E31BE6DF4E888C9C67F5F3F1B41F922777E7FA6332677C20098C59F762F5DFE4A23F9801A3BB6F8A4F66E0D40EC867E92DEFCE84C714FC7CE8DD3DD3BDBF9C781B1C3B549FAD2C89D711808CAB100E09700BB85240374A7209212F320CA577222A7020E7824500179FC7096C714884B
310
DFD9499E027ABEB3CB0226CD293CAE6E0C41A6788F396606A073E28CBE5CC67D584D36CA39D37974FE1023253E3FFB007A26F657FFC901D851130DDC2BF54884F20D5D40A0B7E5C7BCC7CC87B84F2ED820192CCE1AABA1FF24ADBE1D03635B5B3B53D4A5F84120125FADC36A0E792D3AD7E255792CD5241A4C84171F110409
310
0017DA493D0A7790A7BDE6DF326180398E4B0DEADA5C2763825E43E05C388E184678C88CE6422606C017F030366981353DF03A753DBF6370879F79889DD0BF75408724DB53C5B0063AB6568D02DC47AE4627B58D7E367A6000267E7840C23A0940B992DB98ED1C4731B4FB4DCFB6D3EAFB6CAC7646F0335C5031888CD74E21
310
03380260AD47176D703960230370FBBF28813524C17FFFBD6288BB28E4F905ADB4A788B40B4A6201C1878BED224DE9906C4C79EF32EE679B9F5D3B5DFA137327320643909A823F62106CB8F9BFE4BFEAFF0FC7A6393EC7F64A698EFF8ACE31BA05ECE6DAB6DF124118D1D13F892F3D3530602E3F3ED3D59DFB821ECFA3D9AE
310
85B1ADAB9E328DE738BF55D5DFD039445AE76D0194180F57B15BEE5F09C07F952F9A10372BC894CF7DA12CF6507E2A8916E0DF430C519485C55D61EFE209912D8C32866214E121611E22A0B1238DB18E86636A3BFAFD5B4EE02FF1E505F902BDF424D0516907BFC95EF3A76B6B3872769D67E25B548F0DA46E2B93DFDFD5F2
310
B9E9EEE1EE1DCC7FBE6380DFBF38A165CAC73DF912AD76A4690D2B766A3EB4AFA2D05BE543EA20B095FB17AE3F1928D84482049B659E671A4763CFA567C08824913D37F2F92F841FC244085C1681225C04AD6DE1684831682CE0D6096B56101C0D4FB3A1BD3F11FC1105AECF5660BD3FEEDF162B0D9DEC6DB55AF27FC98050
310
BDDEDFF63ED14B01336053A19DE9AEF5F5D9E9D9F9E19ECDADCD497BCC57681922F327EB41FF681E17C1921B04FBAE371AC69E53F98183E91B84897A5DB164158BD1D12FF6F6BEF0E02847727BF2628F9FD48B6FB11DF6928C868B29590A0606F92140D0C08850DAA7DD8A5FE8A50389F61288AEB743E9C801BB67DBE0A7F6
310
4F63BC87770FDF57AA73FE1F5A84F8DD3AADDFC32087FBC0A7D645C327B97D65E7A8BBA76DFD9BCEE1B1CDE3F5F7CE4E6DF4013ECD7CB60BD1239E8A4E9A5722AD9C4FAC8F7FF17B214AF8801950430639A08E3ABD05A0D94E253BD5951C885B0CE750309070555FF21F2EF83FF53F4E15038B8D8A244740A5C9CBC120043D
310
A0B323FB1DA0A4EDA268C05A304619505000BE10415DE898809DB6B66896E60AE347ED3D6DC707CB7D5B5BC374A158EDC343D0EA61C217D4878CBBDC1D85686782C3CF4272E7DCFB5E9EF628F5A95AC1AC0C6848F5771329EF8DF2BB79EFEDEC8DBEC72EB7F245287FD4B31008AB38EA4D52F2BF57167159E3004CD8950E21
310
7DDD6F699FC763E9D1A0AECC701F7BD4430A3E030374066938F883C01DE40E7DAFD609345E33570F4CE6BE467FBD7F793B5AF2A9D331D86DBA7BF98067918F9FCDD609A0384B523F4413B574B818C6889FAEFC5E7B8F90CEFD62BC2C85B2478D54DD076635BE434FCADE68B3ECF1C8708E27863DBEC352D87BCC7A92A8E135
310
700CDE65BC114026DE5DB68275E656D2C0D4087293D43BB4C9C14EA83C0D806783B40DD7CD4F19EE9F33801F55A3F1FD600017A6CD5DE607783D5F74E34680E7DAB98D99F6E5B5ABC7F7DF19D8278322F6A97FDB2FADE1539BD945DDF868EE2B8B70D9EDAA45D1BB0A5801198CF1DA891540474745BF0317F8A3703E02510A
310
E94B084221F887FE950272D62D4232781054A87C58D015CD45EBF9B70E60820A2056E9D4D619E8494BBFA68B61EBDD8CF52CCBA124BACD4A4077E8420A7F36FCDAF661E577B792A7E1B7E337C7CF1FDEBB3B49F501F3C7366C1730E793F51FA20A9C3D2E9F18E63DC277449054CEADA36DA0807467D45F8A744E1BDED725A0
310
33868703F1392BBE221158220588F30574A0B0893D0515B0B7C404AD0E7F40C11D504C49BD7DA39A85A19CD7357DFC966E5D92272FF06D59CA5A6A1C8AE30E52F1247C1F1D78F81887F9F3E387075B170F9F5EEE4A7F5BFC69DF02FD8795FCFFAB472E7C88D563DA514861B85BD41594A75F5E866BE69471110A9F75C8609C
310
7E6BF6C7C727431EE3E9E3773D2378C25226E82C08104A57ED273FE0921D6990E02B006BD038263BA360355E8DC446A380F0BA35FA9945A80CF60DFD54054202F91897C241C147D59F8E0FC67CD0F2BF377A3463F8BBBABCFBD6833C57E214AC3F5AE9C2FDE88852968F20337972C7E04EE5658223008AE82D93BC37D8DDD9
310
00BD6B16EF221F0D4149045D740A8A215D4FC186C658E01994B8CCD317465828704BB630DA2243B3B4ADD3EA554A97408454148C04A1A0CAAC2E04033C04073851F54380E0BF2DFFA43FAD3D6B574F2E1E5EF6E5F4FEFBD1CA87C161FCBCF5C7AAE2F726F814027BAE10F79BC3D765D61D1803952210A9AA07F8C6BB2105B6
310
1145B324F96014EF223D4A9261080239F03FF6F4DD4975C183B887E081F7A467A25EAA0C94028FEB808637768B07400A8235D4EF33143253198900E079E3FACB0C59B00F827A5785A6FFE2FCF0C0E6F1714F11CDE5140D931D707950631F3DE877F300002000494441540ADFB08704E252AADE1BD4E8DF55796A32B9B6F177
310
37C67702E5C638682737286CB0E0A89B624D5BF28222432848C9AB8C07170C97B814FF492A61072407D638006F7C8400860444C01B1930A522788045633DFA9507267A3A42BA05925BAD705CDD3792FA23C1075C6EE768A673919EB6C3FCFE7629B7310AA794CC9C0D14A1FB88F95C845BF22543F57996E0B26C9E4C2ADF18
310
7F979F8A55F11B47BC26594C52588518D25E6C2B1CCED231EA1B748F093E5726A21A54C91EF95789041030C20FD5AD68613432E19A4D0DA2505B6BD843516E10BB00AF9AC315EE9FDB39CC1F9EA59CD88F9CD071D470C86C4647FDEDDBB1CDAB81DA94034747A779F4CED497CFF817348F69F52E55490840E48840BA72DB71
310
F3E84F6DA2F4717AA928F153DA6E4C7E8E00363CEC9A2E1C8E65F298FC4A52F087FCDEE5CBA38A80CBE11FF7BC2AFF249203FFAB77A128A001B1987BD334AD9B901890A8C2005B6B248196AD09C0025ED841325B31845032E327C531C839E66DBAB39566B631C2FF0A1DA5A3CC47E665AD8751B47CFE33899DF047C9F3C365
310
E3B11278D49DF939298E09002F6430F9958803309827A7C791048CA070061B7E9A64C557D235F83EE24822E5EAB805F9862F20FC58F483DC0EF02181F572930205107E00E523861895A2811309808F2B6C14B2AA579E893753C155D2F54302007E9FF36AC5FEDBCAD47E182D91A73920CFA5C18E01F8FFF4C3F1FF553BCAD0
310
E58DEF85DD63B91BE38ECE1A9FFC4AD4A1FBA30D462C328C5A0340DFD393D3D3D3C0659195C96990F391EFF4175213BC74C020922D4830FE215E76940962BC0713A3B82784C0CB6623DC40D6E1485BAD454F6892200B225096127FBD82D2B12006BAE2E329C771E25FEBC0DAB3B5395289D56D7A8A89081B34EE06F80F819E
310
FE75C67DEEE95D227E283FE98A7B9F1C97D2D05B4D07A469153C3DA3048EA68FA667A6D90E291C7D7E2D063E4D044964D055F2DBF3E31BB851AE9F78A0A7314F0AD24901F581D74A6929142039C65AF5830D1C809536CDC05E4BA51038F79D713DA930CF18BA3010E385351CF47F74D439BCBC793556A1F99814926AF12835
310
E251C59BEA3C083EC2B2760FEBDF4304C9EB87B35769E1EB24B648542CFA4EBA9EF93CD42F03C08F249A2C98897D8E2225E90077823F4A52171A61219998CED6FA050992B6B0A74A2220ED12123004FB977084208F8E2AFC80F456CB110BCA647A3A0F854085D84FE0052BE31FFE7F925610BAFEC06FC33F9931BF063F39DB
310
3D1BB20EE357F594045F4226131578582CB055A59A073AE0413989D215019B6EB8A21CF154D71164E0D8F4E730C2CD382D098DA5261456A425643686BC8301710F2C50665881399156AA2B4C3191BC555728384800CE10040F746A3D8A80A5F0E500A93456FEC52833BBB45203DACCA37FE1D3EE4B9BF0EC27ED47D89B8266
310
F11EA2DB8B5A8BB93EAEDF0C06B7AD0402B9EAC6E787365535AF19F15158308A9D9785C1BC1C01377F8C6B4D07B50DAD25649764A91DC9812C7B34CA98184084F7C01055466B48058CD44085AF26648520C85C41C67805462D8425680425559F4440F3ABBE1F3F81B1EC72708767DDC8FFB6465796C8FE310FEABE0C9B242A
310
74137EC3E0427091967023299BE5D6D4D0C6D15747DC2AEA4ECC57C72856E827D33CBD319D70FF854369EB841282F84B7CA4881447ACFCB257E252E00FBB3272120A75B99119840858486615636E0E0334031AAA8C08A62E080053A0AAA4158431EC727A084021D41CF5D630C94184F6FE7432E8F5F9A4FCDF3EA7CF136FC2
310
988093F98ED622E38E4976E1BF0CF49D2889E6DF3566719FE1F9B47A2D3BF89C69155DCF24F88C609EE551160F0415900B4C48FB013D8900A9192A700748002924771A3686A0A580FE4009E00ACC090253E280B90AC15048E047020483A038A60ED232831F2CC90498648690D960C48E439F18F4DDBEB0B6F5AC7B7B89F623
310
0243B4FA160A7B9327F3AD5D937C8BFFE5FF8B3A5E64283BEF8EAB9F71159514CFED62DBC880614AA1F7994CCFAE7D8C87057F451733699B8DF87056E1F0654B5021E38097E4E23221B810DE20559AD183A61C2C88A648DB096081E9801CA00BC1DA0124E08DAAC15FD2936905CA8DA1C40E42B13F1764E0C4015EAD7F8BFE
310
C99A310B1B7C0BCC7746D3C0702759C89EAD57122092122D1F857067684A578F1DAB7EAC400841F493A468113282FFE42316CC74C756B1C880FE78795C692813CF4644480EE9B02991BCA257A71861F00666D9410288487618D120D0E80D7773E2B7DD180E100EC98B221C94BFC4FF531A09B986230F1CD08378A8E4D0FDD7
310
D9B1BC75F5C12EAD7FF83F3ED19EB018620303C217A6A35D826E72ABF2D8E2BB1B783F6E48D2E3F360806E1D192085D022103473A10375B63853EC54F500B5B064DBC20945B88160DCF7E4F83A0200BF6FAEAC88E9F54D22D898E43F378D20B51B5D6B1457000922202800DD401A9266483029C0D6D57ED80D42A0E6E08835
310
F0F3AC73D7FAE6D56185F04FC44472B854EB7D9CBF7134DF3DDC35A9F6B38417DD6F508B37C1A718B0D054124176F7222F62DFB327F34D451799D56216880193254FF782D7DDE26C271BF38C6E422E271CE4AB8823C9510F021126A7A944E00DB4031D013C88EA0746C96D4574069BD5439C4110403B40020C30B07A604F1E
310
41D19C21A93FD9002DFC35F23B1E7B98E95E38387E3603FE7393680410D702FF9ED5A3C5E5CE68B5827D721FA78F3A9A0C08A79722D9C9B418F46C0057BB1640C70AA4A03D29CECF33987596D53CFB27B32C3BE304C540E14BF8464E080918268D254838C91A01F0FFB99154FD8A9C0495EAA6534A6C464440B4A71E16100E
310
7405088122A35F7A511DC003D002E6C8E7E15F6D1D2FD09014139EC11FDC89394621F77B9F88EB5A583C41E2FEDBC8F82334494C0BFA97FF3C3A34ADE60385B60E5A30CF036E5E75370BE3B83AE73B3B7DC0BB337DA0045299ED0C66681E4AE223D01B1BC3BD4C921E2005FEB5114739040758189BA8A320067B62A3995E47
310
20055065AC2B4A8006BF8CFCC907C0063EACE41813C5F017065AD46CFDC6FF1BFEE052932CA3478C8E5A6F25DC8503D40F61FC1B047E4DFFE8E84407C81F1AC7B5C79DA358551CD0D13785A9AEB38D6EB68A0A8087FC6543E7471082873CDCE5CBEA1EFC5CC0579469E225428E9A43D6A6000B4219DE52E8DF00A55F4BF503
310
5960661C2DB88AC1F67C2890A93FC420193C8326409E7B595FBBBA9AE1D1511B3F6D65B09AC10A71C2317201A603E88C56CC68C91279E83F5C147787EFE6C675F00941D23EF092920330982DF38C65EDFCA89DA98E8ADDECCD77CB86D85118F3DD9884820B1128010D02F1060F582871CC8FF42024C02239273A1CC3BF71E7
310
70DFB7E96081682803188118B50310BD620234F230B12711B063E0F0490FCDA9248B580D3D3DE944A30CFCF2A1E0F6E59E8FBEA289CCCC943785BB8880ADA9C2FD70F6A13F5418444E3A669273C006C4B4EEEC067827539FFBEA9CFF04D84E7F170480037005AAC8829084329899F90B5E013927F8E646514B4824B01D11F7
310
2C012CEACD163B6358A4454A4221D06E68A71062520649BF9E9127D0772D6E5EADED52FF216BC2FC513C7D3C5CC4C8AF009811826AE20203B076A2AA66D8D32E317DEE0EFC000FCE16D9E0BEB17C74AB009256C5D8AD1CBABBDA61402612C675FBD72D07E633B1A42F2421208CE01397560811204306617A5141706105C9F4
310
984C459F2D0F6C392FA05BED808512B0B9A8A9FC6CED89640EA347D31F0DF76D3D9E61E800FE9F7601BE4C9614A1C58E6C839F13A12D0EB426DE6386B82369A9E6A7F1F9146EB578A2EF4289AA109B4F6CEFEC0463E0072A05CC9DEDEDFE08407B173B8AA65399C80B2911252E6290C82CC1B8909140C11B7AE161B42B9390
310
5045D017E00CED6D27AAA15F2C2179F1E83D411A7020B9408D202381E7E5DEE5A9E7E5CDE3B186433F488AC81554BEC09BC579018ADD1DCB3D9D70F02B14BF9159A4DA376225FE43DA224FED327941705DA582B2FD1BB5DC0540667B650BECDD1D5DDFB0C7F36DEE2B94F6EE2EE4E426F20A1174C31DF153321A24114C4FFF
310
25E505475F6906D4149B21F1BD9D9DF7B059F8E0FD83323CB97991FE80EE131A9003B81C491B218B1D42C0C0D593D9D548003839DC29A740298B0C23F0CE14BB167BD61989AEF0B985C8FAC8F923A73F31953989F0F6C96CA6C4D0A9A88184BEDBBBDA3BBADE77CD8E2FFEDEEF46184A86671D7DDC51417477BE9F04804F30
310
5AC82C2D018A21EA903866A0F959FBD4139916D036635EE03DDB7408BCF0627A03027AD314C09B0A27F0A79490D53839D0DAF1416995CAB24101FA63F75029D57A4CBBA9FB4D120ADB17FB5A999FC9420DFE04FA670430B90FE7F589F7FE8D50A4B5F004CE5F07EB4EA007F8AEAE8E8EF7DB3BE2F81F42166C7246FA9E62D0
310
2C8209BA1024414C483498B50229FD923F2414040B2081390AAC353B5283EADA12A30B1080866D746B9ABF5BC107F33C2A015B275480759334B83AB02175EFD0DEC785DFC505E0064F4EBA5A97073A74C5C9FEC97BD25D819E28AEE661FD2732B8BBFB1BF13441B3C1F45E8AC1752BBF80C113DE960E0AC7D9D02C58C80505
310
A19BA0E84B14402601A590A4AE00A825E98C3212342302EE10FC5100681F86834A2804BC409D70270A2091DCE874B16BE0706C974EB3D26EFEDFFCA6C4579AA4DB781708469F055532A7046C6BEB0CF39F3ED2EC4FBCA3D00EA91CA68FD2B87B5C191E0EB2C300F00A1C9881F263571C6CFD83D079D09F176FAD839340CF03
310
0F70458F81F09AEE1329505150CA0A00576B56C06D58070B23086F685E44232D9D53DE3FC3731044F286D19F459351863F749F1104198D6E14BBC68E17CAE70D7AFD958E350BEBBC70C9C4DFBA075240DA27D40AD7DB063A097DD3F041EDB3E4B682A7A12A548F3393DB01945547175879989302521EEB1431B08759B632B1
310
74E0F700E774FCA1BB83F95029ED1A084288C8893520E49415E00DA080AE8027C34206D35491D050A4C6B080F6A20889A2FF82379AB6234F6710C05F9080ADF002B9C9F9C583AB220F45D618D7E7F7547FB27CED8A8B7A7D24EDA4988B0C1C2A1AFB53FDC61BF3DE50D63C560F0120B0372F0839DDDAF13E583B868717C1CB
310
8CC71D1D7F440CC82184803144196EFD58BBE00B7EE77DE8C015942357FB06FC906A5E2B8882CCF9FFE184B0035A5CF186A962A63F84B3AAEE3D5A2C830008807568B6A9F424086D2095A3E262DBF124350082C4B5DF4704A9D2C93553DE47BD6766B69349610716999FA25854F759CA9792599D3837ACF6247CE8597B0F96
310
0FA3EC45B61715050260C5844FCCFEC9666BC71F875B17E3BCB4CB151405D7D08F846B4CB952248B4603CC402B609E90F0044A007FA800EC46D07A51232B00E5683C55D5096E1374DA4FCBBDE2C25A5B8D26008227CA7758033D7D70DF12CAF7F247939F93F1CC63047D63ADA0B7CC8771B234D8095FCDB577B586D1834062
310
035670E204B245EC093FCBE15626C10D210CB38A13F50E10A0D5C0814B0C4B30AA9858516001669002229618F100767AA3D6D2528595FE7A398C2D2300ED0013A0AE60B91644A057327BD3C36BEBF48C91279B45F8BD145494674AFB211A91977CB838DF35DCB3D6D6AA2FB2784B591ED785DFD7DB77747DAC9D2F7674810E
310
FC2895F9ED8007EC7885101679C06F21E4B1C8A6120956F80518D1DAF1717BEBFB5803E20C6F2A11B2E48AFF4AD2810A70054623E341B3D1ACD92DA91150DE631EEB2C28882D092049C0DD38E262A7BD6F98549930C9D44B7C37028AEA9F8C5628A2BEF5704C0DCB2B428181B1BE766F43014498D2E57791E4C8DA6BD2ABF5
310
003F0C40202E2E32EDFB02852D16C30B7F646B98FDF86C7891690043128B0A0DE6B4EA27F08C30CA34C9D0AA0852A5997F8D11A6EE84E040B20472020256F4AFEBBB74E6705A12083B249089218E6452C8E5A69717E904A3F5EF3D5D08EC1F4D4E85086B238CFFC11AB9AE972CB775616C6D1DE04DDF073B4DE3747C41FBAE
310
6072901CAD0237100670C5A00C2C3CE063610ED824826C1F6650700E88C00B62468903A0D71D3A390255AD7040048348C56C4647413C2C2561216E0C469203EF06A5B101AD40D0E207F78B124747DB5B4BBB4E88B1C373C114E0470B345156EDDBCE1B4DBDF81DBC400746B0B54E05F693707B89A5E430982C2AC7D10DFF11
310
D5B102B9505034B35D07E8E5F585757F088B390F2D4C85CF7218E8418BB4F25B885053D07D5A908326809F31D6CC6B77CC948413B28664484439D118DBAC27DB5AC40C1AD166F25E6A2F0AE82100C0BF220405323E1FF80DFC518CACA8DE1003F3C9FAE9C7B2D60703A0004F8EAEAD2DE0F5485452D15B77B4B67F4C2403B8
310
D8F9C533558ADE058A9E177A1698F75DC0EB4C800F74C0270178C8579C1FACD025F0560844502D2BBC01E620030CB93636C1041636A693949CD80139FD15BE107F905590A292840F8860706D07E2970A2F15E5B13B87C3143CB2930374CC46A6F9B9D7A5CCCC14E11B9E879A49FBE27ADBD6DA82410FBB94FAA8487D61B51F
310
4BE0A03FD08743C31020D6628ED20305A22C2C2FAFA7ED1E7881C438AA5B9035F20759E243C51F34D0D5F02F11403B9E204CC1686C0B6C9000470561519CBE1B0E4FBEAB37A39EE4B84C05F023858779341991F36D9D9F351E7BB3B5ADF00148D9D05784F9AD8B037D48C01BFA83D4247F03BB768BEEF973A14E610090D4B9
310
6B1EEC5C5E66928F28EBEB6CF578B067DD83086081579848E60DFC7684044D8174993C39F886043481F6A2B743B18749E52447CD4D230513032D20D20206E536E15BCF7B7D211634F98FF9986287F33F9A94615A5A0A7CACF8DF5DCC1AC6EF9AF1945EB78E0A2FED1DA2ACC00EF983F9A012260BD722EF61C9DBCDD8719703
310
ECF839029010CA0B9F100B1D2842153E01A1A3837AB579516A31982FD2908A09100DAE591016CBCD4B011A2F4DE299E1338CE065DC4841BF9895D8C81714800CD08F5AD39601BC929B55D291F6CDCEF2AB40DD5D98F4E6F107C47AEE4A09A079C05316F479DAF4C2BAB83221BCC0CE23FE3D3D4C7BC9AB673D89A3677D6020
310
F6E182332028012FA0FBE0B2668FB85485902A8E7FA0BA2105C213E20BC2169211A4BABA7D693C3F1DA961F203694853137073AD5CD25F1C017DE0477626D7BA55B88F83B5EE513C41D814639FD1BF759171F4577D3CAB0C3DFF68B2D3B1F8478C18F67BEBB2598FA76A4545E9E961BACF657E0791D2373030E0EC9FAEDD17
310
BEA7703A738185D08236C407448A4CB504CBF01FF43859D3115488EA01B55078000DF085911805790DE1B41B6F8CB2889C3834FE02AFE07D85143C6C008438A944EA63E047023A7EF37E13B0903AFEA7BBAB9579330FAFDAACD540022980B65A75FBA17D388F1E6576405CCE7032D95BDA420E7DC0EFA320879E5F8B3B04C1
310
D2D9C1114210C19FCC49DC6A855E12010184DB8968109ED016E4683CD552A36B3AFA13BFC2114068935A7E774CD2C7225642B73325938052D8634ABC18DC9442BF9E0402E85B42F9F3273672DA8E8F1070405D1DC3248487574CD98092B8B956E6AFE1566530B78FAE05B4A0DE51FBAF85DD075C7E11939F80E015A58D1F87
310
E400CFFD2306C4D1D3C634380A201545A92BE01F445800BE12302AB477BD6F62600D211232EB061448A0D2B877BB940D63D059C37E0569A83DE93E214F4BD86209FF6F479C640AFF8AF6D1BFD987D029A94DB7C329B4184D4BB013BF912FB88FEEF913071A8D82B651BC10DB067A7EC52FE1B421883144C00F64FA23A11CF7
310
08BF16CA59F18D4C04B8085964B2D8DA4A855187000BE440BC816FFB13374640B0EB1D0998AF38A1AEF503F14302E2811081FC12EA6CD38A63B33035125F40F170C0B0AA45E9FCA38FC6D688D48563B5C4B4B7C359D3C7AE0EFB16ACD5E2FAA47EF8307044B4EBE1C71E84E742D81431FB06B90B600B9C239E277A57C94C42
310
7EE10E7826980C0136600D916A06058CBE8604DB4D314FBC014EDAACD0820F14BF75449B70339490FE5A0491221BF95F949DF1235380E969AABDBE2D32EB4403D3FDF17F42F9A0A7C28ED75BE86BDB7C7EC80C76F86B8800F77B305EB88F00A4352E0F8089EF811EA02A3DF08F7DA008F803BE4B4EF5F41E56087099E92070
310
8C3D720916444440FDFA013D4E1201414123A09290F5BD7AB729298209C4306D007BB0829FD4EC3A6D7E4F00B67DF38CA0764F832F0448E58439B952CB4F70DF964AFA74CCFDBABBDF273E2FF4F56D3DBFF2A78D42FFF2755DF307066497F44062AADFC0CC546F6DCCFECECFA232E14F408F05477D311B683A35BC245FCF8A
310
5CD2AF20022C21022266905A5BCC8B20235D6FF04019CC04058AC80023662E25F342063165956320BE50370F2A657BACC817DDA3DDD3EFE04028645780A768FE38DBA88BF2EF3ADADFC7FEACA952E5A77568ECF0C971DF32BF1D24F8486B22A649EC81B1B60315CBEFC026091CA45F858D7D04C1B437079431E63E38F88075
310
8842E780A9E03791C0FAAFE10012588C3C592FE35461A6047802BA18686887023A422A49599399893103942CF6DA53A8E387825FA0678B261F139F801E2B17C901D0F5217E07AC2401A87D0480F753FBED44FE949C93A1D042B879FCE499B3D861AEB23F9C1F372F0C24D0B7D6E70FE1AAF60F84BAE642D82F0A9F53E22783
310
915518494FDBC0AFAE7DA282E5050B703570E06319A015E00D693A6BEFFAE493941C3B08C13B96BD20D0115A9565701DC58568A3009DA13E965765C03091F0FF339F7309D44F6E61F837F1B1FF920450EB8FC48F9B40158BE89C81A597CFB0DAF5F5755D3886DC13D4479599B583758CBF35663AA234F133F91D3BCCFCE0A7
310
94367F385C59B19431780F1C099131384056616E15A1563B50021D369C593FB292685A68A8B2A50A0A2085CF05434617E05FC24A6B077B990014421A68401AC4D65788EE25F737EB780D08A6E38F060F2ABD889E1B889C44852C2FF368C1E3E710D73B6589EA83F7417B341ADA1F639A23D15298F087AD0326410E116C3A1B
310
325218433C71AE62C07C1480F1C045629724A076A4BB8D622D24690486727F56108D07046DAB065000678E04C4F8C342DE27F4AC102D854F2D08D59B4ED0E4F697B0FF62F113646BC5B7F3131D4EA8BF8B265EA3F2026E7061B96F6DF3D993276B2180B8E57067587428579460551049049B074CF8B1066C7E14C705F0B392
310
98C0997C17F701097023BAC31081390196801FB0C2A12380042927503D5A01CA127F9841B460310639C674BC8CDF1A320501448E0068905B07F6E5602F8C1F07786253438CEC51AE61FDB25FF71B09893AC026A9EAE3F30F369F5D5EAEA5801FBAD3C98B38C13EE017B054F81A56F05259DBDA64FE270B1FC4C77200FE276F
310
E814B916E222575ED717A62A92956504605268408CFE13FD61F84252228376060206802B9550F00B9D47E6AF1022538A752CF4FFF1F5931384A9FF8700EDD4FFA2B93FCBFABB3EA6C607FF714B0B8B04EBBE83B52B246092AB018C0D0002FC490849F1E214AE6FC42009D6D86616C835B65DB9862EFC4480C14137603C3089
310
D0A5588FA27E693DD184131BA4E88C35045ACEF1CDE1A82323C20B842F2419604821196EE8185BC834AD44F8E9B7549A32900196E9ECBBE20FFB4706861AACADBBFD9B56A23FFD3AB8BFACC18B1B5AC0ECD7B6AE2E2E9CCD2BE8AF1B1BC3A813B94107E82DE67A42E7CC7D4A6116700B5B2EE3C338A09B840F07C40A64800D
310
7C605AC42B72227C4C7020AB1F20056E26F542717F56534261DE3766AC10A6ED2D006DD03BA9DBA507AE0510A8B385C92363B9154167F1230C40D76AF6F3BE0CA08F8BA2FFBBCEFB09D0986550E0F0EAE2F2780CDF850CB0F88CFC2815FE87BD83909F474F45DD47F1C821DB2107A8817FD45384F57891B65F2543D0C1E20A
310
89B4A8DF806862AC27C60F6A054627FD344250718AC0FA21CDC4E28DBF2650D1B39D8B8A420C348A4F846E2BE824BF8C45E1DB8EEB52F576F47A75FF95F90FCE0FD3A7A08D48D5B9AFBE3EA658E1676FE3372FB57F0AD8D70ED4AEBA3D4C2BE0AAF1C3AD63A6004D12900CFC481A47430C9EACB390038642C8C41B13303166
310
614210592736B8603AD4FAB17189DBB32F3915F0C380795A089A15228460BDE8E52203527D41B5470901B088D84FF8B3FE2BA7F4FD30ACAB3DE0B7E2FF95807AB0010FFDE3A048F7360F9F3FB9380EE537F16F8673131325D3351A3F664022020811A0FE8C019CA17370725CBFF64132025DA1BE2555102212E80A907FB43E
310
D80A991A8AAC183932C19AE17524B06590B6AD286EB99BAD18FF4BD64BAB519202F992A963648ED30E7521F909F090C0213E367A77D8836BEB6F34D92EDA624183070248351F1A079E5D3E7A9EE81F2CE6678F92E299EE312B6C0572C0A7B5EEE07853612403813152C7125E2022A20C18F855DBAFA399817FC97FB6E1CDCA
310
31D348434ACD0012F0D32A5456B4007E6E92D72B1A4E9971223A42C1042819E4049C0C5801300C0013FA48F8944FBAE71DAFC27F1826FA2304ECDF3F6C10FF47D5C7E49748DDD687DE8E91C09394EE0682A4F84CFD6067EEDF43E67EA46CB2F4070160439245F00343D03BF25D7E2F26FC400A896DBF19FB8D4D0A66DA669C
310
3D608F9CD048A0533621B25690EE19D5D15248E390F042B12C682511B02BFE3E5700E4C9A9B2107A8F45248FA48234FD23005ED1F4EFE80D1320836F04003BF42856D478D1DCA3ABEEE3C68F9F30C3A16E5C238EA5DE3FF37DACC2F8B7980033F47FAC34421EF0418A045394802CE032D61C70023D788136788613887C0011
310
A4EA316E005718AE191F8D0D841B9C679CD2FC478442D005429166F5A24403B1E6ACF3298F388B6D0BA933D92339D48969A5C11F09B4FF017A9900A4F887010C474717E10F36468032FF33F4AD610517777104CD920C3CD15FC5F3B3A0C75BBCA3B00F2724863C10BCD4A0E00736C7981F2F72E4B001438B99714FCFAF713A
310
2603BC710376A1715FC602022202E06FDEBBC680A3DF1C4C095A12C50B554FE7623B50374FB2129DDEA4C392C9188077658C87F55FF92FFA507FF03FC8DFD3F31BDAB46DD51AEB03F7E1B38B8B87CFF47EA1479C3EBAD5C6B382C221C0F1B358B39D76D9D3142C4A20935F541E492E0EF081BA41B3620A8E172B584EA14856
310
32E22A8221CEDAC6110AFA4B6D43E2B76A18AB240BB24337721C9321D2C033B2D3E2641A55A400A28403C12D1DADE39AD23FC5FC08C47A64DC3FF6DFF76B5235124022D7E6D6D5F3CB870F9F31C96FE477FAFE54100068A3A87FA5908A2C08011CF31309C10025B089FEF9C510522B8DC07C30AA469841723A10C08E27F00F
310
7FBC181C083F2809EC3B2B328E294AEAD5A071B3A95C81D2DE3F930372D022C9C793535B92FDAD5426E90490C3C81D000017C6494441544698C416520C1C40C71FC204B22448FD9303782FBA67089A1A7D4CE38E89050FEF5F1E078A4DCCFADA058032C34C1CBC2E1202B1F8962B1A8024F0EB7A11F209E96FB369D4B64202
310
FE7BA230AD24C46413536EAE955B341B726C593B5D4630C0BE822480908522B0D85430230352618DCD4F7BA6D568BF4343801480006658EA3EDCBFFA9702B4FDE9022163C43F9B72B58001A23FCE6F0B3FF0E4E1DDFB9801A6FC42FD0132CC1F2224F89933107AD30B6C9131A53818AE944BE25A70810821C38F098411980E
310
46D108F483DC63F49B91B852351604091D60546702F58A3872A1716411B642C7629C267E64E77719F46B0548FD6BFFFC86A38DBFADFCDF700228C124C8664FAA02BFB1F92B09800876FCE4F2D1C3FB4FD0A44E0106A8DB8079751CBF0BD9340066C3D52BC64706467C05B5A54401BE4A1B0132A55EAC1CCCB10D378A3DFEB9
310
812022327745EF2102886A9142C812A1A2C9708027BB55B7006357459F9C2080E0BC34489FC629510F3017B62D5073E2A2C64048A0A42580E413BA9E08274091A398EA80B5BF31C87BF5ECF8F1C5DDFB4F22AAC181F070AAFDDAE5650C4000516440D8806786D874215149E69ABEC43FF0EFC820FEA112B0522003C84BE03F
310
B76623513B6D840820358B084119B0CEC8C00AE888826339A54091F5FCA513AFE147975BB1A86FC50618D9D74502F0C7C8815AA306602FEE3A5E79E0D7DED1B221001118B73182CD439A092FF801105D1AA14E1918EC282F6260869D55108065988BD67F68E5581720A708051F7C8070F582389C682BE53F2AFD85853F2A01
310
3D21564028E06E79B7A71E43212180A81541EBC88F451E02385100491AB0C4A3BC5309A95911E66D04C0B448366988ECD204C2FC930F8CEE8FA410EE4C25B58DD1B6EBAD83F6196670F7DE635282C0A56A851AB035831725F0471A10FE52097089C80495804100318405F0DFC2136004B4C40705EC9154315129205EC35793
310
0035688F61AC02188250CFA9A980233925F16A117A48CA54DAB6400221976B75D863330942E20EE3B00B08FBB71AA813B0E502FD2B023DF70114E0D7DF2E2EEEDE7B789504200112075478F2FBD6897835C91F0C20782401E801A2F9142700B74805703426023A81CC0BE88B537D0003E0C5181D29EB8D83050964DD258091
310
0A1E7A8138F76253DC01DC2F3824391AD748276C0B0CDF12366625D038603D0003E0266CB42704C8CE7FA7F11B4D59C0BF454A78F8FCF1E50513715D469607031272358F04E0003C90107223A581218F10008B10247CD20D860FF0BF48801040B361808148714764028EAC137E871501EFDD97C89B52107FF1235B0928C562
310
530082573CE137840EFEF82A0BDC602736C595912FBEC69E6A3A26903B3A300C5A098A9E3F1810CDFFBA019D97B4E7A7A075850F2E92569BD960CA7B8304995FD006FC4213BB1448A6F4BFBB3A9F9FC4962D0A1369129B10073771FEDA38B1737B663A71C088D8848027FC3008DAC4E4397A6F76271DFFFCF77D6BD7F1F67D
310
A51E0E08875A6BAFBD6BD7AE52CC04A0B4A2206F650EC412841A48258258E8662C3838FBE21E25172C2A15A4F78D82DCF68A005DCF07047C183E1CE47731BBCCB5469D9169E0D588945BEB637E87802A03D88FB82486210D28FB3B858D13DC7CE75F5E6F3B03C1744D30CC58C7C7A256146853A05243060B850072A7010CA4
310
7CFBF9A1E24F414037B8781E8E9F219A774B36481CB43E48A79819D638C8760D672FAC19FB9D3FC5EA9158DBD0159C27860409682E8FF2595652FE189D2CC2D7C023E944158355806FC320087CC74116030CC376C559C098B93A041C5DDA48AF33827D2327DC761D19C17CC62780D82A170E6CE7415A5E7FE825E053048F88
310
D2AC2A561CA4D4C60098DA28EF1A01382772484698F60C8DD24BF396EA76260542810A625978C03580A9CAB91D10249BE579B0377A3DD15749A45F24C4D81FF3D7D7996F6A1690288008C0FF6CC186DA9D5FC95BB09B1301004B016E707FDFED306A1BE8FA208828F00BF342186839839F1F6FA338DC5A0200FF383DE92614
310
C03A4508DA18F4D85F9354F7E867AA77A42FF49BBE6757A1A7454448D0BFC3C220714FE43A3D8F1547BE10F0BC5A05985AC3C28829A06FE24CD062700601F4AF12AF99099B08E7071DC4626A97C920C3FF96E190C9D1FD7CB6163E800D79E5F3F10A9306C02B799E80F1AB380E0571A584C0370A220C3125000B500900D96F
310
EA40409F980E2083E4EDF4D8D2480AE5667222E020BCDAD4EF19682120818FE18EC7FD6AAD67C03F7DF1955E697456F517AC4F24700C30171C67E9168B109A4F60AFA60F98BE30941BF776DBC7C70792A2FBE98AAA97224F8BEA39B47BFD14A8CD03320DA2B676E3AA397E652E30A42CE2987B7DA1EF7F75242413800A04C0
310
270C62A13372400B435ACD84B8B5009208F5AC73EB149FFF3508E21C2201E0338BE07E50EB47E7FF6D97724A601028C5519073E7978EC88834410450E074DD58AD13A4900103A6444A9CB99103229F0EF8C0C78161EBC68137240734CDCFC349807851E0EB46CE864D2E405ED341B71A390CF2DE20CF5193189E1901E866D0
310
230409684B193D17E2928534D04240937D3C84477494FC5E0FE0B448E35AFC19007926C1C6A6E622FDB8A12E30993C6710E070397C4B26304C0AE38218D19F01FFB15BAE1C0E7E74DF75F2406E373C414E848FF8E500EFAF3C1029C9C0ADAB2313A7426CA9B2C1B9E30032C84EF31A09A88A386F136E8C2F1D582EA0459207
310
015F10F1F001F0B1B7DF7222011EA2001F00BFD36BAEE0850928B08C077030FE3806C880EAA74BCE0863A952812E6008B3A89199C1EE918AF96AF583F1A073B0A355B9D861AF1460DCFB3BFC6B7EFDC834B09700CBED3510E48DC7129041C991F06BA5006CA6B5B34EE21501374E8DFC910042036111EC9C7CFA1C05D48A72
310
70F7F835BF04A4194DA4CF76CEC66718C84CD020D04C412AC848F03E3C61A1C8D50D0EA6838A00376054D3DF61A0E393E1F8B058A6C994093476D601A4A06F0CFD3C0A6BFA910E75CC10400A80FDA93AC9B5EA4303F6C0D188B559086091CC5910137772E14F2376D03181B5CFE74C0EA38440D0AC256D6C4D104CE05302FC
310
C00B60B9CD4D71E08BD40C144A025E60D4C1F45FE846A2105D717EEA84808A5DD90A168E133640311CF05DD870768683F5D2F1800F485AEBE5CABD8FFA3C0BEB33702493AEB551B1EB035EF5C8E5757FA7832141F88E8578A363802B560007AF93D7D470B478C4D00B412D634C9140C4F9275C00DCE8DFE3C7F8C0AFBC5B2C
310
E82E3C3BDF393D4375D50C43CD1C17E3777CD2C170725B7B42B41DF15BFC344DAD089C1E9118522B4A2C60B794E4E8F33081BB7C8CFCEEA0B2015E49D586429C6C78646180B7710E06018A3082243C275F077FBE412C17DE80D3E6B9462C5204C5D980D1DF84A864401C483CD01B143F4A4868087A0F780F37230200A4FBF6
310
AED325114C367C22512750A5C7C3E32D545CE20A0904183BA10015DCAD89864B3E1EE97EBAE8B204266A48E010511838E2FE413FB116E60880C2D8440AC3880DDA6DF6618C138CF1CB2A09637E18D00F80CB0DC05322E31EADB8081C29410903F06BFCDF5AB46024E4A75828056440503C707856EF0C037623DD4922A400E8
310
A6BD75E4D2800905F18450A00CEE88860C8964C7B3F90F56528BA18F71CFBBBCD2D05797E168FC37DB26DBE0DD2EAEF39686C18440820013C1444055402A541400DD362A0A402F1FE51246404E098249FEE30708C10CA0B54601053159480C00BAA9B1223A773234FE72FD5C3BD81804D8D196FE3D5315A0C981D88D04FA01
310
DFC185CA93F9120E1F480B08063364A0A318F08DF95056E4C91F1150D31B011200383502E079EE43CC18603AE2F88FD139C802A739F208E88D06DC78267C448C27C4113C19B0F51B0E9C1C021CF8F9167C6B1F2E10E461002910105D1042792D1CA303F469714C018C23D72179E165049C40E801CB96CF334562E5807291D1
310
E0C70FE6CAD91656715F0E5C5E70F8D7F83290549B1BAA6F781D25180EBCA93EC84E72A74081CE3020789B3790E1A9E478E658C099BECFF01E530E80EC5FE31204ACFF70AF8177A03059240CD074978A002A878BF883FEEC81DD684E406CA630ACFDE87292822A11953710F000885D6F68A67ED40CD772B0828359B753F7CE
310
23D9479AB9845771B389D6A77130F8C134EFC83947392029B10E4425440A84AF0E54825228FC1634D369874739C837A9DDC83C20D320C36042610ECDFA750303710224D01202488012CA847424F8D53F78AB6BECE9B3B35A7F32396AC6B7444566327DBB4DF06FD9616744F4D3A397EB3B0A3FBA8D763702883ED742FE5CD2
310
4146D8E353ACCF811C806AE09914D8446E93840FF4D6C963FF32BFB6AB015D1D3B0C9A0968776F021F21404B6260CF84A14F35180CE20B5E85BDA2EC91FD5A7DBA7E5705F4F0F97AF26CE18E3BA078138202400A62930FA6CC7882F911A92F33E547E64990B0F27323D73B6222863F86425153FA8009361C675554C25382CE
310
148420C8DCC47A20122806CA178A0918C14CBD33440289078A00EC6070184CA9907FD0A1270478E0B325B67C2193694EDB7DD0F3C238447C8A11485562FB4902134E6AC952FD5320A4F7C780882DA9684285CD81D278C0E8FF8DEC9F45D22DC3C2CA99C2728110888799575B6834BF22B0F01EDE72D7F21B672C40F0A97299
310
9E2200B7C91403F9BB3D09C01990819238CBAE5E7510D7D57450507E3DB04AAA0A3C280064E0775380C8C16EEA4834346A04BF0CE847B4B3AF760D06D24BBB267C32E2C9257DE5EB748AD101AF1FD33265E2B674EED8C01A0AC901392211011AC810560F77778E85B13BAFE3E25C95B70919A4862C15928BD8989664AD8638
310
101D009A80F00BDC41AF27602A4BDA0C077E550048E7F1011410F01405045E1C140B4D0E70E0F6E034171C3D6FD12004FCC1FA304312518910356628A4A326EC9ADF5DFFD1B2C0399503F14B4F8E3E0E4E39A06ABCB56A8014687E86E462BDDE5124615ECDB412B7314F62E6E0C76ADEC0F717B360E741960104CF1706CFA1
310
8E0605004B01AE007869B095ED92144A807841EFF2811C047889A04901C809062057192688C92346F97F279449F89B113500BAD282D1DA80A55C27EFFE02C8D4F395003F285B617BBF0831F49B055342DDDD414378E8888E92C16789F269A27C9A221FAA4A0DFDDB9F935B2ECC04DC51481558A69301E0460B02665AC4DD30
310
C03D480866C3409400051811876014C0F294C542821AB045011A3E3F09001FF304E3A0BED05CC11A811B865001769507FC01ADC611F400CF68C7B093606E30F3C7E0F00C1D10C31951C1E2D7252181DA00345842A19130715C736EC9ECE686A712FDB31E4D3E50AB336E5666D7B212C0113C4A4406029709B43D0228F3FBAF
310
49921B19CA0C82A2D5BC4A2079809240F37D3E10F9637607C3983F0458508A98B8B4EFC92AC13530180CF55359500080061DF59B98BB3FEACEE881DC8127F182A885A86FB12B43C590A4380504E32305E3148BBEEB2D2782029765428092545BA5C2C681FC5F8E869C0EE1034A822FF09A12C94084505AA868080303473F81
310
61F7AA0A6610745E280BE4427FB770106F8800EADABA19F453210435BDB2348471B13B65F2FCB554827632C4C44467333E4127095D22092ED492009930413251B5408345065065E415266E20279A40B3F520370BE2050C8360E6BB4601C1673B9BFE007EF5200B6483CD195400A783E6DEA0653515B0FCE8E86D1618FC1EFC
310
15C2E727F24F2A2DAB57326D8D0877D4E298894E7A0C3C7D9CE8A0E2D17AA2020FA1097D6372F2A9F955060FDD467AD0426368C24A8340FD0D6687A76316DEF5179ED9042005A2BF02A5DD810A4DEFA4A8F700EFC50FF4FB8C06410F0303C106ADF8852ACC6A2CA9046E9ED070739339857222CC009E206479886EA26227BF
310
7A341A15C351A8404A6C10080A2140FA4B4E8D9B9A11645899332363FD69887F436A660566964250FD752E787B64BCF8E6C8190DF8EA0C854C062D8A5A1346F810414313E606ECA0AC3A01D6928544029D5F42E202C0CB386F880F7842A31287061F32F3CBE09F2950783394F2F2B23D85386C6F51943E99DD10C8A0000BA9
310
569A14805693274BD0E4F4DC3F28E331EEA91C4F33ABE057889BFB92819187840A08E57A276A8BFCB75B0342668C70C565C8059996D209C2800941A21FB82B2F520BC2E6FE6F1A8827043DE17000DACC8193E78BBB8DF1467978C06F6AFE986123E3A95272CAC122046F4C65C4B88FED2F1CD1D918F7CDBF8903BF1A90057D
310
42F4DC133AF804ACBB58446A0DB78806FC053FA1E45D0AF1112613CC0DD976C5E70AD3282F42725C0D02AC8588DE451B1C01ABF063E7748A3882F0DD484BB78D037F9812240EB88B6034C0AD53E5116D4C6D920C6A89F084E6D0598AD7EB6930CC7B293E27A666E5CDFE9A3FA52FEB3C97976FDAAE9A60008FCA6B33099CF9
310
880D35D419FC687D424378E3099441E110C5B3C6DC311E6653514A67A530D863326C4D8430E0C28024803B5B069B0E60C10EDB6DF087034171DF01F1F3404B27B1056D8C0E56E7CA6056E7798147BE4C2F01CED5987E413AC6A724876DE3F599E0601CE7B9CEF3BEB3671E12DCE8AF9631B8031D3F360B6955DC2342B2A0E4
310
632A00264C0DA002220CFEC3E10D9BADC8904D88DC51928593AA16C91DF6FFF82B3234404C7214D0F8608E0052283EFB2B0563F1D072936C4017706010BCF1B16CDE0C1FA9C777E44E1F5259B0C9BBC8794A82A6C182A3AF56B16921405351FDDC91B5BAAA617860E8D76C97C377FE701A4EB4378FA97C2C8E3CC8950886C6
310
FD93AF70A1F5F676B7ED16CBC56AF5D09110EEB8607CC08A795882358280DDB98AFFE7087C6EB593D62F041CDB4018935238E73F1098100D0C8769818F777057F64C703C6530E142FDF5C837AE1CF66C94C4887D3A3726AB990DEA248F73B5D32C8E04F6714B1E67C53FC52040252E605B322407CBF8C7F05453462A295ABF
310
4D95592DDD76AC23512E9A2DF964715C80DD752CA8E263AC36F02C3C28A133EB22AC8D099BDEFDE28C3E8FFEE3815D5D00C17C00511058354D62443C1A546280E43572A9C661A34FA5891F8E7570608C8DF21DF51DF9D2A84D4501F41B8CD4F4C9DEB2F901E810C0E4CEB6EC08DFB06341C864CF8D0EEE779A606545E1E64A
310
AF30A4324C20FDD3BD558BD966BA994FA915CD162B1978642AD01694E533EC190368A68234657085B5F88E27A0805E04B8BB6A00A51646EE3C10A50FF007FF410F1963CA69BE2002F0F902E701AEC995FD41F83A3F0C3809A3288A083003A6CC2A20E6D703EE48E3777AC07ADD51EB6101603A9FCF17B3D5928F6D742EE7E4
310
CF38AE2B03C5FB39C81D7B2978FAFE85AF3D2710B0582C970F0FEB0E4D1103B8BE2B4D560CA10002FC8F334C891C07B44FE06B2E3ACE5E1E2D1FC32203110ABF9CA0E8381F68EC3C06701328E5A38278A5FCD944CEA5283DA933DF2A2448BD23F1C5D8BE04CC2DC3B43B3EEC29F8B5FF926D11D3E97EBF7FA1BD1E5E5F5FE6
310
D3D972F548547783146ECD84873F377C5820F7F9FCE5E07378D6CBCB7E036DF7F7104079A05B77C6942D1BA95D47424BFC3DB6411009A42E207871B7EE9B06614BBD20F22F7523FB985F3F7068E37600273A3ED0C1CCC380F6EC4AF01CC1CF95E4848B7BF950AD14C44F10460221E02D21D01DAE800F323704C00035DFE97C
310
B37F797D3D1C0E4FBF35EE1E5E9E0E879FBF3DF6F474780A01FB3DAF01FE0C0798218007C2090A3008BA7682A338F4A8804A06CBFE6A80CEC766F49853F15B2F45FCEA3F8250012841315016E75E797EFEEC4ACA6C79F515CF1738F7C36E2406071051043817C9E8C5888D49D0332E800062FF54FA562BF7446CC0BFDFBF86
310
03D1FEFCC9F7FFB5A7F000430755C2D3F72F2D02A022820897ABDD44594475BDCCA4A10AF34C06B08B4AB58BBFAE30999DC66C7CE903A83CF8EB006EEEAA063430F84B05F0ECF644825F5E95073870E72A0771AB89B080022A0C5A9FAF34C89286257FB7BEA000EC65B59750C68E0815B0D9834B15606328F80709DE09018A
310
C2A7817F83F96DB3D562C10A0A31300230CD4200B87F85808BAF64D04600254047F9C14DE93464009E7F5AABB4FDD6D55142A2C0BF1541FCE19C20C899BF4F76AB54B84CB97F88F48ECC029FD253F0C70DF4816B9AC94BCBD653B1A283C4001A0337955E4AFED3FB790B6B1F5EA0B5514074103A38D84280EE0F5F9BE974EA
310
B2D16AB1EA969684B6E4166CA28264B300474C7308D20013B204A65F82970718D05678B3315D442E1C0A327E2F56556040C005D2FAB1326A68A07507C9E46A3648555A7080F5F50219A00E6222E3E0862CE95B5680930530742F1D041805E69B788161F015944D041182B861A2C17F3AF01CF5BFDF6C343F9171F5B004BF59
310
C016719164B888EA206A02AD05E8464D06B48E4381A0E9345FD171625AC22198F57C003BEA5510F81FF78D31C9B033D0030000000049454E44AE426082504B030414000608080057233D5D51464CB48900000043010000360000006662782F44434545333332392D323634452D343539452D424139412D4538334232444142
310
363132462F6469726563746F72792E786D6C9D8F310EC2300C45AF127987122606C71DD918B841D4B851A43646695A717C52A85029031293A5A76FBF6FACEF7DA7264E43906840EF0FA03836E242F406C6DCEE4EA06AC22492573150D1F66C60C640E8938CB705396EEDD86DE9B5042FE27813D640EA63BB001C722AF6E55C
310
B61E4863F58284D5D3F53DD715CE1C3985E63FD7F1B7EBDD617E9F1E504B030414000608080057233D5D76E585973A0700004C1C0000340000006662782F44434545333332392D323634452D343539452D424139412D4538334232444142363132462F6F626A656374732E786D6CDD59EB6FA33810FF5710F7190890B4CD2A
310
CD2ACF55B4D7DDD5467BBA6FC8214EEA2B2FD9D026F7D7DFD8D8045392D07D48AB4BA58618339EF9CD7B18BD3FC491F18C292369726FBA76CF347012A65B92ECEFCD22DF5977A6F17E6C8C689AE6B57DA691A018DF9B7CD91C8FF6342D32B9B4C53B5444CDD5E5F46F838538C1A6114688B17B93858F3846362AF2748BD993
310
BD4539B2F7BB83EDDAE5469DEC9EA2ECB1715486284E726015D613A0223970F59F2092331E397C83B6CDEFB6CDBBB0CD1182EB8C9284E528095F71D538CE3BC355E338DFEDCF17DE60680DFA7DDFEADF78AE355D4EE7967BEBF76637B3D970B2189AC678B449D3A8524086932D68F1688EDD91C3EF54E24B14DAF80ED324C1
310
A144B36DC3164BBA04B326261AB0AE10ADA69052D6DA82DF51F833DB3A81A2B1A4A1AD8453DF75EB4D37FF0008AC8B955286B995B39C82AE25F6A53FF4464EB9AAE98530234639A60445464436145150106C2D15A491E1DEC249191C33A14545AFCE2B18F6755F6AE372574411F75F732C3C2D007FC439139C917F313D715F
310
3F0D7802690B92E47752D8FC980189E1C8118BE53DDF93374B208D5D84F6602D2026DFE47B0DBC663C16ACE6E6F8E3727358F3F8D07E7846D30CD39C5B9E7066E9774A8335D302E3EB004A89ABAEBB132A5F01FA4F807CC58B3102CD5172E81FFA4A768A12B64B690CDA317A86D5837F3D835FBEBA1A39D5C363C3D062E539
310
4CC16D7F12A69A18DAD93548C7A36730FA94FA52B8758822B0E90792703F074331A2149620DEEF360773BC82600A8BF0148A407AF81B39FCD280AF920EC49B8686DAC26F0745298769FAD949571FC06628092B5569329EC377F053F09DCCD71FD705DDA1103F48C79EE31D49480EC9B49D210D74CDE5BFAD3E098F9C1EFF44
310
C7BA0F6ABB4238679FF2C0D1A297B5D48B211403ACF03C5CAA46AC3C1070F72842094E0B26D7DB02559846290D36C7A0F4E1D6B3FE5246501E262DA0359841760F29C93828E658AAAB8A84F60927062686A834C17DA9D66053C45980E2B44878AC7D6D8B4D3E20D0705304AA829AB26CE5B68AEC96EC760583E8D54A72A601
310
291D5A112E4DBC0F81AC8D5F8A771441164D93804012066F693D413BA002EF32CF0C47BB80445111073B1241220962949DA1DF51827AEA7AC2C797946E5B09EA96A59C52D910075C02AB4052E9AA0CFA52A7143F135E678A84A6D281B64316A2E6B87F265FF054D102A8324661E6BEEFDDDEF903CFBA9DCCE6567FEE4EADC9
310
72D6B716B78BA5DF9FF6BDE164D9E45385AB7AC20355F23A47F3BFFCB18837092211DCE062A36DF6EEBD489FF70EC446673E5B2CE0FCA1E5DDF417567F305C58D3C970622DEEFCA9379F4C6F5C6FE950CCD2828698399ED30B944966C9FE1C578ABBD74114EA9AEBD94EE9AB29CCFF37887E6826054D89BF6B10AD62574B45
310
D83588F2479B2114854F3C470521947DADEED308A24D3EDAE2DC1BE372CFF67BE2E3BA43AF37F4EE868341C7B0274EFAE148D7264308AD67910769864292B7A7D406321D597E5376B17D775062A3FE7B9E0178755EAD98BA9C9924530189D11E073BC41B8B96507A4DE2D6ACB78F52C6488299680C5F158C0D9A3D1BEA2F3D
310
4BB7982D61418C73F43D162B3A8D861740348F026861733E44B85A47542E209B96731479C30CA95EC87F0C188AB3A86C8EAF61E07A0A02D516B55928679A1FF10CF619A03CE86DB198755CA35EB1AF2A8A56AD35A90FBF9BFC19785425F40BE15147742FB6EC813BE49F3B08433703D7BFB9AD54710D2D7558CE9BBFA88076
310
353C062F98EC1F3B15A7DDB4522BF3CA423CC731F4BE282F68278FBD8168A26C4B09242343C3256A27BDB1A0144D9F6AFBE030D1F59D2B896BC740ED4A12188E7512E49514AD462C742106817CDEF506CF56D85CA5FAC311F39757D975F78BC5C4E83A0E5061972158C61FAD0E6FADD4B51A8ABDA03C8450BA16DFD6143C62
310
8BB7A7664E23D756D6AB9AF65AC5BDE2213586312FE291F6815F445F11A81A5A6EE6C842CF29D7573CB5D930D13EF1A131ADD3FAFC61DDA0022B9D9FFEC231C22F0D0A7275C63BE80BA4BEAD4E8382060529D1B7D585C77F8B2E4429B0367B8311324B2302937CBC35F63885FC0DA38A0E1D0A8D311379198C570629F51AA1
310
C3D3CFE52036479B483D1D3E22986647B27F2B4298A442CEBC37E5BAF107CC4EF9F8524CB4EC2768DD640C338D82927B132C3627D0A1D91B98818989A3A0DE98718263A364CF337EF954F5FBF4184707A2D249AE6A4F175CA4649A3341299C89970B50F79537C6A3EF175DB163A01C2E37455E09735A38492341506F114AE1
310
6054F824E13D404971592ED7167B34483A8DF32FDA4149D5CA11DD8B997C0DEFC9FC8BC3C7E9ABCF4616157BAECE4B1DB346C9E29D7A549493AB111886143343BC8A9CBD73BED014DE4BC5C692801138B3348ED344FE98C8F75AC6FA11DE526D1D3521644EDF110303F90A20D820866DB4654FB0001AA584CF514B6435BD57
310
41B4A677A508AE02784CDBBF9A1BB228AA0D53EAD196A322E6FF06F80F7FEFC3BDA5BEA136AC041700AEC4CDD3855A18391406E6E3FF00504B030414000608080057233D5D40D90B02E2000000550100003C0000006662782F44434545333332392D323634452D343539452D424139412D4538334232444142363132462F72
310
65736F75726365732F322F636E782E786D6C4D90CD6E03210C845F0521F5B82C5945691379C94BF4D44B445987A2B078C54FD5BC7D20A5524FB6663E59E381F3CFEAD937C6E428CC7C272467180C2D2ED899977C1DDE383B2B8844F91FC659D02BCEBCC95C818D54B62E2D78D5C537D5BB70EBA2BC580C189DB96CC17266BC
310
4E69E6C97CE1AA852E99164C37B1E8ACC54E444C54A2C17A22BB15FB091351675CB89AE47418E471988EEF727F9A0EA7FDEB078C8D54F049E43BEF42C648DBCB240DD535D44412C6062828D175AABD518DBF78A2C683B1DA0A528EB5838EE5FB5631B76A8BE313F975158CEDC93A9E0DD4D90A510F504B0304140006080800
310
57233D5DFF15A4A45D000000800000003A0000006662782F44434545333332392D323634452D343539452D424139412D4538334232444142363132462F7265736F75726365732F636E782E786D6C4D8B3B0E80201005AF42B6F75B59F0390B113044D83508C6E30BC6C26AF226F3B8BA6360974DA7271430F523308B2B198F
310
9B80925DB700539227A2FCCB80A18E5640D320F996A81C9F32D6E9129A0D1EF74FCE750E6D57BC7165FBCA07504B030414000608080057233D5DD97991A64301000056050000300000006662782F44434545333332392D323634452D343539452D424139412D4538334232444142363132462F636E782E786D6CCD94C14E03
310
2110865F6543E27197EDA6A9D6B034F1E0137830DE5876BA6259D8C060ECDB0B95B61AD3E8A1497B23C347F2FF333FC3561FA32EDEC179654D4B66554D0A30D2F6CA0C2D09B82EEF48B1E2CC598BDF30521831424B52997036381BA65CEA612D824E55ADCC261705A2535D40F0A4905A78DF122F5F61149508687BF09BAA17
310
28AA59E5C0DBE024C4F7A846C8EFA50381D013DED4CDA2AC9765B37CAAE7F7CDE27E7EFBC2682239EBACD5995706C1D9E9A6A9A58D4713E5D48C2680B3E054A69207C28FDAAA4E1946E33D673EEA3543E6703B256E9AB4920263A3A89508584608C4C8E817CC194D8E7FF87E7C783E6A88A75E399068DDF6626D989D6AC341
310
5A1513F1BF2EECC0BFCCDBEE2D5ABEDCDC4F1ACEC2CE66779F5C1FA3FB3B09314FC20CFA1A3FC041DAF9F31F170B2A798DA6F7CACEE499EE56601C7CDA88FC13504B030414000608080057233D5D091DE9B27F000000A30000000B0000006662782F636E782E786D6C4D8CD10E822018465F85FDF7548239D9100749EFE112
310
1D13A191B41E3F685E74F56D67DF39BCFF6C0EBD4D7CD9E03BA84E1740C63FC264FDD241DA67DC02EA058F21EC7F37407EDC4C070583E04B0CE979A0C9CC6372853AEBD7030E37AD29250C93A6D6B8BE328D956412EB962A3248D554E49E8D7351F2FC7A794B5E7C01504B030414000608080057233D5DA6D797065F000000
310
8200000007000000636E782E786D6C4DCB3B0E80201045D1AD90E9FD7516806B51190811670C8A61F982B1B0BAC9C97B72CA7B1037C6D3332918DA1E04D2CAC69353902EDB8C20262D23F3F59B81A079470595414B17391D1F19B4730A5583A7ED43BBE4025D9592775E5ADFFA01504B030414000608080057233D5DECFD11
310
2DA800000026010000130000005B436F6E74656E745F54797065735D2E786D6C7D4F4B0EC22010BD0A61DF525D18634ABB506FE00510A79458060253536F2FD89D5197F3FED3F68B9BD80362B21E25DFD40D6780DADF2C1AC9671AAA3D677DD75E9E0112CB5A4C928F44E12044D22338956A1F003333F8E814E5331A1194BE
310
2B0362DB343BA13D122055543278D79E6050F344ECBC6478EDCD76CE8EABAE5449AE4298AC56946789C28AAFBEABC53F3EAF09A84A1441B91F0101CD4780756578C173A578FFDDBD00504B030414000608080057233D5D3DEE336E64000000790000001B0000006175746F6465736B2D64657369676E2D7061636B6167652E
310
786D6C35CBC10E83200C00D05F21DCA56CA76D41FC96062B120735B69A7DBE268BB7777961F8D5AF396893C2ADB70FE7ADA196782C2DF776D7A97B5933C430F15651E5469C55D70F80A4992A3ADC954792C525AE70A1E4D6AD9816CC044FEFDF01FE3FDE907802504B030414000608080057233D5D30BB970EF30000008E01
310
00003D0000006662782F44434545333332392D323634452D343539452D424139412D4538334232444142363132462F7265736F75726365732F322F636F72652E786D6C8550CB6EC32010FC156BEFD8063FEA4498C86DE52FE8A93704C44589C1E251F5F30BB12BB5A79E76353B33BB3BF4F2B5DE8B4FE5BCB666045CD65028
310
23ACD4661921862B1AA0B830EAAC0DBF685018BEAA11320C8C2ECEC6ED80843541998C1A2BD50172EF558042DC533382171F6AE5258F2131FCADDCB8B8F14595B8DC798CC6A8E521D532B9E9AB560E58D7CD1893E701CDF5D4A3F6056334BC4E0D9AFB89344D437ADCCDB4CA6246835E7FB60BA778501218A9498FEA1322A7
310
B7BA3D93FEDC3EBDD32A3319F5C1A59F8FA5F9BB44A7D58EFE718B9BFCDF2D6A131A72B8ED0A0F0CA7E31E0346AB9C4E2A8FE852CD49B26F504B030414000608080057233D5DBE90B0DAF9000000960100003B0000006662782F44434545333332392D323634452D343539452D424139412D4538334232444142363132462F
310
7265736F75726365732F636F72652E786D6C8550CB6EC32010FC156BEFD806C76E126122B795BFA0A7DE106C5C9418221E553FBF90B8527BEA6957B333B3BBC34F5FEBB5FA441F8CB323D0BA850AAD72DAD8658414CF640FD54970EF5CFC4583CACA1547283008BE78976E1BA49C8D680B6A9DC60D942160844A5D73334250
310
1FB8CA5AA69819E152DFA4BAC8056B5A3F7882A764F426353ABB99B3410FA2EF674AD9F39ECCED3490DD0BA564FF3A75641E26D6751D1B683FF3A688058F66FDD9AE3CCA881A046BD940DA036187B7767764C371F7F4CE9BC2143C449F7FDE9696EF40780C2E798581378FE91FD774D3FFBB266363C736D7872280A0F9C8FB
310
40F0A6A494CB3DC25C4BA2E21B504B030414000608080057233D5D06CEE601F2000000B1010000310000006662782F44434545333332392D323634452D343539452D424139412D4538334232444142363132462F636F72652E786D6C8D50CB6EC32010FC156BEFF8815D378E3091DDB85FD0536F0888831283C5A3EAE71762
310
576A6F392D9A9D6166879CBE977BF625AD5346F750E52564527323949E7B08FE820E909D28B1C6F83F34C8345B640F09064A666BC2BA43DC682F7542B51172079973D243C6EFF1D183E357B9B09C051F19EE96AF8CDFD82CF32ADF789478B5FC4AB995CC4B011497B845658770F7513647DC1E9BD74F522426252128B15B29
310
11DDD545490BF4FC364D758DA3A66D26D4BC74131A876E40D3A11EF17918DB0ABF9322892971DEC69BF74FD275CFCA37E1BFCC61154F6456DAD77837DC140E6815F33C169414A9C0381EEDC699CAA63F504B030414000608080057233D5D9D52713554010000DD0200000C0000006662782F636F72652E786D6C8D525D6F83
310
2014FD2B867754D0BAB6419A6E8BBF604F7BA3481DA9824130FDF9033FD2F9B06E314172EEBDE7DC730239DDBB361A8519A4562540710A22A1B8AEA56A4AE0EC15EE4174A2C4686D7FB48148B14E9420C08092C668D72F10D7CA0A1550A56BB1806C188405116FFDA50403FF121D8B99B3BE63B8C53DE337D68818C5731F25
310
CEC97A1995B5679357290CA0BB5D85107EDDC32A3D17307F4308EEDFCF19AC8A33CEB20C17685791240C536265B7AA7323981535A038C5054C0F101F3ED2FC888B63FEF24992D049C9608DF7BC880677805E2F7792CCF886CFF5F5DF7C4E2A9BE1856F9E1800457EBDA9404912F2F1BF29BC6D865ED8E767D9A55D2DDC3C34
310
0A6EB5C97DA5D6EE511A59EB84A74EA3E923C95CF5CC13C16F3CF809CF730E1F14538D5F8D597FBD381BD4B73BF5C2C0D1DE23A54DC7DAC772F38A8FF321B4B1B48E73DD6AF39FE9D5EA1A66121E26FD06504B030414000608080057233D5DE3FADEA908010000B201000008000000636F72652E786D6C8D50CB6EC32010FC
310
15B4776C831F4D224CE4B6F217F4D41B35C441B1C1021CB57F5F885DA9BDF5B4686676671876FE9C277457CE6B6B5A2059014899C14A6DC616D670C1074067CE9CB5E1970C9011B36A21C1C0D9E8ECBAECD0604D5026A1C64AB583C27B15000D537CB4E087AB9A4526D61015FE962D62B889516524DB749C053DFFAC0E4E89
310
A024705AD00617474C8F6F4575A2CDA97A7A67795272B6AE5AEE565A46777DD1CA01AFEB9E10FA7CC07DD135B87A21041F5EBB12F74D47CBB2A40DA97B96A765CE7C70F1CFFB919833202FEEC997E51BC5D987B5D32E88A124B266FA025EB03C117F42AF8BFC47686D4249F783DB86074E62A007118D5383713CEA8D33B5CD
310
BF01504B0102140014000608080057233D5D0000000000000000000000003700000000000000000000000000000000006662782F44434545333332392D323634452D343539452D424139412D4538334232444142363132462F617474726962757465732E62696E504B0102140014000608080057233D5D0000000000000000
310
000000003500000000000000000000000000550000006662782F44434545333332392D323634452D343539452D424139412D4538334232444142363132462F76657274696365732E62696E504B0102140014000608080057233D5DF270F13306000000040000003600000000000000000000000000A80000006662782F4443
310
4545333332392D323634452D343539452D424139412D4538334232444142363132462F747269616E676C65732E62696E504B0102140014000608080057233D5DB5A795FFE3790000DE7900004200000000000000000000000000020100006662782F44434545333332392D323634452D343539452D424139412D4538334232
310
444142363132462F7265736F75726365732F322F305F67656E657269632E706E67504B0102140014000608080057233D5D51464CB489000000430100003600000000000000000000000000457B00006662782F44434545333332392D323634452D343539452D424139412D4538334232444142363132462F6469726563746F
310
72792E786D6C504B0102140014000608080057233D5D76E585973A0700004C1C00003400000000000000000000000000227C00006662782F44434545333332392D323634452D343539452D424139412D4538334232444142363132462F6F626A656374732E786D6C504B0102140014000608080057233D5D40D90B02E20000
310
00550100003C00000000000000000000000000AE8300006662782F44434545333332392D323634452D343539452D424139412D4538334232444142363132462F7265736F75726365732F322F636E782E786D6C504B0102140014000608080057233D5DFF15A4A45D000000800000003A00000000000000000000000000EA84
310
00006662782F44434545333332392D323634452D343539452D424139412D4538334232444142363132462F7265736F75726365732F636E782E786D6C504B0102140014000608080057233D5DD97991A6430100005605000030000000000000000000000000009F8500006662782F44434545333332392D323634452D343539
310
452D424139412D4538334232444142363132462F636E782E786D6C504B0102140014000608080057233D5D091DE9B27F000000A30000000B00000000000000000000000000308700006662782F636E782E786D6C504B0102140014000608080057233D5DA6D797065F000000820000000700000000000000000000000000D8
310
870000636E782E786D6C504B0102140014000608080057233D5DECFD112DA80000002601000013000000000000000000000000005C8800005B436F6E74656E745F54797065735D2E786D6C504B0102140014000608080057233D5D3DEE336E64000000790000001B00000000000000000000000000358900006175746F6465
310
736B2D64657369676E2D7061636B6167652E786D6C504B0102140014000608080057233D5D30BB970EF30000008E0100003D00000000000000000000000000D28900006662782F44434545333332392D323634452D343539452D424139412D4538334232444142363132462F7265736F75726365732F322F636F72652E786D
310
6C504B0102140014000608080057233D5DBE90B0DAF9000000960100003B00000000000000000000000000208B00006662782F44434545333332392D323634452D343539452D424139412D4538334232444142363132462F7265736F75726365732F636F72652E786D6C504B0102140014000608080057233D5D06CEE601F2
310
000000B10100003100000000000000000000000000728C00006662782F44434545333332392D323634452D343539452D424139412D4538334232444142363132462F636F72652E786D6C504B0102140014000608080057233D5D9D52713554010000DD0200000C00000000000000000000000000B38D00006662782F636F72
310
652E786D6C504B0102140014000608080057233D5DE3FADEA908010000B20100000800000000000000000000000000318F0000636F72652E786D6C504B050600000000120012002D0600005F9000000000
  0
XRECORD
  5
17
102
{ACAD_REACTORS
330
12
102
}
330
12
100
AcDbXrecord
280
     1
270
     1
271
     1
  0
XRECORD
  5
16
102
{ACAD_REACTORS
330
12
102
}
330
12
100
AcDbXrecord
280
     1
270
     1
271
     1
  0
XRECORD
  5
18
102
{ACAD_REACTORS
330
12
102
}
330
12
100
AcDbXrecord
280
     1
270
     1
271
     1
  0
XRECORD
  5
15
102
{ACAD_REACTORS
330
12
102
}
330
12
100
AcDbXrecord
280
     1
270
     1
271
     1
  0
XRECORD
  5
24
102
{ACAD_REACTORS
330
22
102
}
330
22
100
AcDbXrecord
280
     1
270
     1
271
     1
  0
XRECORD
  5
23
102
{ACAD_REACTORS
330
22
102
}
330
22
100
AcDbXrecord
280
     1
270
     1
271
     1
  0
XRECORD
  5
27
102
{ACAD_REACTORS
330
22
102
}
330
22
100
AcDbXrecord
280
     1
270
     1
271
     1
  0
XRECORD
  5
26
102
{ACAD_REACTORS
330
22
102
}
330
22
100
AcDbXrecord
280
     1
270
     1
271
     1
  0
XRECORD
  5
28
102
{ACAD_REACTORS
330
22
102
}
330
22
100
AcDbXrecord
280
     1
270
     1
271
     1
  0
XRECORD
  5
25
102
{ACAD_REACTORS
330
22
102
}
330
22
100
AcDbXrecord
280
     1
270
     1
271
     1
  0
CELLSTYLEMAP
  5
670
102
{ACAD_REACTORS
330
66F
102
}
330
66F
100
AcDbCellStyleMap
 90
        3
300
CELLSTYLE
  1
TABLEFORMAT_BEGIN
 90
        5
170
     1
 91
        0
 92
    32768
 62
   257
 93
        1
300
CONTENTFORMAT
  1
CONTENTFORMAT_BEGIN
 90
        0
 91
        0
 92
      512
 93
        0
300

 40
0.0
140
1.0
 94
        5
 62
     0
340
55
144
0.25
309
CONTENTFORMAT_END
171
     0
 94
        0
309
TABLEFORMAT_END
  1
CELLSTYLE_BEGIN
 90
        1
 91
        1
300
_TITLE
309
CELLSTYLE_END
300
CELLSTYLE
  1
TABLEFORMAT_BEGIN
 90
        5
170
     1
 91
        0
 92
        0
 62
   257
 93
        1
300
CONTENTFORMAT
  1
CONTENTFORMAT_BEGIN
 90
        0
 91
        0
 92
      512
 93
        0
300

 40
0.0
140
1.0
 94
        5
 62
     0
340
55
144
0.18
309
CONTENTFORMAT_END
171
     0
 94
        0
309
TABLEFORMAT_END
  1
CELLSTYLE_BEGIN
 90
        2
 91
        1
300
_HEADER
309
CELLSTYLE_END
300
CELLSTYLE
  1
TABLEFORMAT_BEGIN
 90
        5
170
     1
 91
        0
 92
        0
 62
   257
 93
        1
300
CONTENTFORMAT
  1
CONTENTFORMAT_BEGIN
 90
        0
 91
        0
 92
      512
 93
        0
300

 40
0.0
140
1.0
 94
        2
 62
     0
340
55
144
0.18
309
CONTENTFORMAT_END
171
     0
 94
        0
309
TABLEFORMAT_END
  1
CELLSTYLE_BEGIN
 90
        3
 91
        2
300
_DATA
309
CELLSTYLE_END
  0
ENDSEC
  0
EOF
